time,open,high,low,close,volume
2026-07-23T22:30:00Z,28528.6,28557.0,28528.2,28549.5,2873
2026-07-23T22:45:00Z,28549.4,28597.2,28548.6,28595.5,2831
2026-07-23T23:00:00Z,28595.4,28599.2,28554.4,28563.0,2893
2026-07-23T23:15:00Z,28562.9,28572.5,28553.9,28565.0,2243
2026-07-23T23:30:00Z,28563.2,28566.5,28526.0,28551.7,3734
2026-07-23T23:45:00Z,28552.6,28574.9,28523.8,28544.6,10748
2026-07-24T00:00:00Z,28546.0,28589.6,28484.5,28507.6,17795
2026-07-24T00:15:00Z,28507.8,28548.4,28481.2,28509.4,16542
2026-07-24T00:30:00Z,28510.1,28541.5,28486.8,28521.0,13487
2026-07-24T00:45:00Z,28520.9,28544.8,28491.7,28535.6,14101
2026-07-24T01:00:00Z,28536.1,28566.6,28521.6,28528.2,15986
2026-07-24T01:15:00Z,28528.2,28558.5,28506.6,28521.2,14482
2026-07-24T01:30:00Z,28521.6,28549.9,28510.6,28529.1,17489
2026-07-24T01:45:00Z,28529.2,28538.4,28476.4,28478.5,13351
2026-07-24T02:00:00Z,28478.6,28497.1,28459.1,28482.9,13627
2026-07-24T02:15:00Z,28483.0,28489.7,28451.6,28459.8,11968
2026-07-24T02:30:00Z,28459.9,28463.9,28413.0,28413.4,10866
2026-07-24T02:45:00Z,28413.4,28418.0,28381.4,28384.6,10304
2026-07-24T03:00:00Z,28384.0,28411.2,28383.2,28403.8,9787
2026-07-24T03:15:00Z,28403.6,28426.0,28386.6,28409.9,10836
2026-07-24T03:30:00Z,28410.2,28420.8,28365.2,28369.5,13146
2026-07-24T03:45:00Z,28369.6,28384.6,28346.4,28350.6,9617
2026-07-24T04:00:00Z,28350.8,28380.4,28332.2,28351.1,9474
2026-07-24T04:15:00Z,28351.0,28421.5,28347.1,28416.2,8872
2026-07-24T04:30:00Z,28416.0,28422.8,28377.0,28393.4,9604
2026-07-24T04:45:00Z,28393.4,28436.4,28384.6,28430.2,8855
2026-07-24T05:00:00Z,28431.9,28465.2,28413.0,28457.6,12086
2026-07-24T05:15:00Z,28457.5,28466.5,28436.1,28447.4,12061
2026-07-24T05:30:00Z,28447.6,28459.7,28431.6,28455.9,11213
2026-07-24T05:45:00Z,28455.7,28472.2,28409.1,28410.7,9376
2026-07-24T06:00:00Z,28410.9,28414.4,28368.5,28375.0,9469
2026-07-24T06:15:00Z,28374.9,28441.0,28373.7,28400.8,9466
2026-07-24T06:30:00Z,28400.7,28426.2,28370.2,28372.4,8367
2026-07-24T06:45:00Z,28372.2,28412.2,28346.6,28408.5,8207
2026-07-24T07:00:00Z,28408.4,28502.8,28404.8,28501.2,12643
2026-07-24T07:15:00Z,28501.5,28528.5,28489.2,28518.2,9840
2026-07-24T07:30:00Z,28518.2,28523.4,28475.5,28491.2,9189
2026-07-24T07:45:00Z,28491.2,28498.4,28477.7,28480.4,7384
2026-07-24T08:00:00Z,28480.9,28484.5,28422.2,28439.1,11773
2026-07-24T08:15:00Z,28439.0,28487.8,28436.6,28487.4,10789
2026-07-24T08:30:00Z,28487.2,28514.2,28479.1,28494.9,8962
2026-07-24T08:45:00Z,28494.2,28499.2,28474.2,28486.2,8289
2026-07-24T09:00:00Z,28486.4,28546.9,28476.8,28507.4,10750
2026-07-24T09:15:00Z,28507.2,28541.6,28497.2,28538.0,8425
2026-07-24T09:30:00Z,28538.2,28566.7,28528.5,28561.1,7396
2026-07-24T09:45:00Z,28561.0,28569.2,28545.7,28564.8,5954
2026-07-24T10:00:00Z,28565.0,28570.6,28524.2,28528.6,6365
2026-07-24T10:15:00Z,28528.2,28544.0,28519.2,28532.9,5721
2026-07-24T10:30:00Z,28532.7,28550.5,28502.6,28512.2,7014
2026-07-24T10:45:00Z,28512.2,28521.9,28498.4,28504.2,6961
2026-07-24T11:00:00Z,28504.4,28531.8,28496.8,28521.6,9409
2026-07-24T11:15:00Z,28521.7,28528.5,28501.9,28507.5,7228
2026-07-24T11:30:00Z,28507.4,28514.0,28481.6,28481.7,9145
2026-07-24T11:45:00Z,28481.6,28563.8,28467.2,28544.2,10971
2026-07-24T12:00:00Z,28543.5,28560.4,28490.5,28555.0,13117
2026-07-24T12:15:00Z,28554.9,28559.7,28518.2,28551.6,10336
2026-07-24T12:30:00Z,28551.4,28553.6,28489.4,28493.8,10288
2026-07-24T12:45:00Z,28494.2,28500.4,28453.4,28456.8,9199
2026-07-24T13:00:00Z,28457.0,28467.4,28436.8,28456.8,10730
2026-07-24T13:15:00Z,28455.4,28480.6,28403.2,28405.4,12681
2026-07-24T13:30:00Z,28404.7,28487.0,28323.8,28350.1,40945
2026-07-24T13:45:00Z,28350.6,28374.2,28179.2,28189.2,38437
2026-07-24T14:00:00Z,28188.4,28316.4,28171.6,28286.4,38527
2026-07-24T14:15:00Z,28286.2,28297.2,28165.0,28256.4,36703
2026-07-24T14:30:00Z,28257.2,28260.4,28128.2,28152.6,34832
2026-07-24T14:45:00Z,28153.2,28325.9,28119.6,28313.9,31397
2026-07-24T15:00:00Z,28314.0,28374.7,28220.0,28358.8,34766
2026-07-24T15:15:00Z,28359.0,28421.6,28322.5,28365.4,35199
2026-07-24T15:30:00Z,28365.6,28442.5,28349.8,28370.8,29190
2026-07-24T15:45:00Z,28371.4,28448.1,28356.8,28441.6,23910
2026-07-24T16:00:00Z,28442.2,28495.8,28414.9,28439.0,19835
2026-07-24T16:15:00Z,28439.2,28458.2,28418.0,28430.9,17524
2026-07-24T16:30:00Z,28430.8,28434.1,28360.4,28364.8,20096
2026-07-24T16:45:00Z,28364.2,28376.1,28326.0,28359.8,21057
2026-07-24T17:00:00Z,28360.4,28367.4,28292.4,28324.0,21743
2026-07-24T17:15:00Z,28323.9,28386.9,28306.2,28379.4,18143
2026-07-24T17:30:00Z,28380.0,28409.2,28328.2,28329.2,16506
2026-07-24T17:45:00Z,28329.4,28366.4,28317.1,28331.4,16045
2026-07-24T18:00:00Z,28331.4,28351.1,28285.8,28293.4,15130
2026-07-24T18:15:00Z,28293.8,28295.0,28198.4,28202.4,16953
2026-07-24T18:30:00Z,28202.4,28211.4,28124.2,28141.0,20562
2026-07-24T18:45:00Z,28140.9,28192.8,28134.6,28166.8,19676
2026-07-24T19:00:00Z,28166.4,28193.4,28085.0,28086.6,21307
2026-07-24T19:15:00Z,28086.8,28131.2,28078.1,28118.6,21331
2026-07-24T19:30:00Z,28119.2,28168.2,28104.2,28139.8,23136
2026-07-24T19:45:00Z,28139.4,28159.0,28089.8,28148.6,21556
2026-07-24T20:00:00Z,28148.5,28168.4,28125.4,28156.4,9738
2026-07-24T20:15:00Z,28156.6,28194.2,28156.6,28169.6,5516
2026-07-24T20:30:00Z,28169.7,28172.7,28150.4,28170.2,4404
2026-07-24T20:45:00Z,28170.6,28178.4,28154.5,28170.0,3279
2026-07-26T22:00:00Z,28511.2,28516.2,28444.6,28478.5,6898
2026-07-26T22:15:00Z,28478.6,28512.4,28461.4,28488.1,4872
2026-07-26T22:30:00Z,28488.0,28506.0,28484.2,28492.0,3538
2026-07-26T22:45:00Z,28491.9,28500.2,28469.4,28475.0,2637
2026-07-26T23:00:00Z,28475.6,28503.4,28463.5,28495.6,3631
2026-07-26T23:15:00Z,28498.1,28502.1,28476.0,28482.9,2422
2026-07-26T23:30:00Z,28482.4,28534.4,28475.8,28519.2,2979
2026-07-26T23:45:00Z,28519.1,28596.2,28503.0,28593.6,10031
2026-07-27T00:00:00Z,28593.5,28598.0,28481.9,28527.9,18076
2026-07-27T00:15:00Z,28527.2,28528.5,28447.5,28482.5,17940
2026-07-27T00:30:00Z,28482.6,28521.2,28462.9,28464.0,15219
2026-07-27T00:45:00Z,28464.1,28520.5,28460.6,28463.2,15619
2026-07-27T01:00:00Z,28463.2,28499.2,28431.5,28438.2,17191
2026-07-27T01:15:00Z,28438.2,28446.6,28391.6,28403.6,15772
2026-07-27T01:30:00Z,28404.0,28486.5,28400.7,28454.5,19839
2026-07-27T01:45:00Z,28454.4,28479.4,28437.1,28479.4,17363
2026-07-27T02:00:00Z,28479.2,28492.6,28452.2,28474.4,15683
2026-07-27T02:15:00Z,28474.2,28517.5,28470.7,28504.1,13184
2026-07-27T02:30:00Z,28503.4,28520.8,28471.2,28512.6,11964
2026-07-27T02:45:00Z,28512.5,28523.2,28476.4,28479.4,9673
2026-07-27T03:00:00Z,28479.2,28509.4,28470.2,28508.4,10042
2026-07-27T03:15:00Z,28508.6,28515.6,28483.2,28483.7,9008
2026-07-27T03:30:00Z,28484.4,28501.6,28464.6,28484.0,11845
2026-07-27T03:45:00Z,28483.6,28492.2,28458.2,28478.6,10610
2026-07-27T04:00:00Z,28479.5,28489.9,28462.7,28485.8,10894
2026-07-27T04:15:00Z,28485.7,28512.0,28472.4,28485.2,10461
2026-07-27T04:30:00Z,28485.2,28519.0,28474.6,28513.2,8699
2026-07-27T04:45:00Z,28513.1,28528.1,28503.2,28509.5,7939
2026-07-27T05:00:00Z,28509.4,28539.5,28503.0,28534.7,9426
2026-07-27T05:15:00Z,28534.6,28548.8,28529.7,28544.5,7659
2026-07-27T05:30:00Z,28544.4,28569.2,28539.2,28552.1,8406
2026-07-27T05:45:00Z,28552.0,28569.2,28547.2,28560.0,7949
2026-07-27T06:00:00Z,28560.2,28593.2,28559.7,28582.4,8907
2026-07-27T06:15:00Z,28582.5,28587.7,28558.9,28562.8,7077
2026-07-27T06:30:00Z,28563.0,28580.2,28559.6,28561.6,6766
2026-07-27T06:45:00Z,28561.7,28567.6,28545.6,28558.5,6022
2026-07-27T07:00:00Z,28558.6,28593.8,28553.7,28592.7,10672
2026-07-27T07:15:00Z,28592.8,28596.8,28567.2,28570.2,8344
2026-07-27T07:30:00Z,28570.0,28571.6,28537.2,28561.5,7253
2026-07-27T07:45:00Z,28561.4,28566.8,28526.7,28526.7,8856
2026-07-27T08:00:00Z,28526.9,28565.8,28524.2,28558.9,12526
2026-07-27T08:15:00Z,28558.8,28589.2,28542.5,28585.4,9438
2026-07-27T08:30:00Z,28585.6,28609.0,28568.2,28601.2,8287
2026-07-27T08:45:00Z,28601.0,28613.8,28589.6,28601.6,7041
2026-07-27T09:00:00Z,28601.4,28602.8,28585.4,28590.2,6262
2026-07-27T09:15:00Z,28590.4,28603.5,28588.2,28590.8,5863
2026-07-27T09:30:00Z,28591.0,28612.8,28583.6,28611.8,5948
2026-07-27T09:45:00Z,28611.7,28627.7,28607.9,28609.8,5270
2026-07-27T10:00:00Z,28609.7,28618.6,28592.0,28603.6,6048
2026-07-27T10:15:00Z,28603.7,28613.0,28596.0,28603.2,5428
2026-07-27T10:30:00Z,28603.4,28615.9,28598.4,28611.4,4236
2026-07-27T10:45:00Z,28611.4,28623.2,28605.0,28606.5,4288
2026-07-27T11:00:00Z,28606.4,28609.4,28573.8,28576.8,7103
2026-07-27T11:15:00Z,28577.0,28585.4,28514.4,28517.2,7086
2026-07-27T11:30:00Z,28517.4,28550.2,28511.2,28532.4,9951
2026-07-27T11:45:00Z,28532.4,28542.0,28524.2,28538.0,7031
2026-07-27T12:00:00Z,28537.8,28562.6,28499.0,28501.5,10683
2026-07-27T12:15:00Z,28501.6,28518.0,28494.2,28514.7,8497
2026-07-27T12:30:00Z,28514.8,28536.4,28498.0,28535.2,9115
2026-07-27T12:45:00Z,28534.8,28556.9,28530.7,28555.8,9144
2026-07-27T13:00:00Z,28555.8,28565.0,28513.0,28527.8,13042
2026-07-27T13:15:00Z,28527.4,28540.4,28453.4,28455.4,12215
2026-07-27T13:30:00Z,28456.2,28480.7,28293.0,28320.2,41779
2026-07-27T13:45:00Z,28320.2,28368.6,28206.4,28212.4,39259
2026-07-27T14:00:00Z,28213.9,28237.0,28096.0,28116.5,38724
2026-07-27T14:15:00Z,28117.6,28163.4,27941.2,27951.0,36895
2026-07-27T14:30:00Z,27951.2,27969.4,27804.2,27823.8,40609
2026-07-27T14:45:00Z,27824.2,28045.2,27823.2,28035.4,37679
2026-07-27T15:00:00Z,28035.5,28063.2,27987.4,27990.0,34919
2026-07-27T15:15:00Z,27990.2,28016.0,27912.2,27937.5,34901
2026-07-27T15:30:00Z,27938.6,27950.2,27846.0,27907.2,31243
2026-07-27T15:45:00Z,27907.4,27941.4,27863.6,27930.6,29898
2026-07-27T16:00:00Z,27930.4,28022.3,27925.6,27946.2,27311
2026-07-27T16:15:00Z,27946.3,28072.1,27912.6,28021.6,30489
2026-07-27T16:30:00Z,28022.5,28064.3,27981.2,28001.6,28914
2026-07-27T16:45:00Z,28001.6,28024.2,27895.6,27914.6,26271
2026-07-27T17:00:00Z,27915.0,27923.8,27862.2,27902.8,21674
2026-07-27T17:15:00Z,27903.0,27911.1,27855.1,27866.4,21582
2026-07-27T17:30:00Z,27866.5,27932.6,27865.4,27903.6,21833
2026-07-27T17:45:00Z,27904.2,27977.2,27881.8,27975.8,20808
2026-07-27T18:00:00Z,27975.6,27991.8,27956.8,27971.4,19377
2026-07-27T18:15:00Z,27971.3,27976.2,27920.8,27956.2,20259
2026-07-27T18:30:00Z,27955.8,27961.2,27893.8,27956.4,18719
2026-07-27T18:45:00Z,27957.1,28065.0,27943.6,28062.4,20902
2026-07-27T19:00:00Z,28062.8,28109.2,28042.6,28078.2,18783
2026-07-27T19:15:00Z,28077.6,28121.8,28072.4,28120.6,13553
2026-07-27T19:30:00Z,28121.0,28131.6,28049.2,28053.6,15871
2026-07-27T19:45:00Z,28053.6,28082.0,28032.6,28069.8,21122
2026-07-27T20:00:00Z,28070.0,28096.2,28046.2,28067.8,7643
2026-07-27T20:15:00Z,28067.8,28071.5,28051.0,28071.4,3326
2026-07-27T20:30:00Z,28071.2,28107.9,28067.8,28084.8,3769
2026-07-27T20:45:00Z,28084.8,28086.8,28063.5,28075.6,2901
2026-07-27T22:00:00Z,28088.8,28091.3,28031.7,28034.1,3311
2026-07-27T22:15:00Z,28033.9,28043.3,28002.4,28004.6,3344
2026-07-27T22:30:00Z,28004.4,28032.2,28000.6,28008.7,2799
2026-07-27T22:45:00Z,28010.0,28024.6,28001.2,28008.6,1988
2026-07-27T23:00:00Z,28008.4,28027.2,27981.6,28005.6,3699
2026-07-27T23:15:00Z,28004.4,28039.1,27993.9,28037.2,2764
2026-07-27T23:30:00Z,28036.1,28036.8,28005.9,28007.8,2346
2026-07-27T23:45:00Z,28008.7,28054.4,27996.9,28039.2,11680
2026-07-28T00:00:00Z,28041.2,28070.4,27970.6,27987.2,20673
2026-07-28T00:15:00Z,27987.0,28008.6,27944.8,27980.1,19327
2026-07-28T00:30:00Z,27980.2,28015.2,27936.2,27996.6,19867
2026-07-28T00:45:00Z,27996.4,27996.8,27931.3,27947.2,16093
2026-07-28T01:00:00Z,27947.4,27954.0,27845.0,27868.7,18486
2026-07-28T01:15:00Z,27868.6,27954.1,27862.4,27935.3,15946
2026-07-28T01:30:00Z,27935.2,27973.2,27922.7,27955.4,17348
2026-07-28T01:45:00Z,27955.3,27970.2,27883.9,27896.8,16474
2026-07-28T02:00:00Z,27896.6,27899.8,27859.6,27871.3,15237
2026-07-28T02:15:00Z,27871.6,27905.9,27849.1,27863.4,15667
2026-07-28T02:30:00Z,27863.6,27864.7,27827.4,27847.0,13794
2026-07-28T02:45:00Z,27847.2,27883.2,27831.7,27868.4,13503
2026-07-28T03:00:00Z,27868.4,27873.8,27808.4,27844.1,11573
2026-07-28T03:15:00Z,27843.9,27922.6,27839.4,27862.4,13541
2026-07-28T03:30:00Z,27862.3,27939.1,27827.4,27932.6,17887
2026-07-28T03:45:00Z,27932.6,27946.6,27902.6,27924.4,16035
2026-07-28T04:00:00Z,27924.4,27924.8,27854.4,27861.1,13323
2026-07-28T04:15:00Z,27860.9,27892.9,27846.4,27849.0,11008
2026-07-28T04:30:00Z,27849.2,27859.1,27836.6,27851.1,10753
2026-07-28T04:45:00Z,27850.9,27878.9,27827.4,27831.8,11177
2026-07-28T05:00:00Z,27831.9,27858.8,27818.6,27822.7,14582
2026-07-28T05:15:00Z,27822.8,27832.1,27790.6,27795.3,11022
2026-07-28T05:30:00Z,27795.4,27799.6,27752.4,27773.4,12504
2026-07-28T05:45:00Z,27773.3,27799.9,27747.2,27756.7,10924
2026-07-28T06:00:00Z,27756.8,27777.3,27715.4,27720.9,12697
2026-07-28T06:15:00Z,27721.3,27782.6,27721.0,27778.2,12857
2026-07-28T06:30:00Z,27777.8,27812.0,27768.4,27794.2,11724
2026-07-28T06:45:00Z,27794.3,27834.3,27778.3,27822.2,8390
2026-07-28T07:00:00Z,27822.3,27855.8,27810.4,27848.3,13828
2026-07-28T07:15:00Z,27848.0,27864.1,27814.2,27819.4,11273
2026-07-28T07:30:00Z,27819.2,27837.6,27803.4,27815.7,10288
2026-07-28T07:45:00Z,27815.4,27829.6,27784.4,27809.1,11742
2026-07-28T08:00:00Z,27809.2,27824.0,27756.4,27765.1,15967
2026-07-28T08:15:00Z,27764.7,27883.1,27759.8,27878.1,16711
2026-07-28T08:30:00Z,27878.2,27922.6,27850.6,27913.3,12624
2026-07-28T08:45:00Z,27913.4,27927.4,27862.8,27869.4,10070
2026-07-28T09:00:00Z,27869.3,27890.6,27858.0,27864.8,10272
2026-07-28T09:15:00Z,27865.1,27891.9,27861.1,27889.3,8841
2026-07-28T09:30:00Z,27888.9,27889.2,27843.2,27848.4,8426
2026-07-28T09:45:00Z,27848.3,27857.2,27817.8,27832.6,7219
2026-07-28T10:00:00Z,27832.4,27841.4,27823.2,27828.2,8615
2026-07-28T10:15:00Z,27828.1,27845.4,27809.0,27843.7,8415
2026-07-28T10:30:00Z,27843.8,27855.8,27781.1,27808.2,11595
2026-07-28T10:45:00Z,27808.1,27827.1,27802.2,27818.9,9323
2026-07-28T11:00:00Z,27819.1,27828.2,27740.8,27745.3,14766
2026-07-28T11:15:00Z,27745.4,27833.6,27744.7,27759.6,14901
2026-07-28T11:30:00Z,27758.9,27803.6,27724.9,27738.8,13652
2026-07-28T11:45:00Z,27738.9,27849.7,27736.4,27838.9,12608
2026-07-28T12:00:00Z,27839.0,27877.4,27825.6,27839.6,13777
2026-07-28T12:15:00Z,27839.7,27894.2,27824.7,27885.6,12668
2026-07-28T12:30:00Z,27885.6,27903.4,27832.4,27885.4,14674
2026-07-28T12:45:00Z,27885.6,27908.4,27854.6,27869.7,12316
2026-07-28T13:00:00Z,27869.6,27903.0,27850.0,27877.2,13691
2026-07-28T13:15:00Z,27877.0,27904.2,27814.0,27826.4,15349
2026-07-28T13:30:00Z,27826.6,27868.3,27604.2,27625.6,43565
2026-07-28T13:45:00Z,27625.4,27673.6,27519.1,27539.7,42767
2026-07-28T14:00:00Z,27539.8,27668.4,27484.4,27506.2,41828
2026-07-28T14:15:00Z,27506.4,27592.8,27479.8,27581.4,40542
2026-07-28T14:30:00Z,27581.6,27668.4,27545.4,27647.0,37607
2026-07-28T14:45:00Z,27647.0,27765.4,27620.9,27678.0,31412
2026-07-28T15:00:00Z,27678.2,27758.6,27643.6,27729.8,34811
2026-07-28T15:15:00Z,27729.2,27885.6,27713.0,27840.4,32762
2026-07-28T15:30:00Z,27842.0,27910.6,27825.4,27907.4,24886
2026-07-28T15:45:00Z,27907.8,27938.3,27887.2,27924.0,21664
2026-07-28T16:00:00Z,27923.8,27946.5,27875.4,27885.4,20043
2026-07-28T16:15:00Z,27885.5,27923.5,27863.3,27873.2,17848
2026-07-28T16:30:00Z,27873.6,27921.4,27832.4,27910.4,20084
2026-07-28T16:45:00Z,27910.2,27957.5,27870.8,27935.0,19631
2026-07-28T17:00:00Z,27935.2,27944.2,27847.0,27865.9,19733
2026-07-28T17:15:00Z,27866.8,27923.0,27851.5,27876.7,20139
2026-07-28T17:30:00Z,27876.4,27922.2,27829.3,27834.9,17109
2026-07-28T17:45:00Z,27834.8,27865.8,27805.0,27853.8,17183
2026-07-28T18:00:00Z,27853.6,27880.0,27795.6,27797.8,18165
2026-07-28T18:15:00Z,27797.7,27828.0,27793.2,27807.0,16544
2026-07-28T18:30:00Z,27807.2,27843.4,27801.0,27818.4,17974
2026-07-28T18:45:00Z,27818.2,27859.4,27809.6,27853.2,15574
2026-07-28T19:00:00Z,27853.4,27901.8,27852.7,27867.2,15479
2026-07-28T19:15:00Z,27867.0,27901.2,27845.8,27897.6,14516
2026-07-28T19:30:00Z,27897.8,27903.7,27822.2,27834.8,16822
2026-07-28T19:45:00Z,27834.4,27867.9,27791.9,27800.2,20665
2026-07-28T20:00:00Z,27799.8,27847.4,27765.2,27799.4,11419
2026-07-28T20:15:00Z,27799.8,27871.4,27791.3,27858.0,6715
2026-07-28T20:30:00Z,27857.8,27864.3,27817.4,27829.0,5587
2026-07-28T20:45:00Z,27828.5,27843.0,27816.0,27838.4,3917
2026-07-28T22:00:00Z,27854.2,27894.3,27843.0,27852.6,3297
2026-07-28T22:15:00Z,27852.7,27859.0,27787.2,27820.2,4313
2026-07-28T22:30:00Z,27818.4,27822.8,27737.0,27742.4,4970
2026-07-28T22:45:00Z,27742.5,27744.2,27637.7,27638.0,7445
2026-07-28T23:00:00Z,27637.9,27737.8,27613.2,27722.2,8080
2026-07-28T23:15:00Z,27722.2,27771.2,27690.6,27769.6,6211
2026-07-28T23:30:00Z,27769.8,27904.6,27765.2,27893.9,5506
2026-07-28T23:45:00Z,27893.3,27984.8,27871.2,27983.6,12978
2026-07-29T00:00:00Z,27983.7,28057.3,27957.8,28021.0,16534
2026-07-29T00:15:00Z,28020.9,28041.3,27932.8,27955.4,15895
2026-07-29T00:30:00Z,27955.3,27961.0,27898.6,27949.6,14871
2026-07-29T00:45:00Z,27948.5,27964.7,27881.4,27890.8,13916
2026-07-29T01:00:00Z,27891.2,27921.4,27792.6,27801.4,18524
2026-07-29T01:15:00Z,27801.5,27880.0,27777.6,27853.4,16749
2026-07-29T01:30:00Z,27852.8,27862.0,27759.2,27759.2,19403
2026-07-29T01:45:00Z,27759.2,27772.6,27664.6,27666.2,16431
2026-07-29T02:00:00Z,27666.9,27749.0,27651.2,27724.6,20199
2026-07-29T02:15:00Z,27724.4,27776.4,27676.7,27775.7,16105
2026-07-29T02:30:00Z,27776.0,27792.2,27739.2,27767.2,14129
2026-07-29T02:45:00Z,27766.6,27770.5,27704.0,27720.2,11374
2026-07-29T03:00:00Z,27720.0,27762.4,27668.9,27710.2,15401
2026-07-29T03:15:00Z,27710.2,27720.6,27656.2,27658.0,11444
2026-07-29T03:30:00Z,27657.9,27673.3,27623.0,27653.6,12141
2026-07-29T03:45:00Z,27653.0,27666.5,27582.8,27597.6,9541
2026-07-29T04:00:00Z,27598.4,27603.2,27557.5,27572.2,13505
2026-07-29T04:15:00Z,27572.4,27593.2,27528.8,27564.0,16423
2026-07-29T04:30:00Z,27564.2,27600.0,27528.4,27531.0,16648
2026-07-29T04:45:00Z,27531.2,27639.4,27521.4,27637.4,16105
2026-07-29T05:00:00Z,27637.2,27714.8,27616.0,27713.4,16586
2026-07-29T05:15:00Z,27713.5,27714.0,27653.2,27696.4,14102
2026-07-29T05:30:00Z,27696.6,27734.0,27666.7,27708.8,14521
2026-07-29T05:45:00Z,27708.9,27722.7,27670.8,27675.2,12567
2026-07-29T06:00:00Z,27674.8,27679.2,27617.4,27645.2,13066
2026-07-29T06:15:00Z,27645.0,27691.9,27635.6,27690.8,10734
2026-07-29T06:30:00Z,27690.4,27793.7,27689.6,27789.2,9369
2026-07-29T06:45:00Z,27788.8,27822.2,27775.2,27809.9,6367
2026-07-29T07:00:00Z,27809.8,27826.4,27778.2,27803.2,10653
2026-07-29T07:15:00Z,27803.2,27832.7,27786.2,27827.2,8598
2026-07-29T07:30:00Z,27827.7,27842.2,27801.2,27801.8,6535
2026-07-29T07:45:00Z,27802.2,27804.2,27772.0,27787.3,7669
2026-07-29T08:00:00Z,27787.4,27804.7,27738.0,27741.0,11835
2026-07-29T08:15:00Z,27741.0,27765.2,27700.5,27721.8,10367
2026-07-29T08:30:00Z,27721.4,27809.6,27710.7,27804.2,9302
2026-07-29T08:45:00Z,27804.0,27819.2,27776.3,27783.8,7708
2026-07-29T09:00:00Z,27783.9,27858.8,27781.2,27857.7,8549
2026-07-29T09:15:00Z,27858.0,27866.0,27831.8,27857.5,7949
2026-07-29T09:30:00Z,27857.0,27892.6,27837.7,27880.6,8078
2026-07-29T09:45:00Z,27880.6,27940.5,27879.6,27899.4,8715
2026-07-29T10:00:00Z,27899.2,27925.0,27884.8,27890.2,8910
2026-07-29T10:15:00Z,27890.2,27904.4,27866.5,27897.2,7621
2026-07-29T10:30:00Z,27897.0,27903.7,27835.5,27847.8,8584
2026-07-29T10:45:00Z,27848.0,27850.8,27811.9,27829.6,8537
2026-07-29T11:00:00Z,27829.8,27884.3,27814.7,27872.0,10299
2026-07-29T11:15:00Z,27872.0,27903.4,27863.9,27880.2,8218
2026-07-29T11:30:00Z,27880.5,27889.0,27841.2,27846.3,8300
2026-07-29T11:45:00Z,27846.2,27884.2,27836.5,27883.0,9032
2026-07-29T12:00:00Z,27882.4,27887.3,27815.2,27821.0,9802
2026-07-29T12:15:00Z,27821.2,27828.2,27733.5,27748.0,19248
2026-07-29T12:30:00Z,27747.4,27799.0,27725.5,27791.8,11696
2026-07-29T12:45:00Z,27792.4,27811.0,27783.8,27788.4,10036
2026-07-29T13:00:00Z,27788.8,27797.7,27751.0,27753.6,12921
2026-07-29T13:15:00Z,27753.9,27820.0,27736.6,27795.8,13442
2026-07-29T13:30:00Z,27795.9,27876.4,27717.5,27797.2,44250
2026-07-29T13:45:00Z,27797.3,27828.0,27548.4,27614.6,40861
2026-07-29T14:00:00Z,27614.8,27706.6,27516.6,27528.6,40680
2026-07-29T14:15:00Z,27529.0,27575.8,27419.4,27453.0,39419
2026-07-29T14:30:00Z,27453.0,27532.6,27391.0,27418.2,37132
2026-07-29T14:45:00Z,27417.7,27495.2,27398.2,27480.4,35698
2026-07-29T15:00:00Z,27480.5,27536.6,27445.8,27457.6,34155
2026-07-29T15:15:00Z,27458.3,27504.2,27427.5,27435.0,32222
2026-07-29T15:30:00Z,27435.2,27476.0,27399.2,27414.2,28025
2026-07-29T15:45:00Z,27414.6,27446.4,27345.0,27397.8,26868
2026-07-29T16:00:00Z,27397.9,27420.4,27299.8,27300.6,24099
2026-07-29T16:15:00Z,27300.4,27436.7,27289.6,27431.6,24215
2026-07-29T16:30:00Z,27431.7,27466.2,27368.5,27386.6,22364
2026-07-29T16:45:00Z,27387.2,27486.6,27372.8,27486.4,24308
2026-07-29T17:00:00Z,27486.5,27620.2,27478.8,27618.8,23946
2026-07-29T17:15:00Z,27618.8,27632.2,27534.0,27534.0,24084
2026-07-29T17:30:00Z,27533.8,27578.0,27512.6,27563.0,23387
2026-07-29T17:45:00Z,27563.2,27613.6,27538.8,27604.7,17988
2026-07-29T18:00:00Z,27607.8,27773.8,27607.8,27684.8,37594
2026-07-29T18:15:00Z,27685.4,27729.0,27613.9,27662.4,31438
2026-07-29T18:30:00Z,27662.6,27873.4,27595.2,27860.9,37854
2026-07-29T18:45:00Z,27860.0,27982.4,27846.6,27942.7,35462
2026-07-29T19:00:00Z,27943.0,27985.0,27725.3,27791.7,37993
2026-07-29T19:15:00Z,27791.3,27824.0,27527.2,27596.9,38581
2026-07-29T19:30:00Z,27596.6,27628.9,27344.8,27359.4,41069
2026-07-29T19:45:00Z,27359.3,27395.6,27203.2,27223.6,39977
2026-07-29T20:00:00Z,27222.9,27248.0,27093.2,27185.4,22634
2026-07-29T20:15:00Z,27185.1,27224.2,27095.3,27128.2,12745
2026-07-29T20:30:00Z,27128.4,27217.1,27093.2,27198.2,8424
2026-07-29T20:45:00Z,27198.4,27206.8,27152.9,27160.6,5869
2026-07-29T22:00:00Z,27179.8,27374.1,27177.4,27321.6,8777
2026-07-29T22:15:00Z,27321.7,27369.0,27283.1,27320.4,7450
2026-07-29T22:30:00Z,27320.6,27351.2,27298.8,27344.0,4963
2026-07-29T22:45:00Z,27343.9,27364.1,27307.4,27335.6,4382
2026-07-29T23:00:00Z,27336.4,27409.4,27332.6,27364.3,5184
2026-07-29T23:15:00Z,27364.2,27426.2,27355.6,27419.3,4534
2026-07-29T23:30:00Z,27419.0,27444.6,27387.2,27408.4,5637
2026-07-29T23:45:00Z,27408.3,27441.6,27381.9,27407.6,15113
2026-07-30T00:00:00Z,27407.9,27492.8,27358.6,27465.1,25053
2026-07-30T00:15:00Z,27465.2,27488.6,27436.4,27479.4,24720
2026-07-30T00:30:00Z,27480.6,27496.1,27374.9,27392.3,20437
2026-07-30T00:45:00Z,27392.0,27435.1,27376.4,27432.4,21430
2026-07-30T01:00:00Z,27432.3,27545.8,27420.6,27455.6,22313
2026-07-30T01:15:00Z,27455.4,27533.4,27449.8,27524.8,22529
2026-07-30T01:30:00Z,27524.7,27579.3,27521.2,27562.8,18293
2026-07-30T01:45:00Z,27563.0,27582.2,27533.8,27536.4,17096
2026-07-30T02:00:00Z,27536.6,27573.4,27515.8,27522.6,18918
2026-07-30T02:15:00Z,27522.2,27537.3,27489.6,27498.1,16554
2026-07-30T02:30:00Z,27498.2,27499.0,27445.4,27495.1,14986
2026-07-30T02:45:00Z,27495.6,27515.4,27425.2,27427.2,15789
2026-07-30T03:00:00Z,27427.0,27462.4,27371.8,27384.2,15349
2026-07-30T03:15:00Z,27384.3,27409.7,27357.4,27401.3,15726
2026-07-30T03:30:00Z,27401.6,27443.4,27366.4,27418.2,19811
2026-07-30T03:45:00Z,27417.8,27448.6,27403.8,27416.6,16014
2026-07-30T04:00:00Z,27417.6,27430.2,27366.9,27371.3,14239
2026-07-30T04:15:00Z,27371.4,27427.4,27346.3,27420.4,14925
2026-07-30T04:30:00Z,27419.6,27429.2,27347.2,27356.4,14886
2026-07-30T04:45:00Z,27356.6,27397.6,27321.0,27332.6,14507
2026-07-30T05:00:00Z,27333.3,27343.6,27307.2,27343.1,17440
2026-07-30T05:15:00Z,27343.2,27385.2,27338.6,27364.0,18599
2026-07-30T05:30:00Z,27364.3,27412.4,27350.9,27407.2,19019
2026-07-30T05:45:00Z,27406.8,27432.1,27350.3,27373.6,15153
2026-07-30T06:00:00Z,27372.8,27392.1,27345.2,27354.4,17010
2026-07-30T06:15:00Z,27354.3,27384.1,27332.9,27367.6,12629
2026-07-30T06:30:00Z,27367.4,27371.0,27320.0,27321.8,9879
2026-07-30T06:45:00Z,27321.2,27349.6,27301.9,27320.1,9560
2026-07-30T07:00:00Z,27320.4,27407.1,27301.3,27364.0,19587
2026-07-30T07:15:00Z,27363.4,27368.7,27281.4,27295.2,15546
2026-07-30T07:30:00Z,27295.0,27333.8,27237.8,27318.3,13913
2026-07-30T07:45:00Z,27317.9,27329.2,27276.2,27280.4,11333
2026-07-30T08:00:00Z,27279.4,27341.8,27223.9,27323.2,16433
2026-07-30T08:15:00Z,27323.1,27408.2,27309.8,27393.6,14251
2026-07-30T08:30:00Z,27394.0,27412.7,27374.4,27380.4,12585
2026-07-30T08:45:00Z,27380.4,27396.3,27346.8,27370.8,9929
2026-07-30T09:00:00Z,27371.7,27441.2,27356.6,27420.4,11091
2026-07-30T09:15:00Z,27420.6,27460.6,27411.0,27439.6,10913
2026-07-30T09:30:00Z,27439.4,27471.4,27424.3,27429.8,9094
2026-07-30T09:45:00Z,27429.9,27441.4,27398.8,27402.2,8224
2026-07-30T10:00:00Z,27402.1,27449.6,27374.2,27428.8,10480
2026-07-30T10:15:00Z,27428.7,27513.0,27426.4,27503.2,10431
2026-07-30T10:30:00Z,27502.2,27532.2,27492.7,27517.2,11088
2026-07-30T10:45:00Z,27516.8,27533.4,27496.8,27503.8,9372
2026-07-30T11:00:00Z,27503.4,27572.2,27498.7,27551.3,11844
2026-07-30T11:15:00Z,27551.4,27608.1,27546.8,27600.6,9840
2026-07-30T11:30:00Z,27600.7,27612.4,27559.6,27587.0,11190
2026-07-30T11:45:00Z,27587.2,27630.8,27586.6,27610.4,10723
2026-07-30T12:00:00Z,27610.4,27650.7,27581.9,27646.9,13104
2026-07-30T12:15:00Z,27648.1,27651.4,27600.4,27624.4,12400
2026-07-30T12:30:00Z,27624.4,27691.1,27601.2,27662.6,18943
2026-07-30T12:45:00Z,27662.4,27705.8,27648.6,27691.8,17044
2026-07-30T13:00:00Z,27692.6,27762.0,27678.9,27725.4,18583
2026-07-30T13:15:00Z,27725.4,27768.6,27717.4,27760.9,17624
2026-07-30T13:30:00Z,27760.8,27882.0,27699.4,27863.2,46705
2026-07-30T13:45:00Z,27861.9,28040.9,27859.4,28036.6,41341
2026-07-30T14:00:00Z,28036.0,28069.0,27953.2,27993.6,41232
2026-07-30T14:15:00Z,27993.6,28125.0,27966.1,28112.0,36018
2026-07-30T14:30:00Z,28112.2,28130.6,28046.2,28061.6,32543
2026-07-30T14:45:00Z,28061.4,28081.4,27908.7,27956.6,35711
2026-07-30T15:00:00Z,27957.9,28022.2,27898.2,27910.0,38941
2026-07-30T15:15:00Z,27910.0,27985.0,27882.4,27895.6,36799
2026-07-30T15:30:00Z,27895.7,27994.4,27887.0,27975.6,33035
2026-07-30T15:45:00Z,27975.8,28020.0,27938.1,27967.6,26651
2026-07-30T16:00:00Z,27968.0,28078.4,27948.0,28075.0,24550
2026-07-30T16:15:00Z,28074.4,28081.2,28029.4,28033.0,20450
2026-07-30T16:30:00Z,28033.2,28038.8,27944.2,27957.4,22475
2026-07-30T16:45:00Z,27957.8,28025.0,27954.8,28015.2,18550
2026-07-30T17:00:00Z,28015.6,28072.2,28014.8,28047.4,17659
2026-07-30T17:15:00Z,28047.6,28095.8,28044.6,28058.0,16056
2026-07-30T17:30:00Z,28058.1,28086.3,28028.0,28076.6,18211
2026-07-30T17:45:00Z,28077.3,28096.0,28054.6,28066.6,15090
2026-07-30T18:00:00Z,28066.2,28093.6,28056.4,28089.4,14595
2026-07-30T18:15:00Z,28089.1,28092.6,28050.9,28071.4,13306
2026-07-30T18:30:00Z,28071.6,28087.6,28037.1,28056.0,13817
2026-07-30T18:45:00Z,28056.1,28078.2,28043.6,28069.8,12490
2026-07-30T19:00:00Z,28069.6,28183.6,28069.1,28163.6,16096
2026-07-30T19:15:00Z,28163.4,28186.2,28130.8,28132.6,14091
2026-07-30T19:30:00Z,28132.6,28146.0,28108.4,28121.6,15666
2026-07-30T19:45:00Z,28121.2,28151.2,28091.4,28119.0,23409
2026-07-30T20:00:00Z,28118.2,28249.4,28095.0,28213.6,14776
2026-07-30T20:15:00Z,28212.7,28258.2,28212.1,28253.8,7832
2026-07-30T20:30:00Z,28257.6,28292.6,28201.4,28249.7,11091
2026-07-30T20:45:00Z,28249.6,28252.2,28214.8,28221.6,6132
2026-07-30T22:00:00Z,28233.8,28300.2,28223.6,28271.6,5514
2026-07-30T22:15:00Z,28271.6,28293.4,28237.5,28240.4,4881
2026-07-30T22:30:00Z,28240.2,28292.4,28219.2,28290.5,4544
2026-07-30T22:45:00Z,28290.4,28296.6,28278.0,28281.2,3047
2026-07-30T23:00:00Z,28280.6,28311.8,28264.9,28271.9,4034
2026-07-30T23:15:00Z,28271.7,28279.0,28250.9,28265.4,3006
2026-07-30T23:30:00Z,28265.8,28304.4,28249.2,28292.6,4093
2026-07-30T23:45:00Z,28293.2,28332.6,28278.8,28310.1,8113
2026-07-31T00:00:00Z,28309.7,28363.0,28284.9,28354.6,14103
2026-07-31T00:15:00Z,28354.5,28375.0,28334.9,28369.4,13021
2026-07-31T00:30:00Z,28369.0,28396.6,28367.9,28386.4,11203
2026-07-31T00:45:00Z,28386.2,28411.8,28356.2,28409.4,10475
2026-07-31T01:00:00Z,28409.5,28456.6,28409.5,28447.5,10241
2026-07-31T01:15:00Z,28447.6,28459.0,28430.4,28437.2,8613
2026-07-31T01:30:00Z,28436.7,28445.5,28376.6,28384.4,14016
2026-07-31T01:45:00Z,28384.5,28387.0,28342.8,28364.1,13906
2026-07-31T02:00:00Z,28364.0,28386.4,28320.6,28324.6,12055
2026-07-31T02:15:00Z,28325.9,28326.0,28288.6,28310.0,10689
2026-07-31T02:30:00Z,28309.7,28319.2,28276.9,28307.1,10113
2026-07-31T02:45:00Z,28307.5,28324.9,28285.2,28319.5,9356
2026-07-31T03:00:00Z,28319.4,28322.8,28284.9,28305.2,11365
2026-07-31T03:15:00Z,28305.2,28363.6,28304.4,28351.4,10268
2026-07-31T03:30:00Z,28351.9,28365.4,28339.6,28349.5,12408
2026-07-31T03:45:00Z,28349.6,28357.8,28315.2,28345.4,11157
2026-07-31T04:00:00Z,28345.7,28354.2,28310.2,28349.6,9777
2026-07-31T04:15:00Z,28350.0,28398.6,28340.1,28398.0,8004
2026-07-31T04:30:00Z,28398.2,28439.8,28394.8,28437.7,6793
2026-07-31T04:45:00Z,28437.8,28443.6,28422.8,28436.7,5906
2026-07-31T05:00:00Z,28436.6,28456.8,28425.6,28444.7,6957
2026-07-31T05:15:00Z,28444.8,28467.4,28439.2,28460.4,6035
2026-07-31T05:30:00Z,28460.2,28472.8,28427.8,28438.5,9451
2026-07-31T05:45:00Z,28438.6,28477.6,28436.0,28473.2,6522
2026-07-31T06:00:00Z,28473.4,28498.4,28463.7,28494.2,6817
2026-07-31T06:15:00Z,28494.2,28498.2,28467.8,28477.4,6522
2026-07-31T06:30:00Z,28477.4,28479.8,28344.8,28371.4,11813
2026-07-31T06:45:00Z,28372.6,28396.4,28337.6,28373.2,9270
2026-07-31T07:00:00Z,28373.1,28430.2,28342.7,28422.7,13214
2026-07-31T07:15:00Z,28422.6,28461.0,28394.0,28433.9,10831
2026-07-31T07:30:00Z,28433.7,28461.0,28422.2,28453.2,10205
2026-07-31T07:45:00Z,28453.4,28471.1,28429.9,28460.9,8731
2026-07-31T08:00:00Z,28461.2,28477.6,28411.4,28464.8,14611
2026-07-31T08:15:00Z,28464.8,28496.1,28451.7,28485.2,11816
2026-07-31T08:30:00Z,28484.9,28497.6,28448.8,28455.1,9856
2026-07-31T08:45:00Z,28455.2,28494.0,28450.4,28489.7,9714
2026-07-31T09:00:00Z,28489.6,28527.6,28485.1,28515.9,10597
2026-07-31T09:15:00Z,28515.8,28518.1,28472.0,28476.4,8490
2026-07-31T09:30:00Z,28472.7,28478.6,28420.9,28440.0,9251
2026-07-31T09:45:00Z,28440.1,28456.5,28416.8,28418.2,8723
2026-07-31T10:00:00Z,28418.4,28452.0,28406.8,28442.7,8785
2026-07-31T10:15:00Z,28442.6,28466.5,28433.5,28459.8,6718
2026-07-31T10:30:00Z,28459.1,28469.8,28449.2,28465.4,7281
2026-07-31T10:45:00Z,28465.5,28476.9,28439.2,28451.6,7313
2026-07-31T11:00:00Z,28452.2,28512.9,28450.6,28483.0,11104
2026-07-31T11:15:00Z,28482.8,28486.6,28436.0,28441.8,12486
2026-07-31T11:30:00Z,28442.5,28447.4,28409.8,28425.7,11380
2026-07-31T11:45:00Z,28425.8,28447.2,28419.2,28440.7,10101
2026-07-31T12:00:00Z,28440.8,28442.6,28364.6,28367.6,11912
2026-07-31T12:15:00Z,28367.0,28392.8,28336.9,28384.8,11379
2026-07-31T12:30:00Z,28385.0,28389.9,28319.4,28339.8,14510
2026-07-31T12:45:00Z,28339.4,28377.6,28325.1,28355.4,11778
2026-07-31T13:00:00Z,28355.2,28417.6,28344.0,28416.8,12555
2026-07-31T13:15:00Z,28416.8,28470.6,28416.2,28465.0,14758
2026-07-31T13:30:00Z,28464.2,28612.4,28303.6,28306.4,45071
2026-07-31T13:45:00Z,28306.5,28359.7,28183.0,28245.5,46960
2026-07-31T14:00:00Z,28245.2,28278.2,27988.2,28025.0,46483
2026-07-31T14:15:00Z,28024.8,28145.2,27966.8,28137.4,44131
2026-07-31T14:30:00Z,28137.2,28182.4,28099.0,28156.2,38539
2026-07-31T14:45:00Z,28155.8,28233.0,28124.2,28195.2,35516
2026-07-31T15:00:00Z,28195.2,28229.4,28101.9,28156.8,36215
2026-07-31T15:15:00Z,28157.2,28225.7,28009.4,28038.2,36848
2026-07-31T15:30:00Z,28037.6,28147.4,28003.0,28102.0,35841
2026-07-31T15:45:00Z,28102.2,28181.9,28052.6,28160.4,30985
2026-07-31T16:00:00Z,28160.9,28197.7,28131.0,28190.0,25893
2026-07-31T16:15:00Z,28190.0,28253.4,28145.4,28253.2,23330
2026-07-31T16:30:00Z,28253.4,28278.4,28203.2,28210.6,21036
2026-07-31T16:45:00Z,28211.0,28279.7,28198.0,28256.6,19460
2026-07-31T17:00:00Z,28256.0,28300.4,28249.4,28292.2,16761
2026-07-31T17:15:00Z,28292.4,28366.8,28285.2,28351.2,15920
2026-07-31T17:30:00Z,28351.8,28392.2,28332.6,28345.2,17558
2026-07-31T17:45:00Z,28345.4,28365.0,28305.6,28318.2,17996
2026-07-31T18:00:00Z,28318.0,28349.0,28284.9,28292.8,19086
2026-07-31T18:15:00Z,28292.0,28335.2,28287.2,28311.7,16205
2026-07-31T18:30:00Z,28311.8,28337.2,28305.2,28321.6,12871
2026-07-31T18:45:00Z,28322.0,28351.2,28305.2,28322.4,13717
2026-07-31T19:00:00Z,28322.0,28347.4,28294.2,28321.8,15603
2026-07-31T19:15:00Z,28321.6,28386.5,28315.2,28364.2,16203
2026-07-31T19:30:00Z,28363.6,28371.9,28323.1,28365.6,16932
2026-07-31T19:45:00Z,28365.9,28412.4,28268.7,28291.8,25390
2026-07-31T20:00:00Z,28291.4,28322.0,28229.2,28282.4,14033
2026-07-31T20:15:00Z,28282.2,28283.8,28250.6,28260.2,5852
2026-07-31T20:30:00Z,28260.1,28283.9,28244.8,28270.0,4386
2026-07-31T20:45:00Z,28269.4,28275.2,28183.7,28191.8,6673
2026-08-02T22:00:00Z,28486.5,28529.8,28470.4,28511.6,7095
2026-08-02T22:15:00Z,28511.8,28520.8,28470.4,28501.8,6189
2026-08-02T22:30:00Z,28501.8,28512.5,28483.9,28488.6,3378
2026-08-02T22:45:00Z,28487.2,28493.1,28449.2,28458.2,3413
2026-08-02T23:00:00Z,28458.1,28479.4,28433.9,28445.6,4135
2026-08-02T23:15:00Z,28445.8,28483.0,28442.4,28473.2,3167
2026-08-02T23:30:00Z,28475.2,28497.4,28463.1,28493.6,3202
2026-08-02T23:45:00Z,28493.4,28525.5,28460.6,28501.2,9318
2026-08-03T00:00:00Z,28501.0,28503.0,28443.2,28498.6,16247
2026-08-03T00:15:00Z,28498.4,28518.8,28425.8,28443.8,15059
2026-08-03T00:30:00Z,28443.4,28499.4,28430.8,28471.6,13928
2026-08-03T00:45:00Z,28471.2,28514.6,28460.6,28510.4,12972
2026-08-03T01:00:00Z,28510.4,28523.2,28473.2,28480.7,12614
2026-08-03T01:15:00Z,28480.6,28503.5,28452.9,28496.6,10768
2026-08-03T01:30:00Z,28496.5,28518.2,28467.2,28518.2,10824
2026-08-03T01:45:00Z,28518.2,28538.2,28507.0,28532.6,8144
2026-08-03T02:00:00Z,28534.2,28556.8,28519.8,28551.2,8224
2026-08-03T02:15:00Z,28551.6,28569.2,28523.0,28528.2,6865
2026-08-03T02:30:00Z,28528.0,28558.0,28523.2,28533.7,7052
2026-08-03T02:45:00Z,28533.4,28554.6,28528.2,28549.7,5027
2026-08-03T03:00:00Z,28550.0,28564.2,28546.2,28552.9,4653
2026-08-03T03:15:00Z,28552.5,28564.6,28530.4,28535.2,5022
2026-08-03T03:30:00Z,28535.2,28562.6,28529.5,28560.8,6786
2026-08-03T03:45:00Z,28560.7,28586.4,28553.7,28558.8,5185
2026-08-03T04:00:00Z,28558.7,28561.4,28541.2,28550.0,5503
2026-08-03T04:15:00Z,28550.4,28577.0,28549.2,28571.4,4065
2026-08-03T04:30:00Z,28571.2,28574.4,28555.6,28563.2,3960
2026-08-03T04:45:00Z,28563.4,28576.6,28537.0,28540.0,4308
2026-08-03T05:00:00Z,28541.2,28555.2,28522.2,28527.4,5408
2026-08-03T05:15:00Z,28527.5,28537.2,28511.5,28526.6,5023
2026-08-03T05:30:00Z,28526.7,28538.2,28517.2,28523.6,6248
2026-08-03T05:45:00Z,28523.5,28534.2,28506.6,28529.5,4915
2026-08-03T06:00:00Z,28531.2,28549.4,28519.8,28530.2,5954
2026-08-03T06:15:00Z,28530.2,28540.0,28506.8,28514.6,5876
2026-08-03T06:30:00Z,28514.8,28534.2,28499.2,28499.2,5154
2026-08-03T06:45:00Z,28497.8,28506.9,28464.8,28481.6,4383
2026-08-03T07:00:00Z,28482.9,28522.8,28452.6,28506.7,9905
2026-08-03T07:15:00Z,28507.8,28518.9,28457.7,28492.2,10373
2026-08-03T07:30:00Z,28492.4,28504.4,28449.2,28451.5,7221
2026-08-03T07:45:00Z,28451.6,28478.0,28447.4,28475.9,6718
2026-08-03T08:00:00Z,28475.6,28479.8,28407.9,28450.6,9765
2026-08-03T08:15:00Z,28450.8,28453.2,28362.1,28376.2,10204
2026-08-03T08:30:00Z,28376.6,28443.2,28361.0,28424.4,8758
2026-08-03T08:45:00Z,28424.5,28483.7,28415.8,28482.4,7309
2026-08-03T09:00:00Z,28482.7,28489.7,28432.2,28446.9,7632
2026-08-03T09:15:00Z,28447.2,28470.4,28436.2,28445.1,6270
2026-08-03T09:30:00Z,28444.4,28465.2,28432.4,28433.5,7282
2026-08-03T09:45:00Z,28433.4,28451.4,28409.6,28447.0,6355
2026-08-03T10:00:00Z,28447.1,28453.2,28414.2,28415.4,6980
2026-08-03T10:15:00Z,28415.5,28428.9,28377.9,28397.6,8480
2026-08-03T10:30:00Z,28397.4,28420.4,28378.5,28416.2,6770
2026-08-03T10:45:00Z,28416.4,28434.2,28404.2,28430.5,6115
2026-08-03T11:00:00Z,28430.6,28435.6,28356.0,28376.2,11356
2026-08-03T11:15:00Z,28376.6,28401.2,28357.4,28357.4,8858
2026-08-03T11:30:00Z,28357.5,28400.9,28339.2,28363.4,9970
2026-08-03T11:45:00Z,28363.0,28366.2,28292.4,28308.9,10059
2026-08-03T12:00:00Z,28308.2,28324.2,28272.0,28323.6,11513
2026-08-03T12:15:00Z,28323.8,28350.4,28310.4,28338.0,10544
2026-08-03T12:30:00Z,28338.1,28376.0,28326.1,28375.8,10021
2026-08-03T12:45:00Z,28375.8,28379.6,28329.8,28348.2,10854
2026-08-03T13:00:00Z,28348.2,28366.2,28329.2,28349.0,13776
2026-08-03T13:15:00Z,28349.1,28382.1,28285.4,28308.2,14611
2026-08-03T13:30:00Z,28307.6,28428.2,28202.4,28381.7,45422
2026-08-03T13:45:00Z,28383.2,28515.8,28332.6,28513.4,38135
2026-08-03T14:00:00Z,28507.2,28513.8,28419.0,28460.6,37654
2026-08-03T14:15:00Z,28460.2,28572.6,28447.8,28566.8,29870
2026-08-03T14:30:00Z,28566.4,28623.4,28550.2,28596.2,24412
2026-08-03T14:45:00Z,28596.1,28691.9,28588.6,28690.0,24179
2026-08-03T15:00:00Z,28689.9,28690.8,28636.2,28646.0,21752
2026-08-03T15:15:00Z,28645.6,28687.2,28610.9,28622.4,21036
2026-08-03T15:30:00Z,28622.6,28679.1,28620.4,28672.8,19611
2026-08-03T15:45:00Z,28673.1,28703.0,28666.8,28682.4,17056
2026-08-03T16:00:00Z,28682.9,28711.2,28680.9,28705.1,15309
2026-08-03T16:15:00Z,28704.4,28737.9,28703.6,28729.7,13625
2026-08-03T16:30:00Z,28729.6,28737.3,28704.6,28726.6,14477
2026-08-03T16:45:00Z,28726.8,28736.0,28714.4,28717.3,13424
2026-08-03T17:00:00Z,28717.4,28757.6,28708.4,28752.1,13790
2026-08-03T17:15:00Z,28752.2,28785.1,28750.6,28780.2,10472
2026-08-03T17:30:00Z,28780.3,28788.7,28769.4,28780.3,10201
2026-08-03T17:45:00Z,28780.4,28817.3,28779.4,28813.4,8813
2026-08-03T18:00:00Z,28813.6,28859.7,28813.3,28836.0,13224
2026-08-03T18:15:00Z,28836.1,28854.7,28786.3,28788.2,13941
2026-08-03T18:30:00Z,28787.7,28810.2,28778.6,28809.0,14171
2026-08-03T18:45:00Z,28809.1,28822.0,28788.2,28803.1,12459
2026-08-03T19:00:00Z,28803.2,28839.3,28791.1,28795.6,13877
2026-08-03T19:15:00Z,28795.4,28821.6,28794.4,28808.8,12117
2026-08-03T19:30:00Z,28808.6,28821.6,28795.3,28810.6,14087
2026-08-03T19:45:00Z,28811.1,28831.3,28762.0,28796.6,20141
2026-08-03T20:00:00Z,28796.3,28812.6,28774.2,28807.0,7060
2026-08-03T20:15:00Z,28806.6,28837.4,28806.4,28809.4,3015
2026-08-03T20:30:00Z,28809.6,28827.4,28805.9,28825.4,2308
2026-08-03T20:45:00Z,28825.2,28827.4,28810.1,28820.1,1936
2026-08-03T22:00:00Z,28834.4,28846.0,28818.2,28824.6,1883
2026-08-03T22:15:00Z,28824.2,28843.8,28824.1,28838.8,1069
2026-08-03T22:30:00Z,28838.9,28857.9,28828.7,28853.2,1443
2026-08-03T22:45:00Z,28852.8,28853.2,28837.6,28841.2,1274
2026-08-03T23:00:00Z,28840.8,28844.0,28826.4,28833.6,1135
2026-08-03T23:15:00Z,28833.4,28853.3,28833.4,28844.2,1037
2026-08-03T23:30:00Z,28844.3,28855.4,28829.6,28836.6,1256
2026-08-03T23:45:00Z,28836.6,28867.4,28835.4,28866.6,6046
2026-08-04T00:00:00Z,28867.1,28872.1,28823.6,28827.2,15078
2026-08-04T00:15:00Z,28827.3,28829.4,28796.6,28801.9,11413
2026-08-04T00:30:00Z,28801.6,28802.8,28760.8,28786.6,9965
2026-08-04T00:45:00Z,28787.2,28804.2,28764.4,28773.0,13547
2026-08-04T01:00:00Z,28772.6,28772.6,28727.3,28756.2,14607
2026-08-04T01:15:00Z,28756.4,28798.3,28747.6,28797.9,10888
2026-08-04T01:30:00Z,28798.2,28838.6,28795.1,28838.6,12718
2026-08-04T01:45:00Z,28838.4,28943.6,28837.6,28936.9,11752
2026-08-04T02:00:00Z,28936.8,28940.4,28863.7,28866.7,15147
2026-08-04T02:15:00Z,28866.8,28873.4,28838.9,28845.0,13765
2026-08-04T02:30:00Z,28845.3,28889.4,28843.9,28881.4,11969
2026-08-04T02:45:00Z,28881.8,28887.4,28855.7,28868.8,10408
2026-08-04T03:00:00Z,28868.9,28888.0,28828.6,28838.8,10782
2026-08-04T03:15:00Z,28838.9,28881.7,28828.0,28872.6,10121
2026-08-04T03:30:00Z,28872.7,28900.4,28854.4,28863.4,11701
2026-08-04T03:45:00Z,28862.6,28901.4,28853.8,28891.2,8599
2026-08-04T04:00:00Z,28891.4,28902.4,28864.2,28872.8,8163
2026-08-04T04:15:00Z,28872.7,28912.0,28870.4,28903.4,7242
2026-08-04T04:30:00Z,28903.4,28910.2,28891.4,28895.2,6894
2026-08-04T04:45:00Z,28894.6,28919.2,28890.4,28911.4,6971
2026-08-04T05:00:00Z,28910.9,28917.7,28874.4,28883.3,10539
2026-08-04T05:15:00Z,28882.9,28925.8,28878.8,28921.9,9145
2026-08-04T05:30:00Z,28922.4,28970.3,28920.2,28953.4,9146
2026-08-04T05:45:00Z,28953.8,28970.2,28939.4,28968.8,8428
2026-08-04T06:00:00Z,28969.2,28987.9,28963.4,28985.2,7276
2026-08-04T06:15:00Z,28985.0,28994.6,28972.4,28977.7,6501
2026-08-04T06:30:00Z,28977.8,28985.0,28938.6,28950.6,6165
2026-08-04T06:45:00Z,28951.2,28969.4,28947.4,28968.8,4578
2026-08-04T07:00:00Z,28969.4,28996.6,28934.0,28965.4,13878
2026-08-04T07:15:00Z,28965.2,29004.2,28959.0,28994.7,9092
2026-08-04T07:30:00Z,28994.8,29013.6,28970.4,28977.4,7960
2026-08-04T07:45:00Z,28977.4,29004.9,28961.4,28967.2,7349
2026-08-04T08:00:00Z,28967.4,29019.6,28963.2,29004.4,12422
2026-08-04T08:15:00Z,29004.6,29027.4,28992.7,29008.0,10443
2026-08-04T08:30:00Z,29007.8,29007.8,28956.2,28964.7,10471
2026-08-04T08:45:00Z,28964.8,28973.4,28934.4,28964.6,8808
2026-08-04T09:00:00Z,28964.6,28964.8,28908.0,28929.2,9811
2026-08-04T09:15:00Z,28929.0,28941.6,28903.4,28941.6,8558
2026-08-04T09:30:00Z,28941.4,28976.6,28938.1,28972.6,6579
2026-08-04T09:45:00Z,28972.7,28981.4,28954.1,28973.4,7484
2026-08-04T10:00:00Z,28973.4,29007.3,28962.4,29001.8,7592
2026-08-04T10:15:00Z,29001.9,29011.0,28982.8,28991.6,7154
2026-08-04T10:30:00Z,28991.9,29025.9,28969.7,29017.3,10391
2026-08-04T10:45:00Z,29017.4,29040.8,28999.4,29011.9,14438
2026-08-04T11:00:00Z,29011.6,29045.2,29010.7,29039.8,11632
2026-08-04T11:15:00Z,29040.0,29067.1,29035.6,29066.4,8957
2026-08-04T11:30:00Z,29066.4,29107.8,29047.0,29100.2,11335
2026-08-04T11:45:00Z,29100.1,29141.3,29085.9,29133.0,16982
2026-08-04T12:00:00Z,29132.8,29134.2,29098.4,29101.8,11949
2026-08-04T12:15:00Z,29102.2,29129.4,29100.4,29117.7,9435
2026-08-04T12:30:00Z,29118.3,29121.9,29095.0,29115.2,9471
2026-08-04T12:45:00Z,29115.6,29118.0,29084.1,29098.4,8317
2026-08-04T13:00:00Z,29098.6,29130.6,29086.8,29127.0,9699
2026-08-04T13:15:00Z,29126.6,29178.2,29114.6,29130.4,16322
2026-08-04T13:30:00Z,29130.4,29348.1,29104.7,29307.2,40370
2026-08-04T13:45:00Z,29306.2,29398.4,29306.1,29362.2,32498
2026-08-04T14:00:00Z,29362.0,29439.4,29329.3,29436.4,30185
2026-08-04T14:15:00Z,29436.6,29459.8,29380.0,29455.1,29337
2026-08-04T14:30:00Z,29455.0,29467.4,29413.2,29452.6,28174
2026-08-04T14:45:00Z,29453.1,29457.1,29419.3,29445.0,22705
2026-08-04T15:00:00Z,29446.2,29520.4,29440.3,29514.8,20389
2026-08-04T15:15:00Z,29515.0,29557.2,29509.2,29534.0,17690
2026-08-04T15:30:00Z,29534.0,29576.2,29517.0,29571.4,20133
2026-08-04T15:45:00Z,29571.2,29591.5,29562.0,29566.0,16826
2026-08-04T16:00:00Z,29566.0,29594.0,29556.2,29569.5,16005
2026-08-04T16:15:00Z,29569.6,29614.4,29568.6,29601.4,13636
2026-08-04T16:30:00Z,29601.5,29626.0,29590.5,29621.0,12418
2026-08-04T16:45:00Z,29621.7,29639.2,29621.2,29637.7,11627
2026-08-04T17:00:00Z,29637.6,29694.0,29633.8,29691.5,14477
2026-08-04T17:15:00Z,29691.4,29720.0,29675.2,29713.6,14209
2026-08-04T17:30:00Z,29713.7,29760.2,29698.0,29760.0,12863
2026-08-04T17:45:00Z,29759.7,29792.3,29728.5,29729.4,18849
2026-08-04T18:00:00Z,29729.8,29755.0,29704.4,29754.0,20631
2026-08-04T18:15:00Z,29754.0,29778.3,29750.4,29774.5,14467
2026-08-04T18:30:00Z,29774.6,29787.6,29735.4,29748.8,14558
2026-08-04T18:45:00Z,29749.4,29790.1,29749.4,29776.0,14174
2026-08-04T19:00:00Z,29777.0,29829.1,29773.8,29821.2,15218
2026-08-04T19:15:00Z,29820.8,29840.0,29783.7,29795.5,15162
2026-08-04T19:30:00Z,29795.4,29845.7,29783.8,29844.5,15984
2026-08-04T19:45:00Z,29844.6,29851.1,29742.6,29770.6,24356
2026-08-04T20:00:00Z,29769.8,29843.6,29746.8,29809.7,10249
2026-08-04T20:15:00Z,29771.6,29771.6,29657.0,29686.5,22209
2026-08-04T20:30:00Z,29686.4,29711.8,29659.8,29692.3,12733
2026-08-04T20:45:00Z,29692.5,29718.2,29680.2,29715.8,8387
2026-08-04T22:00:00Z,29703.0,29731.4,29672.4,29730.3,2985
2026-08-04T22:15:00Z,29729.0,29738.6,29705.6,29727.7,3346
2026-08-04T22:30:00Z,29727.8,29735.8,29689.6,29695.0,3229
2026-08-04T22:45:00Z,29694.8,29722.0,29687.8,29721.2,2879
2026-08-04T23:00:00Z,29721.3,29739.7,29704.8,29733.1,3029
2026-08-04T23:15:00Z,29733.0,29740.1,29712.1,29719.6,2181
2026-08-04T23:30:00Z,29719.4,29738.0,29697.8,29737.3,3052
2026-08-04T23:45:00Z,29737.5,29751.4,29721.3,29730.1,6573
2026-08-05T00:00:00Z,29730.0,29757.7,29713.8,29752.0,12745
2026-08-05T00:15:00Z,29752.1,29758.8,29729.0,29757.0,9241
2026-08-05T00:30:00Z,29757.1,29771.3,29733.0,29733.2,7584
2026-08-05T00:45:00Z,29732.6,29756.6,29708.1,29743.2,9919
2026-08-05T01:00:00Z,29743.2,29755.8,29712.0,29735.3,10992
2026-08-05T01:15:00Z,29735.4,29737.4,29692.0,29714.3,11143
2026-08-05T01:30:00Z,29714.2,29739.4,29706.0,29728.2,10986
2026-08-05T01:45:00Z,29728.6,29778.2,29728.5,29764.2,7541
2026-08-05T02:00:00Z,29764.4,29782.8,29758.6,29765.8,7256
2026-08-05T02:15:00Z,29766.0,29770.8,29745.4,29748.8,7239
2026-08-05T02:30:00Z,29748.8,29757.0,29737.0,29753.4,7129
2026-08-05T02:45:00Z,29753.6,29769.4,29750.0,29755.0,6289
2026-08-05T03:00:00Z,29755.1,29784.2,29751.0,29778.8,5689
2026-08-05T03:15:00Z,29778.6,29786.7,29758.4,29758.4,4774
2026-08-05T03:30:00Z,29758.8,29785.8,29753.4,29780.4,5759
2026-08-05T03:45:00Z,29779.8,29788.4,29762.8,29784.2,3861
2026-08-05T04:00:00Z,29784.0,29792.8,29777.8,29779.0,3921
2026-08-05T04:15:00Z,29778.6,29779.0,29754.5,29765.8,4427
2026-08-05T04:30:00Z,29765.8,29803.8,29763.8,29799.6,3892
2026-08-05T04:45:00Z,29799.8,29811.4,29778.0,29797.6,3804
2026-08-05T05:00:00Z,29797.2,29833.8,29789.6,29831.6,5625
2026-08-05T05:15:00Z,29831.8,29843.4,29829.0,29832.0,4304
2026-08-05T05:30:00Z,29831.8,29839.2,29814.8,29836.4,5786
2026-08-05T05:45:00Z,29836.2,29880.0,29835.6,29875.6,3720
2026-08-05T06:00:00Z,29875.4,29884.6,29855.6,29876.2,5220
2026-08-05T06:15:00Z,29875.6,29877.8,29820.3,29824.3,6950
2026-08-05T06:30:00Z,29824.2,29859.2,29820.1,29834.3,5629
2026-08-05T06:45:00Z,29834.5,29865.6,29831.0,29863.8,4427
2026-08-05T07:00:00Z,29864.4,29881.6,29831.6,29845.6,10316
2026-08-05T07:15:00Z,29845.7,29848.4,29797.2,29801.6,7680
2026-08-05T07:30:00Z,29801.8,29814.2,29780.0,29781.3,7513
2026-08-05T07:45:00Z,29781.4,29807.3,29780.0,29798.0,5390
2026-08-05T08:00:00Z,29798.0,29820.2,29748.8,29759.1,9789
2026-08-05T08:15:00Z,29759.0,29768.3,29715.0,29729.6,9700
2026-08-05T08:30:00Z,29729.8,29738.5,29693.4,29707.5,10349
2026-08-05T08:45:00Z,29707.8,29738.0,29692.8,29731.7,8280
2026-08-05T09:00:00Z,29731.8,29748.1,29717.2,29728.0,7640
2026-08-05T09:15:00Z,29727.8,29758.5,29709.4,29756.8,6982
2026-08-05T09:30:00Z,29756.7,29783.4,29754.8,29777.6,6174
2026-08-05T09:45:00Z,29777.2,29788.8,29747.8,29752.8,5854
2026-08-05T10:00:00Z,29752.5,29766.1,29728.8,29734.8,6155
2026-08-05T10:15:00Z,29734.7,29760.2,29731.0,29752.8,4990
2026-08-05T10:30:00Z,29752.4,29766.0,29744.8,29751.6,5652
2026-08-05T10:45:00Z,29751.8,29764.8,29730.0,29758.0,7455
2026-08-05T11:00:00Z,29761.4,29815.8,29760.3,29798.3,9018
2026-08-05T11:15:00Z,29799.0,29817.7,29792.3,29795.4,6486
2026-08-05T11:30:00Z,29795.6,29825.8,29785.6,29810.4,7543
2026-08-05T11:45:00Z,29809.8,29838.1,29798.4,29814.2,7745
2026-08-05T12:00:00Z,29814.3,29820.4,29787.5,29813.8,10374
2026-08-05T12:15:00Z,29814.6,29834.1,29795.8,29829.5,9446
2026-08-05T12:30:00Z,29829.6,29841.5,29787.6,29837.4,10298
2026-08-05T12:45:00Z,29837.2,29841.0,29802.7,29810.0,8940
2026-08-05T13:00:00Z,29810.0,29844.0,29809.8,29824.0,10778
2026-08-05T13:15:00Z,29824.2,29872.8,29790.8,29869.3,11541
2026-08-05T13:30:00Z,29869.4,29951.3,29805.5,29945.5,45135
2026-08-05T13:45:00Z,29948.1,29967.0,29863.8,29944.3,40461
2026-08-05T14:00:00Z,29939.2,29939.2,29813.0,29893.4,42374
2026-08-05T14:15:00Z,29893.0,29920.4,29796.8,29810.0,39226
2026-08-05T14:30:00Z,29807.5,29813.4,29719.6,29756.5,37313
2026-08-05T14:45:00Z,29756.6,29800.0,29683.6,29743.2,32457
2026-08-05T15:00:00Z,29743.0,29785.2,29720.2,29733.8,29883
2026-08-05T15:15:00Z,29734.0,29744.5,29658.6,29704.4,27687
2026-08-05T15:30:00Z,29703.8,29755.0,29700.6,29714.6,24570
2026-08-05T15:45:00Z,29713.8,29714.4,29608.5,29633.4,23497
2026-08-05T16:00:00Z,29632.8,29660.2,29596.7,29626.4,27716
2026-08-05T16:15:00Z,29626.7,29726.0,29614.4,29724.0,21397
2026-08-05T16:30:00Z,29724.0,29734.5,29664.8,29683.6,20900
2026-08-05T16:45:00Z,29683.7,29719.8,29673.0,29704.0,17757
2026-08-05T17:00:00Z,29704.8,29714.4,29639.0,29662.0,20520
2026-08-05T17:15:00Z,29661.6,29676.4,29635.2,29649.2,18226
2026-08-05T17:30:00Z,29649.0,29673.0,29633.4,29652.0,16048
2026-08-05T17:45:00Z,29651.8,29669.0,29629.5,29651.4,14034
2026-08-05T18:00:00Z,29651.2,29680.4,29647.2,29656.8,14187
2026-08-05T18:15:00Z,29657.0,29676.8,29650.2,29671.0,13431
2026-08-05T18:30:00Z,29671.2,29671.2,29622.5,29636.8,15051
2026-08-05T18:45:00Z,29637.0,29659.8,29618.8,29621.0,12456
2026-08-05T19:00:00Z,29621.7,29672.8,29613.0,29668.6,14021
2026-08-05T19:15:00Z,29668.7,29673.8,29648.8,29651.0,12112
2026-08-05T19:30:00Z,29651.0,29657.8,29601.0,29606.0,15283
2026-08-05T19:45:00Z,29606.0,29627.8,29488.2,29501.8,21268
2026-08-05T20:00:00Z,29502.5,29513.0,29426.8,29499.2,16331
2026-08-05T20:15:00Z,29500.8,29512.6,29456.0,29465.3,7204
2026-08-05T20:30:00Z,29467.1,29497.2,29461.6,29493.6,4832
2026-08-05T20:45:00Z,29493.8,29501.3,29471.0,29485.8,4198
2026-08-05T22:00:00Z,29481.7,29491.0,29461.6,29466.5,2646
2026-08-05T22:15:00Z,29466.6,29532.1,29465.8,29522.2,3588
2026-08-05T22:30:00Z,29521.6,29565.4,29518.0,29549.1,2755
2026-08-05T22:45:00Z,29549.0,29572.8,29514.0,29516.8,3237
2026-08-05T23:00:00Z,29517.0,29530.0,29507.6,29525.0,2214
2026-08-05T23:15:00Z,29523.8,29543.8,29513.0,29523.3,2280
2026-08-05T23:30:00Z,29523.2,29530.8,29471.5,29482.4,4074
2026-08-05T23:45:00Z,29481.7,29484.0,29461.3,29478.6,7738
2026-08-06T00:00:00Z,29478.4,29496.0,29441.3,29475.6,16695
2026-08-06T00:15:00Z,29475.8,29503.2,29449.0,29455.5,14721
2026-08-06T00:30:00Z,29455.4,29482.2,29443.5,29454.6,13797
2026-08-06T00:45:00Z,29454.8,29473.6,29430.4,29433.8,12138
2026-08-06T01:00:00Z,29433.8,29435.4,29397.0,29417.0,14411
2026-08-06T01:15:00Z,29417.0,29417.4,29349.3,29368.8,13292
2026-08-06T01:30:00Z,29368.8,29403.0,29364.0,29369.8,15741
2026-08-06T01:45:00Z,29370.0,29413.6,29368.0,29392.8,14783
2026-08-06T02:00:00Z,29392.0,29451.6,29384.5,29436.3,13483
2026-08-06T02:15:00Z,29436.2,29473.2,29430.8,29443.3,11120
2026-08-06T02:30:00Z,29443.4,29512.8,29425.3,29511.8,9610
2026-08-06T02:45:00Z,29511.6,29515.5,29480.7,29488.2,9188
2026-08-06T03:00:00Z,29488.4,29503.4,29470.2,29473.4,8421
2026-08-06T03:15:00Z,29473.3,29480.1,29430.0,29437.8,8534
2026-08-06T03:30:00Z,29437.8,29458.0,29420.4,29448.2,11444
2026-08-06T03:45:00Z,29447.3,29478.6,29436.4,29476.2,9282
2026-08-06T04:00:00Z,29476.3,29478.6,29430.0,29451.6,8220
2026-08-06T04:15:00Z,29451.5,29492.4,29451.1,29480.6,7508
2026-08-06T04:30:00Z,29480.8,29495.0,29440.8,29450.8,8500
2026-08-06T04:45:00Z,29450.7,29471.4,29439.2,29470.0,8370
2026-08-06T05:00:00Z,29470.1,29490.8,29452.2,29476.2,11174
2026-08-06T05:15:00Z,29476.1,29488.5,29460.0,29474.1,10782
2026-08-06T05:30:00Z,29474.0,29478.4,29444.4,29478.0,10348
2026-08-06T05:45:00Z,29478.1,29478.8,29439.4,29473.8,8953
2026-08-06T06:00:00Z,29474.2,29475.7,29394.3,29401.6,10133
2026-08-06T06:15:00Z,29401.8,29443.4,29379.4,29441.7,9020
2026-08-06T06:30:00Z,29441.2,29443.2,29390.6,29399.8,7874
2026-08-06T06:45:00Z,29399.5,29422.2,29381.2,29416.1,6720
2026-08-06T07:00:00Z,29415.7,29457.5,29401.6,29446.4,11806
2026-08-06T07:15:00Z,29446.3,29457.0,29420.5,29432.3,8459
2026-08-06T07:30:00Z,29432.2,29436.6,29396.6,29412.2,8104
2026-08-06T07:45:00Z,29412.3,29432.7,29395.6,29401.6,8091
2026-08-06T08:00:00Z,29401.2,29420.1,29339.0,29355.1,13444
2026-08-06T08:15:00Z,29355.0,29408.0,29341.8,29403.2,11861
2026-08-06T08:30:00Z,29403.4,29427.1,29395.4,29398.0,9367
2026-08-06T08:45:00Z,29397.8,29418.8,29385.4,29412.5,8437
2026-08-06T09:00:00Z,29412.8,29413.2,29333.0,29343.4,9200
2026-08-06T09:15:00Z,29343.3,29387.8,29341.4,29377.5,8009
2026-08-06T09:30:00Z,29377.6,29393.7,29370.0,29383.3,6774
2026-08-06T09:45:00Z,29383.5,29425.5,29383.3,29420.8,6498
2026-08-06T10:00:00Z,29420.8,29428.6,29390.6,29398.4,6525
2026-08-06T10:15:00Z,29398.6,29420.7,29388.6,29411.8,6544
2026-08-06T10:30:00Z,29411.8,29414.1,29369.4,29374.6,6284
2026-08-06T10:45:00Z,29374.7,29387.8,29362.3,29379.8,6791
2026-08-06T11:00:00Z,29379.6,29382.8,29259.7,29314.0,15308
2026-08-06T11:15:00Z,29314.4,29369.0,29312.2,29363.8,10289
2026-08-06T11:30:00Z,29363.8,29410.1,29363.4,29388.4,10111
2026-08-06T11:45:00Z,29388.6,29406.5,29334.3,29361.4,13019
2026-08-06T12:00:00Z,29361.4,29370.6,29303.4,29307.2,12843
2026-08-06T12:15:00Z,29307.6,29345.7,29282.8,29325.8,10868
2026-08-06T12:30:00Z,29325.8,29357.5,29308.8,29326.4,11532
2026-08-06T12:45:00Z,29326.6,29333.8,29284.6,29294.1,11009
2026-08-06T13:00:00Z,29294.2,29298.5,29245.4,29245.8,14502
2026-08-06T13:15:00Z,29245.8,29261.8,29222.3,29229.4,15306
2026-08-06T13:30:00Z,29229.4,29368.0,29136.2,29352.2,45624
2026-08-06T13:45:00Z,29352.8,29445.2,29342.8,29422.2,38666
2026-08-06T14:00:00Z,29423.2,29514.0,29382.8,29503.0,33579
2026-08-06T14:15:00Z,29503.2,29561.0,29461.0,29482.0,31751
2026-08-06T14:30:00Z,29482.8,29545.5,29440.4,29477.6,32965
2026-08-06T14:45:00Z,29478.0,29553.4,29428.6,29551.8,32204
2026-08-06T15:00:00Z,29552.0,29581.0,29494.0,29540.7,27845
2026-08-06T15:15:00Z,29540.6,29557.6,29459.0,29502.8,31304
2026-08-06T15:30:00Z,29502.5,29522.0,29427.7,29429.4,25727
2026-08-06T15:45:00Z,29429.2,29519.0,29400.8,29410.7,29014
2026-08-06T16:00:00Z,29410.6,29436.8,29373.4,29382.8,25059
2026-08-06T16:15:00Z,29383.0,29399.4,29343.8,29369.4,24881
2026-08-06T16:30:00Z,29369.2,29425.1,29359.6,29376.4,22264
2026-08-06T16:45:00Z,29376.5,29455.7,29365.8,29454.4,20023
2026-08-06T17:00:00Z,29454.2,29472.0,29418.0,29423.5,19416
2026-08-06T17:15:00Z,29423.4,29450.8,29412.4,29427.4,17695
2026-08-06T17:30:00Z,29427.2,29442.6,29393.5,29409.0,15889
2026-08-06T17:45:00Z,29409.7,29432.7,29394.2,29428.4,15170
2026-08-06T18:00:00Z,29428.5,29447.0,29407.0,29443.4,15577
2026-08-06T18:15:00Z,29443.5,29476.4,29399.3,29457.7,17465
2026-08-06T18:30:00Z,29457.6,29461.2,29402.0,29421.2,13658
2026-08-06T18:45:00Z,29421.4,29437.6,29406.8,29416.4,14905
2026-08-06T19:00:00Z,29416.5,29470.7,29411.0,29436.6,15513
2026-08-06T19:15:00Z,29436.7,29451.8,29397.0,29409.0,15808
2026-08-06T19:30:00Z,29408.0,29446.0,29389.8,29404.8,16544
2026-08-06T19:45:00Z,29404.5,29436.6,29375.7,29397.4,21884
2026-08-06T20:00:00Z,29398.0,29452.0,29397.0,29437.0,9244
2026-08-06T20:15:00Z,29438.8,29449.2,29383.3,29394.0,6404
2026-08-06T20:30:00Z,29394.1,29405.2,29381.0,29395.0,4211
2026-08-06T20:45:00Z,29395.2,29406.4,29388.8,29401.8,3157
2026-08-06T22:00:00Z,29396.2,29479.7,29395.2,29473.0,1800
2026-08-06T22:15:00Z,29472.4,29481.5,29444.4,29450.0,1764
2026-08-06T22:30:00Z,29450.2,29462.4,29429.9,29454.0,2826
2026-08-06T22:45:00Z,29456.0,29468.0,29448.0,29465.8,1564
2026-08-06T23:00:00Z,29465.6,29471.0,29455.0,29458.8,1654
2026-08-06T23:15:00Z,29459.0,29497.0,29459.0,29474.2,2474
2026-08-06T23:30:00Z,29474.0,29489.0,29463.6,29482.7,1994
2026-08-06T23:45:00Z,29483.0,29504.0,29475.5,29495.2,6665
2026-08-07T00:00:00Z,29495.0,29519.2,29462.9,29475.2,14396
2026-08-07T00:15:00Z,29475.0,29476.3,29397.6,29413.7,15458
2026-08-07T00:30:00Z,29414.0,29474.9,29401.4,29440.0,13713
2026-08-07T00:45:00Z,29440.4,29473.4,29404.2,29462.0,13811
2026-08-07T01:00:00Z,29462.0,29482.4,29416.0,29425.3,15249
2026-08-07T01:15:00Z,29425.7,29435.4,29383.3,29429.7,14058
2026-08-07T01:30:00Z,29429.8,29481.6,29394.0,29422.4,17355
2026-08-07T01:45:00Z,29422.4,29440.0,29402.6,29427.0,15481
2026-08-07T02:00:00Z,29426.8,29448.6,29390.0,29431.0,13465
2026-08-07T02:15:00Z,29430.9,29442.0,29415.2,29425.4,10226
2026-08-07T02:30:00Z,29425.5,29428.2,29377.2,29399.6,10101
2026-08-07T02:45:00Z,29399.8,29436.2,29393.8,29426.8,7751
2026-08-07T03:00:00Z,29426.9,29447.0,29426.0,29430.0,7272
2026-08-07T03:15:00Z,29430.2,29434.3,29392.2,29404.3,7922
2026-08-07T03:30:00Z,29404.0,29423.0,29397.0,29406.7,9975
2026-08-07T03:45:00Z,29406.8,29412.4,29385.8,29388.4,7323
2026-08-07T04:00:00Z,29388.5,29401.0,29376.4,29378.6,7782
2026-08-07T04:15:00Z,29378.8,29417.6,29355.7,29408.8,8062
2026-08-07T04:30:00Z,29409.0,29425.6,29392.6,29395.5,7753
2026-08-07T04:45:00Z,29395.4,29413.8,29389.2,29410.0,6573
2026-08-07T05:00:00Z,29410.2,29457.0,29405.8,29438.4,8919
2026-08-07T05:15:00Z,29438.7,29455.4,29438.0,29447.3,7537
2026-08-07T05:30:00Z,29447.4,29451.0,29419.8,29434.2,7253
2026-08-07T05:45:00Z,29434.3,29439.2,29422.4,29423.2,6983
2026-08-07T06:00:00Z,29423.3,29464.2,29420.8,29459.5,7191
2026-08-07T06:15:00Z,29459.4,29484.0,29444.5,29481.0,6211
2026-08-07T06:30:00Z,29481.0,29482.6,29440.0,29445.8,6395
2026-08-07T06:45:00Z,29445.9,29454.9,29438.2,29453.3,4098
2026-08-07T07:00:00Z,29453.2,29492.4,29432.5,29492.4,9833
2026-08-07T07:15:00Z,29492.2,29492.8,29475.6,29488.2,6710
2026-08-07T07:30:00Z,29488.3,29491.8,29470.9,29483.5,6735
2026-08-07T07:45:00Z,29483.7,29489.2,29463.2,29484.2,5928
2026-08-07T08:00:00Z,29484.2,29526.7,29483.8,29525.0,8775
2026-08-07T08:15:00Z,29525.0,29530.0,29499.6,29524.5,7875
2026-08-07T08:30:00Z,29524.6,29548.0,29509.8,29526.8,6950
2026-08-07T08:45:00Z,29526.9,29538.8,29515.4,29533.4,6001
2026-08-07T09:00:00Z,29533.5,29548.5,29526.6,29541.8,6364
2026-08-07T09:15:00Z,29542.0,29549.8,29524.5,29534.3,5563
2026-08-07T09:30:00Z,29534.6,29547.6,29521.2,29529.5,5689
2026-08-07T09:45:00Z,29529.6,29536.2,29516.6,29518.2,5877
2026-08-07T10:00:00Z,29518.0,29528.6,29509.8,29509.8,6528
2026-08-07T10:15:00Z,29509.9,29522.0,29493.0,29521.3,5133
2026-08-07T10:30:00Z,29521.4,29525.7,29510.5,29522.5,4713
2026-08-07T10:45:00Z,29522.4,29524.3,29502.8,29507.5,4743
2026-08-07T11:00:00Z,29508.0,29548.6,29507.5,29538.2,7397
2026-08-07T11:15:00Z,29538.2,29561.7,29537.2,29553.6,6051
2026-08-07T11:30:00Z,29553.8,29570.0,29547.8,29566.2,6285
2026-08-07T11:45:00Z,29566.4,29567.0,29512.0,29514.0,6499
2026-08-07T12:00:00Z,29514.2,29572.6,29505.4,29559.2,9118
2026-08-07T12:15:00Z,29559.2,29585.6,29524.7,29570.4,9204
2026-08-07T12:30:00Z,29573.2,29714.2,29561.7,29702.4,22015
2026-08-07T12:45:00Z,29702.6,29767.0,29702.2,29744.0,14330
2026-08-07T13:00:00Z,29744.0,29751.6,29634.8,29642.0,16646
2026-08-07T13:15:00Z,29642.0,29645.3,29586.6,29614.6,16665
2026-08-07T13:30:00Z,29615.2,29713.6,29584.8,29688.2,45668
2026-08-07T13:45:00Z,29688.0,29720.0,29544.6,29578.9,43267
2026-08-07T14:00:00Z,29579.3,29613.2,29464.8,29485.6,43442
2026-08-07T14:15:00Z,29485.6,29679.2,29469.2,29661.8,37701
2026-08-07T14:30:00Z,29660.8,29675.0,29560.5,29576.4,35168
2026-08-07T14:45:00Z,29577.0,29633.4,29568.2,29620.8,30463
2026-08-07T15:00:00Z,29620.9,29682.9,29609.6,29660.4,24413
2026-08-07T15:15:00Z,29660.2,29729.2,29647.4,29726.8,21557
2026-08-07T15:30:00Z,29727.6,29755.2,29694.8,29712.0,21491
2026-08-07T15:45:00Z,29712.2,29743.4,29697.2,29714.0,19822
2026-08-07T16:00:00Z,29714.2,29730.3,29695.4,29700.2,17970
2026-08-07T16:15:00Z,29700.8,29719.2,29589.6,29614.2,22052
2026-08-07T16:30:00Z,29614.6,29661.4,29569.9,29654.4,22105
2026-08-07T16:45:00Z,29654.7,29681.2,29639.2,29640.4,16518
2026-08-07T17:00:00Z,29640.9,29668.4,29627.0,29636.0,17153
2026-08-07T17:15:00Z,29635.9,29665.0,29626.8,29647.9,14756
2026-08-07T17:30:00Z,29648.0,29664.9,29627.4,29645.9,14296
2026-08-07T17:45:00Z,29645.8,29659.7,29636.0,29643.8,12610
2026-08-07T18:00:00Z,29643.7,29654.8,29613.4,29621.7,13139
2026-08-07T18:15:00Z,29622.0,29634.5,29603.4,29606.2,13534
2026-08-07T18:30:00Z,29606.2,29624.7,29579.3,29581.6,13580
2026-08-07T18:45:00Z,29581.7,29628.5,29577.2,29625.4,12429
2026-08-07T19:00:00Z,29625.3,29710.3,29624.0,29700.0,16417
2026-08-07T19:15:00Z,29700.4,29723.3,29692.4,29711.2,16752
2026-08-07T19:30:00Z,29711.9,29711.9,29673.0,29679.8,15549
2026-08-07T19:45:00Z,29679.7,29760.5,29678.7,29733.9,18204
2026-08-07T20:00:00Z,29734.2,29750.7,29705.7,29720.2,7761
2026-08-07T20:15:00Z,29720.4,29729.2,29704.4,29705.6,3311
2026-08-07T20:30:00Z,29705.7,29724.4,29703.2,29714.8,2470
2026-08-07T20:45:00Z,29714.9,29732.2,29713.2,29730.6,2675
2026-08-09T22:00:00Z,29768.0,29781.0,29718.4,29725.2,5128
2026-08-09T22:15:00Z,29725.4,29752.4,29703.8,29736.8,4247
2026-08-09T22:30:00Z,29736.9,29750.8,29712.2,29734.8,3184
2026-08-09T22:45:00Z,29734.7,29748.6,29729.0,29742.3,2000
2026-08-09T23:00:00Z,29742.2,29774.2,29731.8,29759.2,2561
2026-08-09T23:15:00Z,29759.4,29779.2,29755.2,29761.7,2062
2026-08-09T23:30:00Z,29761.8,29763.3,29733.0,29760.8,3075
2026-08-09T23:45:00Z,29760.7,29771.0,29726.4,29727.6,6755
2026-08-10T00:00:00Z,29728.4,29803.0,29695.6,29789.7,11497
2026-08-10T00:15:00Z,29790.0,29797.0,29736.9,29744.2,11817
2026-08-10T00:30:00Z,29744.2,29762.4,29697.8,29704.5,11005
2026-08-10T00:45:00Z,29704.7,29728.6,29687.4,29700.6,11570
2026-08-10T01:00:00Z,29700.4,29752.0,29690.4,29750.6,12367
2026-08-10T01:15:00Z,29750.4,29780.6,29744.0,29762.5,9336
2026-08-10T01:30:00Z,29762.2,29779.0,29739.4,29773.5,12071
2026-08-10T01:45:00Z,29773.4,29792.6,29769.7,29783.3,7944
2026-08-10T02:00:00Z,29783.2,29790.2,29767.4,29770.5,8033
2026-08-10T02:15:00Z,29771.4,29771.4,29751.0,29767.3,6642
2026-08-10T02:30:00Z,29767.6,29788.2,29746.5,29787.5,6381
2026-08-10T02:45:00Z,29787.4,29797.0,29779.0,29779.0,4444
2026-08-10T03:00:00Z,29779.2,29789.6,29766.8,29774.6,5156
2026-08-10T03:15:00Z,29774.5,29789.2,29769.3,29778.4,5639
2026-08-10T03:30:00Z,29778.2,29795.4,29771.4,29795.0,6576
2026-08-10T03:45:00Z,29795.2,29796.6,29768.8,29776.2,3485
2026-08-10T04:00:00Z,29776.3,29795.7,29770.6,29792.6,4270
2026-08-10T04:15:00Z,29792.8,29801.2,29789.0,29797.4,3084
2026-08-10T04:30:00Z,29797.3,29797.4,29763.6,29784.5,4720
2026-08-10T04:45:00Z,29784.6,29799.2,29770.6,29779.5,4485
2026-08-10T05:00:00Z,29780.4,29816.4,29778.6,29814.2,5004
2026-08-10T05:15:00Z,29814.6,29821.8,29807.2,29809.0,3573
2026-08-10T05:30:00Z,29808.2,29817.0,29801.4,29803.4,4659
2026-08-10T05:45:00Z,29803.4,29828.4,29797.8,29827.4,3315
2026-08-10T06:00:00Z,29827.5,29859.8,29825.2,29854.6,4322
2026-08-10T06:15:00Z,29854.8,29859.8,29806.0,29812.0,4916
2026-08-10T06:30:00Z,29812.4,29822.8,29805.5,29815.4,4285
2026-08-10T06:45:00Z,29815.5,29821.2,29804.2,29806.6,3987
2026-08-10T07:00:00Z,29806.8,29820.8,29785.0,29811.2,7821
2026-08-10T07:15:00Z,29811.4,29850.6,29809.2,29849.2,5798
2026-08-10T07:30:00Z,29849.0,29866.9,29846.0,29863.6,4721
2026-08-10T07:45:00Z,29863.3,29881.6,29833.8,29851.0,5140
2026-08-10T08:00:00Z,29851.0,29878.9,29845.2,29860.2,8149
2026-08-10T08:15:00Z,29860.4,29871.0,29837.5,29850.7,6404
2026-08-10T08:30:00Z,29850.8,29869.6,29841.6,29853.6,4818
2026-08-10T08:45:00Z,29853.8,29873.0,29847.3,29869.6,4083
2026-08-10T09:00:00Z,29869.6,29881.6,29864.0,29874.0,3905
2026-08-10T09:15:00Z,29874.0,29880.0,29861.6,29866.5,4066
2026-08-10T09:30:00Z,29866.2,29869.4,29834.2,29842.2,4306
2026-08-10T09:45:00Z,29842.3,29849.6,29833.8,29836.6,3791
2026-08-10T10:00:00Z,29836.2,29856.3,29814.4,29815.4,5059
2026-08-10T10:15:00Z,29815.3,29849.8,29814.2,29843.0,4175
2026-08-10T10:30:00Z,29843.2,29843.5,29808.0,29817.0,5343
2026-08-10T10:45:00Z,29817.0,29835.8,29807.2,29810.2,4885
2026-08-10T11:00:00Z,29810.4,29823.4,29750.3,29774.8,9950
2026-08-10T11:15:00Z,29774.6,29810.6,29762.7,29807.0,7447
2026-08-10T11:30:00Z,29807.0,29813.2,29771.0,29772.6,6762
2026-08-10T11:45:00Z,29771.5,29782.7,29743.7,29769.4,8134
2026-08-10T12:00:00Z,29769.3,29781.6,29741.8,29744.0,9362
2026-08-10T12:15:00Z,29744.0,29745.0,29708.4,29720.5,8826
2026-08-10T12:30:00Z,29720.4,29725.0,29680.8,29702.4,9854
2026-08-10T12:45:00Z,29702.6,29707.2,29669.8,29675.4,9258
2026-08-10T13:00:00Z,29675.5,29713.6,29670.2,29702.6,11654
2026-08-10T13:15:00Z,29702.4,29721.2,29687.8,29703.2,11372
2026-08-10T13:30:00Z,29703.5,29738.9,29617.7,29674.0,42845
2026-08-10T13:45:00Z,29674.0,29729.7,29652.6,29704.6,34487
2026-08-10T14:00:00Z,29704.4,29789.6,29686.6,29779.0,27183
2026-08-10T14:15:00Z,29779.6,29797.6,29713.2,29755.9,25808
2026-08-10T14:30:00Z,29755.6,29790.7,29744.6,29764.8,22345
2026-08-10T14:45:00Z,29765.0,29783.8,29675.5,29677.2,23568
2026-08-10T15:00:00Z,29677.7,29720.4,29664.5,29691.0,23030
2026-08-10T15:15:00Z,29691.2,29715.2,29651.4,29675.4,20204
2026-08-10T15:30:00Z,29675.6,29706.7,29639.0,29705.8,19392
2026-08-10T15:45:00Z,29705.9,29752.4,29684.6,29742.0,16225
2026-08-10T16:00:00Z,29741.9,29756.3,29709.7,29720.0,16000
2026-08-10T16:15:00Z,29719.9,29741.5,29702.7,29707.6,16480
2026-08-10T16:30:00Z,29707.4,29714.9,29628.2,29640.2,21803
2026-08-10T16:45:00Z,29640.3,29678.6,29630.7,29677.7,16627
2026-08-10T17:00:00Z,29677.8,29706.8,29658.7,29698.4,14740
2026-08-10T17:15:00Z,29698.9,29709.2,29674.2,29684.8,11052
2026-08-10T17:30:00Z,29684.8,29694.7,29654.3,29657.2,12732
2026-08-10T17:45:00Z,29657.6,29663.2,29642.8,29657.2,11314
2026-08-10T18:00:00Z,29656.7,29670.2,29646.4,29649.4,11409
2026-08-10T18:15:00Z,29649.2,29654.2,29640.5,29645.6,9938
2026-08-10T18:30:00Z,29645.9,29671.4,29640.7,29669.8,10288
2026-08-10T18:45:00Z,29670.2,29682.4,29657.9,29680.4,8680
2026-08-10T19:00:00Z,29680.2,29692.2,29673.7,29687.4,9089
2026-08-10T19:15:00Z,29687.8,29693.9,29677.8,29679.9,9002
2026-08-10T19:30:00Z,29680.2,29691.2,29668.2,29673.8,10464
2026-08-10T19:45:00Z,29673.7,29681.9,29627.8,29649.4,15732
2026-08-10T20:00:00Z,29649.5,29659.5,29645.5,29650.2,4967
2026-08-10T20:15:00Z,29650.6,29659.4,29642.6,29656.5,2503
2026-08-10T20:30:00Z,29656.4,29664.2,29648.3,29662.8,1516
2026-08-10T20:45:00Z,29662.8,29674.9,29660.8,29669.8,1933
2026-08-10T22:00:00Z,29688.8,29689.9,29658.4,29665.8,2651
2026-08-10T22:15:00Z,29666.1,29667.8,29638.2,29651.1,2401
2026-08-10T22:30:00Z,29651.3,29651.5,29627.8,29630.0,2069
2026-08-10T22:45:00Z,29629.9,29641.4,29629.4,29637.8,1082
2026-08-10T23:00:00Z,29637.6,29639.6,29627.8,29635.9,1319
2026-08-10T23:15:00Z,29636.0,29636.6,29608.1,29613.2,2093
2026-08-10T23:30:00Z,29612.9,29620.8,29607.6,29619.2,1746
2026-08-10T23:45:00Z,29619.2,29631.1,29583.0,29608.6,5857
2026-08-11T00:00:00Z,29608.4,29657.6,29571.6,29653.6,11688
2026-08-11T00:15:00Z,29653.8,29669.6,29630.4,29668.2,8841
2026-08-11T00:30:00Z,29668.4,29687.1,29661.2,29684.4,6456
2026-08-11T00:45:00Z,29685.0,29698.8,29682.4,29690.2,6014
2026-08-11T01:00:00Z,29689.8,29731.0,29669.6,29730.8,9968
2026-08-11T01:15:00Z,29730.6,29744.3,29714.6,29724.8,8721
2026-08-11T01:30:00Z,29724.9,29732.6,29715.4,29726.6,10054
2026-08-11T01:45:00Z,29727.2,29747.4,29722.2,29723.6,7843
2026-08-11T02:00:00Z,29723.4,29735.6,29717.6,29725.2,7258
2026-08-11T02:15:00Z,29725.4,29732.3,29717.6,29729.6,5570
2026-08-11T02:30:00Z,29729.4,29744.2,29728.4,29744.2,5340
2026-08-11T02:45:00Z,29744.0,29749.0,29720.0,29723.4,4681
2026-08-11T03:00:00Z,29723.6,29737.2,29720.2,29727.0,5099
2026-08-11T03:15:00Z,29727.2,29752.4,29722.8,29746.2,4157
2026-08-11T03:30:00Z,29746.1,29748.0,29731.4,29737.6,4074
2026-08-11T03:45:00Z,29737.6,29747.2,29733.6,29737.0,4031
2026-08-11T04:00:00Z,29737.2,29755.6,29737.0,29753.2,3901
2026-08-11T04:15:00Z,29753.1,29758.8,29743.6,29758.2,3043
2026-08-11T04:30:00Z,29757.6,29766.6,29740.4,29743.8,4489
2026-08-11T04:45:00Z,29743.6,29751.8,29739.6,29744.2,3334
2026-08-11T05:00:00Z,29744.2,29759.2,29735.8,29756.8,4363
2026-08-11T05:15:00Z,29756.8,29758.2,29718.5,29719.6,4531
2026-08-11T05:30:00Z,29719.8,29734.6,29703.8,29720.2,6096
2026-08-11T05:45:00Z,29720.1,29722.6,29693.8,29698.0,5954
2026-08-11T06:00:00Z,29698.2,29732.4,29692.6,29724.9,5357
2026-08-11T06:15:00Z,29724.6,29726.9,29670.8,29676.4,5947
2026-08-11T06:30:00Z,29676.0,29694.6,29637.6,29688.8,7952
2026-08-11T06:45:00Z,29688.8,29691.8,29643.4,29659.9,5360
2026-08-11T07:00:00Z,29660.0,29675.1,29638.5,29664.1,9744
2026-08-11T07:15:00Z,29663.8,29669.8,29633.4,29648.8,7306
2026-08-11T07:30:00Z,29648.6,29684.8,29648.2,29673.4,6653
2026-08-11T07:45:00Z,29673.6,29684.4,29661.4,29679.6,6126
2026-08-11T08:00:00Z,29679.6,29708.9,29635.6,29636.9,9847
2026-08-11T08:15:00Z,29637.0,29652.8,29622.9,29638.8,8343
2026-08-11T08:30:00Z,29637.9,29659.2,29623.0,29658.6,7537
2026-08-11T08:45:00Z,29658.4,29667.9,29646.8,29653.9,5507
2026-08-11T09:00:00Z,29652.9,29661.0,29623.5,29637.9,7076
2026-08-11T09:15:00Z,29637.8,29670.4,29636.6,29663.9,5626
2026-08-11T09:30:00Z,29663.8,29688.6,29660.8,29673.0,5646
2026-08-11T09:45:00Z,29673.1,29686.2,29669.6,29674.3,4933
2026-08-11T10:00:00Z,29674.4,29679.2,29659.9,29660.6,5343
2026-08-11T10:15:00Z,29660.8,29738.2,29655.6,29726.9,7593
2026-08-11T10:30:00Z,29727.0,29728.6,29706.8,29719.9,5648
2026-08-11T10:45:00Z,29719.6,29732.6,29716.8,29722.6,4327
2026-08-11T11:00:00Z,29722.6,29791.6,29722.6,29776.8,14879
2026-08-11T11:15:00Z,29776.4,29778.3,29734.2,29739.0,7445
2026-08-11T11:30:00Z,29738.8,29741.2,29716.3,29730.0,6956
2026-08-11T11:45:00Z,29729.8,29740.2,29717.4,29737.1,6014
2026-08-11T12:00:00Z,29737.2,29769.2,29724.6,29766.6,7056
2026-08-11T12:15:00Z,29766.8,29776.3,29726.2,29733.8,9922
2026-08-11T12:30:00Z,29734.0,29762.2,29724.8,29751.2,7713
2026-08-11T12:45:00Z,29751.4,29758.6,29732.8,29737.4,6277
2026-08-11T13:00:00Z,29737.5,29756.0,29725.3,29732.8,8866
2026-08-11T13:15:00Z,29733.0,29750.6,29718.4,29744.2,9468
2026-08-11T13:30:00Z,29744.1,29747.0,29584.5,29628.5,37925
2026-08-11T13:45:00Z,29628.6,29639.6,29540.8,29638.8,33672
2026-08-11T14:00:00Z,29638.4,29697.4,29624.0,29667.6,26374
2026-08-11T14:15:00Z,29667.2,29695.8,29643.0,29682.5,25120
2026-08-11T14:30:00Z,29683.0,29689.5,29633.8,29646.8,22240
2026-08-11T14:45:00Z,29647.0,29709.8,29645.3,29681.4,21133
2026-08-11T15:00:00Z,29681.3,29697.0,29608.5,29616.8,22523
2026-08-11T15:15:00Z,29617.0,29640.3,29602.8,29607.4,20944
2026-08-11T15:30:00Z,29607.8,29624.6,29570.4,29598.4,19844
2026-08-11T15:45:00Z,29598.3,29598.6,29564.8,29568.0,16477
2026-08-11T16:00:00Z,29568.5,29586.3,29553.0,29557.3,15502
2026-08-11T16:15:00Z,29557.8,29574.8,29527.3,29551.0,14858
2026-08-11T16:30:00Z,29551.2,29569.8,29536.4,29541.8,12269
2026-08-11T16:45:00Z,29541.8,29555.4,29523.0,29539.2,12099
2026-08-11T17:00:00Z,29539.6,29547.9,29490.4,29491.6,11958
2026-08-11T17:15:00Z,29491.5,29531.0,29486.2,29519.4,13392
2026-08-11T17:30:00Z,29519.4,29551.4,29512.1,29547.4,12620
2026-08-11T17:45:00Z,29547.4,29553.9,29536.8,29542.1,10186
2026-08-11T18:00:00Z,29542.4,29548.4,29515.1,29520.6,12429
2026-08-11T18:15:00Z,29520.9,29527.2,29446.6,29457.0,14010
2026-08-11T18:30:00Z,29457.4,29489.5,29453.9,29462.1,13720
2026-08-11T18:45:00Z,29461.6,29512.5,29461.5,29495.9,10951
2026-08-11T19:00:00Z,29495.8,29527.4,29484.6,29520.9,11655
2026-08-11T19:15:00Z,29520.6,29539.9,29515.4,29537.2,10149
2026-08-11T19:30:00Z,29537.4,29573.1,29533.4,29553.1,11676
2026-08-11T19:45:00Z,29552.5,29562.9,29520.7,29548.6,17078
2026-08-11T20:00:00Z,29548.8,29564.9,29528.0,29553.2,6111
2026-08-11T20:15:00Z,29553.4,29590.0,29552.6,29587.4,3282
2026-08-11T20:30:00Z,29587.4,29589.4,29577.8,29583.4,2331
2026-08-11T20:45:00Z,29583.4,29584.2,29560.2,29564.2,2409
2026-08-11T22:00:00Z,29561.7,29572.8,29542.2,29571.8,2012
2026-08-11T22:15:00Z,29571.9,29574.4,29563.6,29567.3,1533
2026-08-11T22:30:00Z,29567.4,29578.3,29550.4,29552.0,1720
2026-08-11T22:45:00Z,29551.9,29566.2,29547.0,29563.0,1285
2026-08-11T23:00:00Z,29562.8,29567.6,29553.0,29555.3,1444
2026-08-11T23:15:00Z,29555.4,29567.3,29554.0,29565.2,992
2026-08-11T23:30:00Z,29565.3,29565.5,29549.2,29553.8,1125
2026-08-11T23:45:00Z,29554.4,29575.6,29547.4,29575.0,5131
2026-08-12T00:00:00Z,29575.2,29582.4,29538.8,29563.0,14674
2026-08-12T00:15:00Z,29562.8,29588.5,29551.4,29578.2,10348
2026-08-12T00:30:00Z,29578.0,29592.6,29565.5,29574.4,8405
2026-08-12T00:45:00Z,29574.3,29584.7,29568.7,29579.8,8312
2026-08-12T01:00:00Z,29579.7,29594.0,29572.9,29586.8,9437
2026-08-12T01:15:00Z,29587.0,29588.2,29552.4,29575.5,8630
2026-08-12T01:30:00Z,29575.6,29591.0,29559.2,29590.5,9098
2026-08-12T01:45:00Z,29590.4,29596.0,29560.2,29571.2,8152
2026-08-12T02:00:00Z,29571.8,29583.6,29562.8,29570.6,6587
2026-08-12T02:15:00Z,29570.8,29590.8,29567.0,29589.8,4798
2026-08-12T02:30:00Z,29590.0,29606.6,29588.2,29601.0,3900
2026-08-12T02:45:00Z,29601.0,29616.0,29600.6,29615.2,3484
2026-08-12T03:00:00Z,29615.4,29622.8,29608.6,29618.6,4262
2026-08-12T03:15:00Z,29618.6,29621.0,29608.2,29615.4,3794
2026-08-12T03:30:00Z,29615.0,29617.7,29602.0,29604.6,5636
2026-08-12T03:45:00Z,29604.8,29613.8,29598.2,29608.0,4638
2026-08-12T04:00:00Z,29607.5,29615.0,29602.7,29610.0,3651
2026-08-12T04:15:00Z,29610.0,29615.6,29604.2,29610.4,2924
2026-08-12T04:30:00Z,29610.6,29612.4,29596.7,29610.0,3214
2026-08-12T04:45:00Z,29609.8,29628.6,29605.2,29626.6,2378
2026-08-12T05:00:00Z,29626.7,29627.0,29598.0,29598.0,4047
2026-08-12T05:15:00Z,29597.6,29603.2,29581.6,29601.4,4924
2026-08-12T05:30:00Z,29601.2,29621.2,29599.8,29613.0,4585
2026-08-12T05:45:00Z,29613.2,29630.8,29610.2,29628.2,3982
2026-08-12T06:00:00Z,29627.6,29637.2,29620.2,29626.2,4437
2026-08-12T06:15:00Z,29626.3,29634.0,29610.6,29623.0,4907
2026-08-12T06:30:00Z,29623.0,29642.8,29618.2,29631.4,4684
2026-08-12T06:45:00Z,29631.2,29649.9,29631.0,29649.7,3380
2026-08-12T07:00:00Z,29649.8,29667.4,29648.0,29654.2,6022
2026-08-12T07:15:00Z,29654.2,29661.0,29640.6,29652.0,4404
2026-08-12T07:30:00Z,29651.8,29656.8,29642.4,29654.0,4284
2026-08-12T07:45:00Z,29653.6,29664.0,29643.4,29664.0,3892
2026-08-12T08:00:00Z,29664.5,29694.0,29660.6,29684.4,6516
2026-08-12T08:15:00Z,29684.2,29705.6,29676.8,29698.8,5514
2026-08-12T08:30:00Z,29698.9,29700.0,29676.0,29686.8,5129
2026-08-12T08:45:00Z,29687.0,29712.2,29684.2,29707.0,3531
2026-08-12T09:00:00Z,29707.0,29724.6,29706.2,29721.0,4102
2026-08-12T09:15:00Z,29721.2,29761.6,29717.4,29736.0,8208
2026-08-12T09:30:00Z,29736.0,29751.4,29736.0,29742.6,5963
2026-08-12T09:45:00Z,29743.4,29746.9,29715.6,29729.0,6899
2026-08-12T10:00:00Z,29729.6,29755.6,29727.6,29751.4,4767
2026-08-12T10:15:00Z,29751.6,29758.0,29746.6,29752.0,4353
2026-08-12T10:30:00Z,29752.2,29756.6,29745.2,29753.9,3620
2026-08-12T10:45:00Z,29754.0,29754.2,29699.2,29728.2,7807
2026-08-12T11:00:00Z,29729.2,29750.2,29727.8,29734.4,6456
2026-08-12T11:15:00Z,29734.0,29735.0,29718.4,29723.2,5338
2026-08-12T11:30:00Z,29723.4,29744.7,29719.0,29738.8,4932
2026-08-12T11:45:00Z,29738.2,29759.2,29732.2,29758.6,5042
2026-08-12T12:00:00Z,29757.9,29770.7,29742.2,29742.8,6765
2026-08-12T12:15:00Z,29743.0,29830.9,29734.2,29824.8,8972
2026-08-12T12:30:00Z,29822.0,29852.8,29669.3,29830.2,22304
2026-08-12T12:45:00Z,29830.0,29835.0,29813.8,29832.4,12878
2026-08-12T13:00:00Z,29832.0,29854.3,29829.7,29852.4,11707
2026-08-12T13:15:00Z,29852.0,29904.9,29848.5,29904.4,10314
2026-08-12T13:30:00Z,29904.2,29913.8,29766.4,29812.6,41470
2026-08-12T13:45:00Z,29812.8,29882.2,29773.4,29820.2,32730
2026-08-12T14:00:00Z,29820.2,29849.2,29762.0,29806.0,28102
2026-08-12T14:15:00Z,29805.7,29858.2,29777.5,29829.4,26192
2026-08-12T14:30:00Z,29829.2,29842.0,29744.8,29837.6,26560
2026-08-12T14:45:00Z,29837.7,29844.0,29761.8,29780.6,24793
2026-08-12T15:00:00Z,29780.4,29804.2,29751.9,29792.6,22865
2026-08-12T15:15:00Z,29792.9,29800.0,29756.4,29787.4,19786
2026-08-12T15:30:00Z,29787.6,29791.8,29731.7,29741.4,19173
2026-08-12T15:45:00Z,29741.8,29766.9,29732.0,29744.8,16151
2026-08-12T16:00:00Z,29745.2,29790.4,29742.2,29786.2,14480
2026-08-12T16:15:00Z,29786.0,29800.3,29771.0,29786.7,12533
2026-08-12T16:30:00Z,29786.6,29807.4,29763.9,29798.2,13040
2026-08-12T16:45:00Z,29798.2,29830.2,29792.2,29818.2,10988
2026-08-12T17:00:00Z,29818.4,29837.2,29810.7,29824.2,9639
2026-08-12T17:15:00Z,29824.2,29832.7,29802.4,29822.9,10829
2026-08-12T17:30:00Z,29822.8,29835.0,29814.4,29828.2,9515
2026-08-12T17:45:00Z,29828.2,29836.8,29814.7,29823.2,9477
2026-08-12T18:00:00Z,29823.2,29831.4,29803.8,29820.4,9634
2026-08-12T18:15:00Z,29820.2,29826.4,29803.5,29806.9,9154
2026-08-12T18:30:00Z,29807.0,29841.0,29806.9,29832.2,8428
2026-08-12T18:45:00Z,29832.2,29836.0,29798.0,29803.2,9174
2026-08-12T19:00:00Z,29803.2,29817.2,29792.2,29797.4,9820
2026-08-12T19:15:00Z,29797.2,29810.8,29769.0,29780.2,10286
2026-08-12T19:30:00Z,29779.9,29781.0,29744.9,29762.2,12676
2026-08-12T19:45:00Z,29761.9,29780.8,29738.9,29765.9,17515
2026-08-12T20:00:00Z,29765.8,29818.9,29744.2,29759.7,8359
2026-08-12T20:15:00Z,29759.0,29764.2,29730.3,29735.0,4356
2026-08-12T20:30:00Z,29735.1,29738.6,29725.2,29735.7,3290
2026-08-12T20:45:00Z,29735.8,29738.3,29723.6,29723.8,2769
2026-08-12T22:00:00Z,29738.2,29740.3,29715.6,29720.5,2685
2026-08-12T22:15:00Z,29719.5,29723.6,29699.2,29708.3,2278
2026-08-12T22:30:00Z,29708.2,29710.8,29696.0,29707.5,1775
2026-08-12T22:45:00Z,29707.4,29718.4,29704.0,29712.5,1431
2026-08-12T23:00:00Z,29712.7,29726.2,29712.0,29724.0,1733
2026-08-12T23:15:00Z,29724.0,29727.2,29717.0,29720.3,1307
2026-08-12T23:30:00Z,29720.6,29729.7,29707.6,29726.2,1857
2026-08-12T23:45:00Z,29726.0,29727.6,29708.4,29719.8,4457
2026-08-13T00:00:00Z,29720.0,29778.0,29711.5,29762.6,10325
2026-08-13T00:15:00Z,29762.5,29781.0,29753.2,29754.3,8847
2026-08-13T00:30:00Z,29754.2,29767.8,29743.4,29756.8,9704
2026-08-13T00:45:00Z,29756.6,29764.7,29744.3,29761.2,8045
2026-08-13T01:00:00Z,29760.2,29766.8,29736.4,29745.8,8565
2026-08-13T01:15:00Z,29746.2,29753.0,29723.2,29732.4,7640
2026-08-13T01:30:00Z,29732.2,29758.6,29729.4,29752.4,8374
2026-08-13T01:45:00Z,29752.6,29780.0,29742.6,29772.0,7243
2026-08-13T02:00:00Z,29772.0,29786.2,29769.0,29777.0,5195
2026-08-13T02:15:00Z,29777.2,29784.4,29772.2,29777.0,4234
2026-08-13T02:30:00Z,29776.5,29792.2,29748.6,29788.4,6379
2026-08-13T02:45:00Z,29788.0,29789.2,29781.2,29783.8,3649
2026-08-13T03:00:00Z,29783.0,29790.2,29780.4,29788.6,3955
2026-08-13T03:15:00Z,29788.6,29793.6,29786.6,29788.6,2992
2026-08-13T03:30:00Z,29789.0,29794.4,29781.9,29791.2,4056
2026-08-13T03:45:00Z,29791.2,29794.8,29790.2,29793.6,2030
2026-08-13T04:00:00Z,29793.2,29806.6,29784.2,29784.8,3110
2026-08-13T04:15:00Z,29784.6,29799.2,29769.2,29791.6,4777
2026-08-13T04:30:00Z,29791.5,29810.6,29791.0,29794.0,3662
2026-08-13T04:45:00Z,29793.8,29809.8,29788.2,29794.3,4317
2026-08-13T05:00:00Z,29794.2,29831.0,29789.8,29830.2,4075
2026-08-13T05:15:00Z,29830.2,29836.8,29823.0,29836.0,3401
2026-08-13T05:30:00Z,29836.0,29838.6,29812.0,29817.4,5169
2026-08-13T05:45:00Z,29817.6,29823.2,29798.2,29799.0,4866
2026-08-13T06:00:00Z,29799.4,29811.2,29784.0,29808.3,6215
2026-08-13T06:15:00Z,29808.4,29820.2,29800.2,29812.2,5449
2026-08-13T06:30:00Z,29812.3,29820.0,29776.0,29777.6,5480
2026-08-13T06:45:00Z,29777.5,29805.0,29773.8,29803.6,4224
2026-08-13T07:00:00Z,29803.6,29808.2,29760.2,29768.6,7104
2026-08-13T07:15:00Z,29768.4,29788.2,29762.9,29785.6,5236
2026-08-13T07:30:00Z,29785.8,29797.0,29776.6,29795.0,4438
2026-08-13T07:45:00Z,29794.6,29796.2,29773.2,29775.2,4774
2026-08-13T08:00:00Z,29775.6,29786.7,29744.0,29753.3,9433
2026-08-13T08:15:00Z,29753.2,29779.6,29742.6,29773.5,7022
2026-08-13T08:30:00Z,29773.6,29780.6,29761.2,29777.6,5888
2026-08-13T08:45:00Z,29777.8,29789.8,29769.3,29776.0,4577
2026-08-13T09:00:00Z,29775.8,29783.4,29748.4,29748.4,5525
2026-08-13T09:15:00Z,29747.6,29764.0,29736.2,29752.2,4871
2026-08-13T09:30:00Z,29752.2,29776.4,29751.6,29775.2,3555
2026-08-13T09:45:00Z,29775.0,29794.4,29772.8,29791.6,3498
2026-08-13T10:00:00Z,29791.6,29793.0,29778.2,29790.2,4320
2026-08-13T10:15:00Z,29790.0,29799.0,29779.0,29788.0,3871
2026-08-13T10:30:00Z,29788.2,29795.8,29783.6,29792.8,3598
2026-08-13T10:45:00Z,29792.9,29801.2,29789.8,29795.6,3303
2026-08-13T11:00:00Z,29796.6,29807.0,29785.6,29787.6,5175
2026-08-13T11:15:00Z,29787.8,29790.2,29770.6,29777.6,4574
2026-08-13T11:30:00Z,29777.4,29803.4,29772.2,29803.0,5074
2026-08-13T11:45:00Z,29803.0,29809.6,29783.0,29783.6,5277
2026-08-13T12:00:00Z,29783.4,29787.0,29748.6,29755.6,8552
2026-08-13T12:15:00Z,29755.6,29771.0,29728.0,29768.3,8013
2026-08-13T12:30:00Z,29767.5,29804.2,29735.4,29761.2,13445
2026-08-13T12:45:00Z,29761.0,29796.0,29756.0,29795.2,8206
2026-08-13T13:00:00Z,29795.4,29835.6,29793.6,29823.2,8271
2026-08-13T13:15:00Z,29823.0,29834.7,29815.2,29825.6,7049
2026-08-13T13:30:00Z,29825.8,29968.2,29778.8,29927.6,34787
2026-08-13T13:45:00Z,29927.7,30095.8,29920.8,30090.7,29686
2026-08-13T14:00:00Z,30091.4,30129.4,30071.0,30120.7,24488
2026-08-13T14:15:00Z,30120.8,30152.8,30100.3,30148.6,21098
2026-08-13T14:30:00Z,30148.4,30181.9,30142.4,30151.2,20659
2026-08-13T14:45:00Z,30150.5,30156.2,30113.2,30114.4,23892
2026-08-13T15:00:00Z,30114.7,30146.4,30109.6,30132.6,22398
2026-08-13T15:15:00Z,30132.7,30153.4,30094.7,30103.0,22940
2026-08-13T15:30:00Z,30103.2,30113.2,30043.2,30071.2,23922
2026-08-13T15:45:00Z,30071.8,30071.8,30019.8,30031.9,18909
2026-08-13T16:00:00Z,30032.0,30089.4,30031.2,30058.0,16118
2026-08-13T16:15:00Z,30058.2,30105.9,30050.7,30103.2,14376
2026-08-13T16:30:00Z,30103.7,30116.4,30085.0,30100.4,13144
2026-08-13T16:45:00Z,30100.2,30120.2,30093.4,30110.4,11100
2026-08-13T17:00:00Z,30110.9,30149.4,30109.6,30143.0,9702
2026-08-13T17:15:00Z,30143.2,30166.8,30141.7,30154.4,8663
2026-08-13T17:30:00Z,30154.6,30161.4,30131.2,30131.2,9642
2026-08-13T17:45:00Z,30131.2,30144.7,30120.7,30121.4,9333
2026-08-13T18:00:00Z,30121.7,30132.0,30106.4,30118.4,10229
2026-08-13T18:15:00Z,30118.2,30124.7,30098.2,30108.7,9871
2026-08-13T18:30:00Z,30109.0,30153.7,30108.7,30145.6,10672
2026-08-13T18:45:00Z,30145.7,30162.7,30145.4,30160.9,9346
2026-08-13T19:00:00Z,30161.2,30189.8,30149.5,30155.7,10178
2026-08-13T19:15:00Z,30155.4,30162.7,30132.3,30139.9,12044
2026-08-13T19:30:00Z,30139.6,30144.4,30119.8,30121.4,12777
2026-08-13T19:45:00Z,30121.5,30123.7,30090.6,30110.9,15971
2026-08-13T20:00:00Z,30111.3,30135.9,30062.0,30125.6,8198
2026-08-13T20:15:00Z,30125.4,30131.0,30109.2,30115.2,3335
2026-08-13T20:30:00Z,30114.8,30130.0,30112.8,30126.8,2443
2026-08-13T20:45:00Z,30126.6,30133.2,30125.6,30133.2,1970
2026-08-13T22:00:00Z,30108.0,30132.2,30107.4,30112.2,2869
2026-08-13T22:15:00Z,30111.0,30121.2,30105.5,30113.4,1877
2026-08-13T22:30:00Z,30113.6,30125.2,30113.0,30122.0,1369
2026-08-13T22:45:00Z,30121.5,30123.0,30115.4,30119.0,803
2026-08-13T23:00:00Z,30118.8,30140.0,30115.3,30140.0,779
2026-08-13T23:15:00Z,30140.5,30141.5,30108.4,30114.7,1071
2026-08-13T23:30:00Z,30114.5,30119.0,30108.8,30111.8,1790
2026-08-13T23:45:00Z,30112.0,30120.0,30105.8,30118.6,4799
2026-08-14T00:00:00Z,30118.6,30147.2,30111.6,30116.0,9808
2026-08-14T00:15:00Z,30116.2,30119.6,30093.0,30100.2,9165
2026-08-14T00:30:00Z,30100.4,30106.8,30090.2,30094.2,6176
2026-08-14T00:45:00Z,30094.4,30102.0,30082.2,30085.2,7165
2026-08-14T01:00:00Z,30085.0,30085.2,30039.9,30044.2,9557
2026-08-14T01:15:00Z,30044.4,30069.5,30040.2,30068.2,9017
2026-08-14T01:30:00Z,30068.0,30078.0,30056.4,30075.6,8362
2026-08-14T01:45:00Z,30075.4,30083.6,30065.0,30067.2,7164
2026-08-14T02:00:00Z,30067.2,30087.0,30065.0,30082.6,5986
2026-08-14T02:15:00Z,30083.0,30085.2,30071.6,30083.2,4845
2026-08-14T02:30:00Z,30083.2,30096.2,30082.6,30089.6,3921
2026-08-14T02:45:00Z,30089.7,30093.6,30065.4,30069.8,4421
2026-08-14T03:00:00Z,30069.6,30080.2,30066.0,30077.6,4103
2026-08-14T03:15:00Z,30077.6,30095.8,30076.0,30095.6,2789
2026-08-14T03:30:00Z,30095.9,30096.8,30072.2,30073.0,4975
2026-08-14T03:45:00Z,30073.4,30078.0,30067.7,30068.0,3004
2026-08-14T04:00:00Z,30068.0,30076.2,30060.2,30071.0,4504
2026-08-14T04:15:00Z,30070.8,30080.6,30066.6,30073.6,4198
2026-08-14T04:30:00Z,30073.8,30079.2,30053.6,30069.6,4727
2026-08-14T04:45:00Z,30069.8,30070.4,30060.7,30063.2,3135
2026-08-14T05:00:00Z,30063.4,30067.9,30043.6,30059.4,5101
2026-08-14T05:15:00Z,30059.6,30067.2,30053.7,30065.0,4137
2026-08-14T05:30:00Z,30064.9,30082.7,30055.8,30082.0,5071
2026-08-14T05:45:00Z,30082.0,30096.9,30080.4,30089.6,3309
2026-08-14T06:00:00Z,30089.8,30093.6,30065.4,30068.2,4711
2026-08-14T06:15:00Z,30068.5,30079.8,30064.0,30078.2,3565
2026-08-14T06:30:00Z,30078.3,30080.8,30065.0,30075.2,3167
2026-08-14T06:45:00Z,30075.3,30092.6,30075.2,30088.2,2347
2026-08-14T07:00:00Z,30088.4,30109.4,30086.8,30090.4,6304
2026-08-14T07:15:00Z,30090.8,30096.8,30087.4,30092.6,4750
2026-08-14T07:30:00Z,30092.6,30118.8,30088.6,30118.6,3242
2026-08-14T07:45:00Z,30118.4,30118.6,30107.0,30109.6,3543
2026-08-14T08:00:00Z,30110.3,30150.3,30102.8,30129.0,7595
2026-08-14T08:15:00Z,30128.9,30146.9,30121.5,30140.4,6811
2026-08-14T08:30:00Z,30140.5,30155.6,30136.6,30143.2,5664
2026-08-14T08:45:00Z,30143.4,30154.6,30136.0,30136.9,4582
2026-08-14T09:00:00Z,30136.8,30137.5,30125.8,30133.8,4477
2026-08-14T09:15:00Z,30133.7,30148.0,30130.2,30141.4,4331
2026-08-14T09:30:00Z,30141.6,30142.0,30122.6,30125.6,4627
2026-08-14T09:45:00Z,30125.8,30151.7,30122.8,30150.0,3816
2026-08-14T10:00:00Z,30150.6,30165.0,30148.9,30156.2,4221
2026-08-14T10:15:00Z,30156.2,30156.3,30138.0,30144.2,3524
2026-08-14T10:30:00Z,30144.2,30152.8,30139.0,30152.2,3786
2026-08-14T10:45:00Z,30152.0,30167.2,30148.2,30166.9,3589
2026-08-14T11:00:00Z,30166.8,30176.9,30162.0,30168.8,5222
2026-08-14T11:15:00Z,30169.2,30170.0,30157.8,30162.8,4286
2026-08-14T11:30:00Z,30162.9,30174.2,30152.9,30167.2,4849
2026-08-14T11:45:00Z,30166.7,30183.2,30164.6,30179.8,3937
2026-08-14T12:00:00Z,30179.7,30195.4,30124.7,30152.7,7007
2026-08-14T12:15:00Z,30152.0,30170.8,30141.4,30165.8,7905
2026-08-14T12:30:00Z,30166.0,30194.6,30162.7,30181.0,9177
2026-08-14T12:45:00Z,30181.2,30194.8,30170.2,30183.8,5485
2026-08-14T13:00:00Z,30183.7,30198.0,30168.2,30168.6,6607
2026-08-14T13:15:00Z,30169.2,30176.8,30153.3,30156.2,8577
2026-08-14T13:30:00Z,30157.2,30184.3,30086.0,30176.7,34121
2026-08-14T13:45:00Z,30175.8,30195.9,30127.2,30143.0,29462
2026-08-14T14:00:00Z,30142.5,30187.7,30124.0,30136.8,26018
2026-08-14T14:15:00Z,30137.4,30144.0,30050.2,30075.0,26139
2026-08-14T14:30:00Z,30074.9,30090.3,30044.7,30071.0,23534
2026-08-14T14:45:00Z,30070.9,30081.2,30038.4,30038.4,19087
2026-08-14T15:00:00Z,30039.2,30057.8,30003.8,30005.9,19397
2026-08-14T15:15:00Z,30006.0,30026.4,29952.3,29991.6,21105
2026-08-14T15:30:00Z,29991.6,29993.1,29948.6,29967.8,19141
2026-08-14T15:45:00Z,29968.1,29991.4,29947.9,29985.1,15846
2026-08-14T16:00:00Z,29985.2,30003.1,29969.6,29999.3,14411
2026-08-14T16:15:00Z,29999.0,30026.1,29994.4,30020.1,9785
2026-08-14T16:30:00Z,30019.8,30021.1,29983.4,29986.3,13456
2026-08-14T16:45:00Z,29985.8,29995.3,29973.6,29977.6,11859
2026-08-14T17:00:00Z,29977.6,29998.6,29971.8,29988.0,11563
2026-08-14T17:15:00Z,29987.8,29995.1,29967.1,29978.3,10328
2026-08-14T17:30:00Z,29978.2,29991.1,29970.1,29976.8,10757
2026-08-14T17:45:00Z,29977.0,30003.2,29968.7,30000.2,9021
2026-08-14T18:00:00Z,30000.1,30010.1,29992.6,29998.0,9467
2026-08-14T18:15:00Z,29997.8,30011.2,29984.6,29986.4,8176
2026-08-14T18:30:00Z,29986.3,30008.9,29981.6,30006.2,8293
2026-08-14T18:45:00Z,30006.3,30022.6,29997.1,30007.1,7092
2026-08-14T19:00:00Z,30007.4,30013.1,29995.8,30001.6,8437
2026-08-14T19:15:00Z,30001.6,30022.3,29997.6,30015.1,7729
2026-08-14T19:30:00Z,30015.0,30034.2,30010.6,30027.6,8996
2026-08-14T19:45:00Z,30027.6,30066.7,30020.8,30063.7,13096
2026-08-14T20:00:00Z,30063.6,30071.6,30050.1,30051.8,5380
2026-08-14T20:15:00Z,30051.9,30054.2,30046.1,30049.8,1738
2026-08-14T20:30:00Z,30049.9,30062.3,30047.2,30060.8,1620
2026-08-14T20:45:00Z,30060.9,30066.8,30057.2,30066.2,1185
2026-08-16T22:00:00Z,30089.6,30120.5,30088.5,30115.4,3258
2026-08-16T22:15:00Z,30115.8,30119.0,30109.8,30111.6,1362
2026-08-16T22:30:00Z,30111.8,30114.0,30108.3,30110.3,984
2026-08-16T22:45:00Z,30110.4,30129.0,30107.0,30124.0,1638
2026-08-16T23:00:00Z,30124.0,30125.0,30113.8,30115.2,1275
2026-08-16T23:15:00Z,30115.2,30122.4,30110.2,30115.4,1323
2026-08-16T23:30:00Z,30115.6,30124.6,30111.3,30124.2,1433
2026-08-16T23:45:00Z,30124.0,30146.0,30123.2,30133.6,3730
2026-08-17T00:00:00Z,30133.6,30145.2,30127.6,30137.0,8435
2026-08-17T00:15:00Z,30137.2,30137.4,30108.4,30114.4,5659
2026-08-17T00:30:00Z,30114.3,30116.3,30104.6,30108.6,3958
2026-08-17T00:45:00Z,30108.4,30120.8,30104.2,30119.8,4121
2026-08-17T01:00:00Z,30119.7,30151.6,30118.6,30132.6,7236
2026-08-17T01:15:00Z,30132.4,30156.8,30123.2,30148.4,5620
2026-08-17T01:30:00Z,30148.8,30150.9,30109.9,30117.6,7546
2026-08-17T01:45:00Z,30117.4,30121.0,30105.4,30110.2,5103
2026-08-17T02:00:00Z,30110.4,30118.8,30104.2,30118.8,4209
2026-08-17T02:15:00Z,30118.7,30140.7,30116.0,30134.6,3364
2026-08-17T02:30:00Z,30134.8,30143.2,30130.9,30139.2,3614
2026-08-17T02:45:00Z,30139.2,30149.2,30138.7,30141.0,3583
2026-08-17T03:00:00Z,30141.0,30153.0,30140.6,30145.0,3103
2026-08-17T03:15:00Z,30145.0,30153.6,30144.6,30152.2,2653
2026-08-17T03:30:00Z,30152.4,30164.7,30144.2,30159.6,3211
2026-08-17T03:45:00Z,30159.6,30164.9,30157.8,30164.8,2209
2026-08-17T04:00:00Z,30164.4,30171.8,30162.0,30169.4,2196
2026-08-17T04:15:00Z,30169.6,30169.8,30159.0,30159.0,1931
2026-08-17T04:30:00Z,30159.2,30162.8,30153.0,30162.6,1862
2026-08-17T04:45:00Z,30162.7,30166.2,30151.7,30153.4,1775
2026-08-17T05:00:00Z,30154.0,30165.0,30152.7,30161.0,2670
2026-08-17T05:15:00Z,30163.0,30164.6,30149.0,30162.6,3008
2026-08-17T05:30:00Z,30162.4,30181.2,30156.0,30181.2,3963
2026-08-17T05:45:00Z,30181.0,30192.4,30179.2,30191.0,2602
2026-08-17T06:00:00Z,30191.2,30213.0,30186.0,30206.2,3612
2026-08-17T06:15:00Z,30206.4,30217.0,30190.8,30215.4,2956
2026-08-17T06:30:00Z,30215.2,30245.2,30212.2,30232.0,3401
2026-08-17T06:45:00Z,30232.3,30243.6,30229.9,30242.9,2986
2026-08-17T07:00:00Z,30242.8,30250.0,30193.0,30194.0,6699
2026-08-17T07:15:00Z,30194.2,30198.8,30179.5,30198.2,6151
2026-08-17T07:30:00Z,30198.2,30242.6,30195.2,30236.6,5351
2026-08-17T07:45:00Z,30236.6,30241.0,30225.2,30231.0,4640
2026-08-17T08:00:00Z,30229.8,30246.0,30215.0,30225.0,8492
2026-08-17T08:15:00Z,30225.2,30238.0,30221.4,30234.0,6527
2026-08-17T08:30:00Z,30234.0,30237.8,30206.2,30206.6,5757
2026-08-17T08:45:00Z,30206.6,30223.8,30202.5,30216.4,5019
2026-08-17T09:00:00Z,30216.5,30221.2,30206.7,30216.2,5539
2026-08-17T09:15:00Z,30216.3,30216.4,30186.4,30193.2,4867
2026-08-17T09:30:00Z,30193.0,30201.3,30186.0,30200.6,5119
2026-08-17T09:45:00Z,30200.4,30209.6,30195.0,30200.0,5203
2026-08-17T10:00:00Z,30200.0,30213.8,30195.0,30213.5,4379
2026-08-17T10:15:00Z,30213.6,30258.0,30198.0,30255.4,6522
2026-08-17T10:30:00Z,30255.8,30256.4,30211.3,30229.2,9264
2026-08-17T10:45:00Z,30229.2,30235.4,30223.7,30233.2,4351
2026-08-17T11:00:00Z,30233.4,30243.2,30214.9,30218.6,6706
2026-08-17T11:15:00Z,30218.6,30225.2,30205.2,30218.0,5320
2026-08-17T11:30:00Z,30218.0,30224.2,30211.2,30222.8,5444
2026-08-17T11:45:00Z,30222.9,30228.2,30204.9,30205.0,4657
2026-08-17T12:00:00Z,30205.6,30207.0,30165.4,30197.0,7938
2026-08-17T12:15:00Z,30197.0,30198.8,30140.4,30155.8,10071
2026-08-17T12:30:00Z,30156.0,30168.3,30101.7,30108.0,11572
2026-08-17T12:45:00Z,30108.2,30131.4,30099.7,30120.8,7714
2026-08-17T13:00:00Z,30120.4,30143.2,30118.0,30137.0,7178
2026-08-17T13:15:00Z,30137.4,30156.0,30124.4,30136.6,7960
2026-08-17T13:30:00Z,30137.2,30184.0,30084.2,30114.2,35939
2026-08-17T13:45:00Z,30115.2,30172.7,30093.2,30153.2,28642
2026-08-17T14:00:00Z,30153.0,30161.2,30079.8,30142.9,25553
2026-08-17T14:15:00Z,30143.2,30144.2,30075.9,30115.2,22434
2026-08-17T14:30:00Z,30115.7,30135.2,30104.2,30122.6,19880
2026-08-17T14:45:00Z,30122.7,30164.2,30118.0,30162.2,16865
2026-08-17T15:00:00Z,30162.6,30204.9,30151.8,30175.9,16074
2026-08-17T15:15:00Z,30176.0,30196.2,30173.9,30187.9,13434
2026-08-17T15:30:00Z,30188.2,30191.7,30135.2,30154.6,16081
2026-08-17T15:45:00Z,30154.7,30176.6,30141.8,30166.2,12188
2026-08-17T16:00:00Z,30166.3,30170.1,30127.1,30130.8,12569
2026-08-17T16:15:00Z,30130.7,30144.6,30124.1,30133.8,10592
2026-08-17T16:30:00Z,30134.1,30139.4,30109.1,30110.6,9252
2026-08-17T16:45:00Z,30110.6,30119.3,30102.2,30110.6,9042
2026-08-17T17:00:00Z,30110.4,30114.0,30055.6,30056.2,11292
2026-08-17T17:15:00Z,30056.1,30068.4,30020.7,30023.6,16400
2026-08-17T17:30:00Z,30023.6,30054.8,30013.6,30050.3,14993
2026-08-17T17:45:00Z,30050.2,30054.4,30023.9,30029.0,11325
2026-08-17T18:00:00Z,30029.1,30040.2,30006.6,30027.0,13033
2026-08-17T18:15:00Z,30026.8,30040.6,30016.3,30030.2,10348
2026-08-17T18:30:00Z,30030.6,30046.7,30019.8,30044.2,8962
2026-08-17T18:45:00Z,30044.1,30063.4,30042.3,30049.1,7382
2026-08-17T19:00:00Z,30049.6,30051.2,30010.4,30011.3,9469
2026-08-17T19:15:00Z,30011.2,30040.7,30008.9,30020.2,9870
2026-08-17T19:30:00Z,30020.3,30038.4,30015.7,30029.3,10753
2026-08-17T19:45:00Z,30029.4,30049.0,29993.6,30017.4,14809
2026-08-17T20:00:00Z,30018.2,30024.2,29997.6,30004.6,5471
2026-08-17T20:15:00Z,30004.6,30009.1,29996.0,30004.6,2299
2026-08-17T20:30:00Z,30004.8,30006.6,29988.4,29990.8,2225
2026-08-17T20:45:00Z,29990.6,30005.2,29982.1,30000.9,2729
2026-08-17T22:00:00Z,30008.2,30017.4,29998.0,30000.3,2687
2026-08-17T22:15:00Z,30000.1,30011.2,29989.0,30002.1,2264
2026-08-17T22:30:00Z,30002.0,30003.0,29994.1,29997.8,1453
2026-08-17T22:45:00Z,29997.6,30009.8,29996.9,30005.6,1352
2026-08-17T23:00:00Z,30005.4,30013.3,29997.1,30007.9,1528
2026-08-17T23:15:00Z,30008.0,30014.2,29998.6,30010.2,1272
2026-08-17T23:30:00Z,30010.1,30026.8,30008.6,30022.8,1800
2026-08-17T23:45:00Z,30022.8,30026.8,30007.2,30021.2,4634
2026-08-18T00:00:00Z,30021.0,30030.1,30010.2,30026.8,9297
2026-08-18T00:15:00Z,30027.4,30040.4,30018.1,30027.2,5798
2026-08-18T00:30:00Z,30027.1,30039.8,30025.0,30038.8,4686
2026-08-18T00:45:00Z,30038.8,30047.6,30023.2,30025.2,4848
2026-08-18T01:00:00Z,30025.4,30036.3,30016.8,30035.8,7005
2026-08-18T01:15:00Z,30035.8,30036.3,30003.3,30013.6,6267
2026-08-18T01:30:00Z,30013.8,30016.4,29969.0,29976.2,7837
2026-08-18T01:45:00Z,29976.2,29981.8,29897.5,29938.8,12323
2026-08-18T02:00:00Z,29939.0,29948.2,29890.2,29892.2,9353
2026-08-18T02:15:00Z,29892.4,29897.0,29850.6,29859.6,10900
2026-08-18T02:30:00Z,29859.6,29886.2,29833.8,29836.1,10449
2026-08-18T02:45:00Z,29836.2,29847.2,29807.2,29835.1,10000
2026-08-18T03:00:00Z,29835.2,29842.2,29815.0,29820.6,7859
2026-08-18T03:15:00Z,29820.8,29824.0,29788.1,29806.4,7488
2026-08-18T03:30:00Z,29806.2,29823.8,29779.8,29821.6,9273
2026-08-18T03:45:00Z,29821.6,29835.3,29809.0,29819.6,7392
2026-08-18T04:00:00Z,29819.6,29825.2,29797.2,29824.6,7445
2026-08-18T04:15:00Z,29824.6,29841.4,29806.2,29838.0,6236
2026-08-18T04:30:00Z,29838.1,29847.4,29818.8,29826.8,5407
2026-08-18T04:45:00Z,29826.9,29853.5,29822.4,29844.0,4072
2026-08-18T05:00:00Z,29844.1,29845.2,29803.3,29806.2,5883
2026-08-18T05:15:00Z,29806.4,29813.3,29801.0,29802.6,5052
2026-08-18T05:30:00Z,29802.6,29803.4,29789.0,29792.0,6007
2026-08-18T05:45:00Z,29791.8,29806.8,29763.0,29767.4,5587
2026-08-18T06:00:00Z,29767.0,29770.6,29712.4,29762.2,9993
2026-08-18T06:15:00Z,29762.1,29793.3,29747.5,29785.9,8042
2026-08-18T06:30:00Z,29786.6,29802.2,29779.2,29792.6,6030
2026-08-18T06:45:00Z,29792.3,29822.2,29789.6,29819.8,4132
2026-08-18T07:00:00Z,29819.1,29823.3,29788.4,29788.6,9235
2026-08-18T07:15:00Z,29788.6,29797.8,29772.6,29773.3,6527
2026-08-18T07:30:00Z,29773.8,29780.8,29748.2,29752.2,7364
2026-08-18T07:45:00Z,29752.2,29767.4,29735.2,29737.0,6544
2026-08-18T08:00:00Z,29736.8,29740.6,29664.9,29693.1,13322
2026-08-18T08:15:00Z,29693.4,29711.6,29662.4,29684.6,9611
2026-08-18T08:30:00Z,29684.5,29718.8,29674.4,29708.9,8847
2026-08-18T08:45:00Z,29708.8,29709.2,29669.4,29693.1,7103
2026-08-18T09:00:00Z,29693.0,29704.2,29670.8,29691.4,8950
2026-08-18T09:15:00Z,29691.6,29697.4,29650.8,29662.4,7692
2026-08-18T09:30:00Z,29662.5,29668.3,29625.6,29638.8,8299
2026-08-18T09:45:00Z,29638.9,29663.6,29614.0,29659.2,8136
2026-08-18T10:00:00Z,29659.1,29669.6,29642.5,29648.4,6844
2026-08-18T10:15:00Z,29648.6,29669.0,29631.2,29653.8,6186
2026-08-18T10:30:00Z,29653.4,29671.8,29647.0,29654.9,5988
2026-08-18T10:45:00Z,29654.6,29678.8,29647.8,29665.2,4652
2026-08-18T11:00:00Z,29667.5,29699.4,29656.8,29695.0,7698
2026-08-18T11:15:00Z,29694.6,29700.0,29680.2,29684.2,5838
2026-08-18T11:30:00Z,29684.1,29686.6,29653.8,29681.8,7222
2026-08-18T11:45:00Z,29681.6,29700.0,29672.4,29674.2,6855
2026-08-18T12:00:00Z,29674.4,29712.0,29653.6,29660.0,8763
2026-08-18T12:15:00Z,29660.4,29686.0,29638.0,29640.1,8254
2026-08-18T12:30:00Z,29640.0,29648.9,29612.6,29615.2,7830
2026-08-18T12:45:00Z,29614.6,29647.4,29607.8,29639.8,5863
2026-08-18T13:00:00Z,29639.8,29652.6,29617.6,29623.3,6750
2026-08-18T13:15:00Z,29623.2,29635.3,29604.8,29616.6,9395
2026-08-18T13:30:00Z,29616.9,29695.8,29558.0,29613.6,42186
2026-08-18T13:45:00Z,29613.5,29626.8,29531.5,29573.4,33051
2026-08-18T14:00:00Z,29574.1,29632.0,29495.2,29513.6,32134
2026-08-18T14:15:00Z,29513.5,29610.3,29504.6,29595.6,28599
2026-08-18T14:30:00Z,29595.8,29617.3,29539.0,29540.0,24999
2026-08-18T14:45:00Z,29539.8,29551.2,29463.3,29474.4,25391
2026-08-18T15:00:00Z,29474.3,29497.6,29440.8,29473.2,25230
2026-08-18T15:15:00Z,29473.3,29526.3,29458.6,29517.8,20649
2026-08-18T15:30:00Z,29517.8,29538.2,29498.1,29530.0,20129
2026-08-18T15:45:00Z,29530.3,29572.6,29530.2,29568.3,18195
2026-08-18T16:00:00Z,29568.6,29594.8,29557.8,29578.2,16269
2026-08-18T16:15:00Z,29578.6,29589.0,29541.3,29542.0,14862
2026-08-18T16:30:00Z,29541.8,29581.8,29535.6,29561.2,14694
2026-08-18T16:45:00Z,29561.8,29602.8,29551.0,29581.3,13340
2026-08-18T17:00:00Z,29581.6,29592.6,29550.3,29567.0,13277
2026-08-18T17:15:00Z,29567.1,29567.3,29525.0,29547.4,11034
2026-08-18T17:30:00Z,29547.6,29553.4,29523.4,29535.6,11243
2026-08-18T17:45:00Z,29535.6,29546.8,29497.6,29497.6,10113
2026-08-18T18:00:00Z,29497.6,29510.7,29479.2,29506.8,12564
2026-08-18T18:15:00Z,29507.2,29546.1,29502.3,29535.0,11574
2026-08-18T18:30:00Z,29534.8,29545.3,29516.3,29517.6,10181
2026-08-18T18:45:00Z,29518.1,29529.4,29497.6,29503.3,9520
2026-08-18T19:00:00Z,29503.2,29517.7,29496.3,29503.8,10349
2026-08-18T19:15:00Z,29504.1,29538.1,29496.8,29531.6,10334
2026-08-18T19:30:00Z,29532.0,29537.4,29514.8,29532.3,11244
2026-08-18T19:45:00Z,29532.2,29540.7,29491.3,29517.6,15924
2026-08-18T20:00:00Z,29518.1,29528.8,29498.0,29505.1,5439
2026-08-18T20:15:00Z,29505.4,29512.1,29493.3,29510.2,2346
2026-08-18T20:30:00Z,29510.3,29517.6,29506.4,29509.3,1459
2026-08-18T20:45:00Z,29509.2,29510.3,29482.1,29492.8,2463
2026-08-18T22:00:00Z,29499.8,29513.4,29486.8,29505.9,2789
2026-08-18T22:15:00Z,29506.0,29524.6,29476.9,29478.3,3017
2026-08-18T22:30:00Z,29478.1,29483.3,29453.6,29464.0,2999
2026-08-18T22:45:00Z,29464.4,29467.0,29448.9,29451.2,2266
2026-08-18T23:00:00Z,29451.1,29473.1,29446.8,29464.8,2352
2026-08-18T23:15:00Z,29464.6,29499.0,29453.3,29477.9,2670
2026-08-18T23:30:00Z,29478.0,29480.1,29455.1,29465.8,2580
2026-08-18T23:45:00Z,29464.4,29482.5,29456.6,29459.6,7583
2026-08-19T00:00:00Z,29459.6,29460.6,29374.9,29392.0,15802
2026-08-19T00:15:00Z,29392.4,29461.4,29382.1,29461.0,13752
2026-08-19T00:30:00Z,29461.1,29506.8,29460.9,29501.2,11859
2026-08-19T00:45:00Z,29501.1,29517.3,29465.6,29471.9,11068
2026-08-19T01:00:00Z,29471.6,29529.0,29461.8,29517.4,13335
2026-08-19T01:15:00Z,29517.2,29541.0,29501.0,29532.9,13411
2026-08-19T01:30:00Z,29533.0,29536.3,29495.4,29507.4,13086
2026-08-19T01:45:00Z,29507.3,29514.9,29494.6,29510.0,11863
2026-08-19T02:00:00Z,29510.2,29515.0,29457.6,29464.8,9645
2026-08-19T02:15:00Z,29464.6,29495.0,29453.2,29473.8,11851
2026-08-19T02:30:00Z,29473.8,29477.0,29447.0,29454.6,9133
2026-08-19T02:45:00Z,29454.6,29475.2,29449.8,29463.0,8540
2026-08-19T03:00:00Z,29463.2,29485.8,29452.0,29462.6,7269
2026-08-19T03:15:00Z,29462.6,29482.2,29451.6,29465.8,7381
2026-08-19T03:30:00Z,29465.6,29498.2,29460.1,29462.2,8610
2026-08-19T03:45:00Z,29462.1,29476.8,29447.8,29457.0,6823
2026-08-19T04:00:00Z,29457.1,29459.2,29439.5,29447.8,6071
2026-08-19T04:15:00Z,29447.6,29474.8,29438.8,29464.8,7186
2026-08-19T04:30:00Z,29464.9,29472.0,29429.8,29431.8,7916
2026-08-19T04:45:00Z,29431.8,29438.6,29395.6,29437.2,7259
2026-08-19T05:00:00Z,29437.4,29466.0,29413.8,29420.0,10833
2026-08-19T05:15:00Z,29420.4,29441.2,29397.8,29439.6,10324
2026-08-19T05:30:00Z,29439.8,29443.6,29391.3,29404.6,10015
2026-08-19T05:45:00Z,29404.6,29409.1,29378.5,29388.6,7879
2026-08-19T06:00:00Z,29388.3,29397.9,29362.1,29367.1,10159
2026-08-19T06:15:00Z,29367.0,29435.8,29366.4,29413.8,9341
2026-08-19T06:30:00Z,29413.6,29425.8,29391.8,29422.4,8933
2026-08-19T06:45:00Z,29422.6,29492.8,29422.6,29490.2,8519
2026-08-19T07:00:00Z,29490.3,29494.9,29452.6,29490.1,10898
2026-08-19T07:15:00Z,29490.2,29509.8,29464.6,29509.8,7469
2026-08-19T07:30:00Z,29509.6,29520.6,29478.6,29502.6,7533
2026-08-19T07:45:00Z,29502.6,29538.0,29500.8,29532.1,6743
2026-08-19T08:00:00Z,29532.0,29572.2,29523.9,29555.6,11724
2026-08-19T08:15:00Z,29556.2,29570.8,29539.4,29554.0,8306
2026-08-19T08:30:00Z,29553.6,29563.8,29532.0,29557.8,6775
2026-08-19T08:45:00Z,29557.8,29563.8,29538.8,29539.6,6273
2026-08-19T09:00:00Z,29539.4,29561.6,29525.4,29525.4,7220
2026-08-19T09:15:00Z,29525.6,29529.4,29497.8,29503.1,6032
2026-08-19T09:30:00Z,29503.0,29519.0,29481.3,29483.2,7029
2026-08-19T09:45:00Z,29483.2,29494.6,29467.8,29485.4,7289
2026-08-19T10:00:00Z,29485.2,29489.0,29442.4,29471.6,8546
2026-08-19T10:15:00Z,29471.8,29472.6,29443.4,29467.4,7408
2026-08-19T10:30:00Z,29467.5,29488.6,29460.6,29486.2,6449
2026-08-19T10:45:00Z,29486.6,29490.2,29449.2,29452.9,5752
2026-08-19T11:00:00Z,29453.6,29509.2,29440.6,29478.6,9954
2026-08-19T11:15:00Z,29478.8,29491.8,29463.2,29469.0,7778
2026-08-19T11:30:00Z,29468.8,29473.1,29439.6,29445.2,8123
2026-08-19T11:45:00Z,29445.4,29468.6,29438.6,29467.2,7964
2026-08-19T12:00:00Z,29467.0,29489.9,29443.0,29484.2,10174
2026-08-19T12:15:00Z,29484.3,29514.2,29481.2,29505.6,9925
2026-08-19T12:30:00Z,29506.2,29614.8,29480.4,29614.4,20790
2026-08-19T12:45:00Z,29615.3,29688.8,29614.8,29674.0,17239
2026-08-19T13:00:00Z,29674.1,29674.1,29611.5,29654.8,14102
2026-08-19T13:15:00Z,29654.8,29679.4,29627.1,29628.2,12189
2026-08-19T13:30:00Z,29628.0,29673.2,29492.6,29539.8,42837
2026-08-19T13:45:00Z,29541.6,29566.6,29339.5,29428.4,42347
2026-08-19T14:00:00Z,29428.2,29445.8,29309.8,29314.1,38323
2026-08-19T14:15:00Z,29313.8,29416.2,29307.6,29414.3,34064
2026-08-19T14:30:00Z,29414.2,29506.6,29399.8,29495.2,27783
2026-08-19T14:45:00Z,29495.3,29555.6,29458.6,29554.8,23884
2026-08-19T15:00:00Z,29554.8,29561.0,29512.8,29551.2,22402
2026-08-19T15:15:00Z,29550.6,29564.4,29523.0,29547.8,21330
2026-08-19T15:30:00Z,29547.6,29551.4,29484.8,29531.0,20805
2026-08-19T15:45:00Z,29530.8,29550.2,29504.2,29541.4,20490
2026-08-19T16:00:00Z,29541.3,29587.8,29521.8,29571.3,17373
2026-08-19T16:15:00Z,29571.2,29601.3,29537.1,29543.6,15990
2026-08-19T16:30:00Z,29543.6,29555.8,29529.1,29544.3,16420
2026-08-19T16:45:00Z,29544.4,29545.6,29487.6,29494.1,15651
2026-08-19T17:00:00Z,29494.6,29507.0,29474.1,29482.2,14763
2026-08-19T17:15:00Z,29482.3,29490.7,29444.6,29474.1,16052
2026-08-19T17:30:00Z,29474.2,29478.6,29449.8,29470.4,14354
2026-08-19T17:45:00Z,29470.6,29494.8,29468.6,29478.8,10645
2026-08-19T18:00:00Z,29479.1,29525.6,29434.2,29454.0,19220
2026-08-19T18:15:00Z,29453.8,29474.6,29426.2,29473.4,16135
2026-08-19T18:30:00Z,29473.6,29513.0,29471.2,29494.6,15868
2026-08-19T18:45:00Z,29494.6,29495.4,29462.3,29469.3,13174
2026-08-19T19:00:00Z,29470.6,29493.4,29464.0,29481.8,13188
2026-08-19T19:15:00Z,29481.6,29513.8,29478.0,29490.2,12744
2026-08-19T19:30:00Z,29490.6,29524.3,29461.6,29465.2,16002
2026-08-19T19:45:00Z,29465.3,29467.2,29419.6,29456.2,20274
2026-08-19T20:00:00Z,29455.6,29476.4,29452.2,29453.2,6224
2026-08-19T20:15:00Z,29453.1,29460.3,29448.6,29459.3,2900
2026-08-19T20:30:00Z,29459.4,29466.2,29454.6,29463.6,2147
2026-08-19T20:45:00Z,29463.6,29493.2,29461.9,29493.1,2644
2026-08-19T22:00:00Z,29502.9,29568.8,29489.1,29556.6,4852
2026-08-19T22:15:00Z,29556.6,29562.8,29538.4,29551.2,2578
2026-08-19T22:30:00Z,29551.1,29568.0,29543.8,29560.9,2202
2026-08-19T22:45:00Z,29561.0,29584.4,29559.0,29580.6,1686
2026-08-19T23:00:00Z,29580.0,29619.4,29563.6,29582.2,3866
2026-08-19T23:15:00Z,29582.1,29590.4,29573.8,29581.4,1810
2026-08-19T23:30:00Z,29582.4,29596.6,29574.4,29589.4,1967
2026-08-19T23:45:00Z,29589.3,29591.9,29556.1,29560.4,5048
2026-08-20T00:00:00Z,29559.9,29561.4,29512.6,29561.2,16235
2026-08-20T00:15:00Z,29561.1,29595.6,29555.6,29561.4,12621
2026-08-20T00:30:00Z,29561.6,29595.1,29547.4,29584.8,11079
2026-08-20T00:45:00Z,29585.0,29606.0,29573.4,29601.2,9896
2026-08-20T01:00:00Z,29601.4,29614.3,29570.6,29575.6,12659
2026-08-20T01:15:00Z,29575.2,29597.1,29554.8,29565.0,14263
2026-08-20T01:30:00Z,29565.0,29601.4,29554.2,29599.2,14782
2026-08-20T01:45:00Z,29599.4,29605.0,29560.8,29573.4,11609
2026-08-20T02:00:00Z,29573.4,29613.1,29570.4,29597.9,11056
2026-08-20T02:15:00Z,29598.4,29600.4,29543.6,29562.4,11034
2026-08-20T02:30:00Z,29562.6,29592.3,29540.6,29576.7,10712
2026-08-20T02:45:00Z,29576.4,29578.0,29541.6,29560.2,8219
2026-08-20T03:00:00Z,29560.0,29585.8,29536.4,29555.6,9178
2026-08-20T03:15:00Z,29555.4,29587.2,29551.4,29556.8,6608
2026-08-20T03:30:00Z,29556.9,29559.0,29526.2,29550.2,9079
2026-08-20T03:45:00Z,29550.0,29561.2,29541.2,29548.2,6661
2026-08-20T04:00:00Z,29547.9,29585.4,29541.4,29584.8,5351
2026-08-20T04:15:00Z,29584.6,29586.0,29566.1,29570.0,5594
2026-08-20T04:30:00Z,29569.9,29571.4,29538.6,29558.4,6674
2026-08-20T04:45:00Z,29558.4,29570.6,29542.2,29547.8,5475
2026-08-20T05:00:00Z,29547.6,29554.0,29518.6,29526.9,7669
2026-08-20T05:15:00Z,29527.0,29571.2,29524.6,29546.9,7549
2026-08-20T05:30:00Z,29547.0,29565.2,29535.0,29544.7,7992
2026-08-20T05:45:00Z,29544.4,29548.8,29529.6,29536.0,6765
2026-08-20T06:00:00Z,29535.9,29596.4,29532.6,29589.8,8781
2026-08-20T06:15:00Z,29589.6,29591.8,29569.2,29584.2,6529
2026-08-20T06:30:00Z,29584.4,29607.4,29577.6,29601.6,6284
2026-08-20T06:45:00Z,29601.6,29616.4,29597.4,29602.4,4865
2026-08-20T07:00:00Z,29602.6,29602.7,29563.2,29568.2,9839
2026-08-20T07:15:00Z,29567.8,29578.4,29535.4,29546.0,7672
2026-08-20T07:30:00Z,29545.8,29564.8,29525.8,29536.8,8947
2026-08-20T07:45:00Z,29536.9,29567.2,29523.3,29524.6,6747
2026-08-20T08:00:00Z,29524.7,29536.0,29450.4,29467.3,14228
2026-08-20T08:15:00Z,29467.7,29478.8,29426.8,29432.3,12243
2026-08-20T08:30:00Z,29432.4,29455.9,29395.4,29430.2,11868
2026-08-20T08:45:00Z,29430.1,29435.3,29386.0,29407.4,11181
2026-08-20T09:00:00Z,29407.3,29473.8,29397.3,29453.7,10520
2026-08-20T09:15:00Z,29453.8,29472.8,29443.0,29458.6,7462
2026-08-20T09:30:00Z,29458.7,29468.2,29437.8,29465.4,8643
2026-08-20T09:45:00Z,29464.9,29476.6,29443.4,29458.0,7518
2026-08-20T10:00:00Z,29458.0,29492.2,29442.8,29487.4,8518
2026-08-20T10:15:00Z,29487.4,29489.8,29457.2,29467.4,7159
2026-08-20T10:30:00Z,29467.3,29478.9,29446.0,29455.4,8232
2026-08-20T10:45:00Z,29455.8,29496.2,29454.7,29495.8,6604
2026-08-20T11:00:00Z,29496.6,29513.2,29394.0,29418.4,12500
2026-08-20T11:15:00Z,29418.4,29428.6,29352.8,29355.4,11325
2026-08-20T11:30:00Z,29355.4,29384.1,29348.3,29354.0,11942
2026-08-20T11:45:00Z,29354.2,29354.6,29279.4,29291.0,14603
2026-08-20T12:00:00Z,29290.9,29305.0,29194.4,29202.2,19755
2026-08-20T12:15:00Z,29202.8,29236.1,29194.6,29207.0,16752
2026-08-20T12:30:00Z,29207.3,29222.6,29171.2,29220.0,17449
2026-08-20T12:45:00Z,29220.0,29281.0,29214.2,29276.2,11701
2026-08-20T13:00:00Z,29276.3,29303.6,29264.0,29268.6,11774
2026-08-20T13:15:00Z,29268.8,29299.3,29254.4,29281.0,12646
2026-08-20T13:30:00Z,29281.4,29400.4,29268.8,29373.6,43508
2026-08-20T13:45:00Z,29373.2,29390.1,29240.2,29283.2,38261
2026-08-20T14:00:00Z,29284.0,29337.2,29247.1,29298.4,38789
2026-08-20T14:15:00Z,29298.6,29342.9,29237.4,29280.6,34191
2026-08-20T14:30:00Z,29280.8,29360.2,29259.6,29352.0,29172
2026-08-20T14:45:00Z,29351.3,29363.6,29279.6,29322.8,27935
2026-08-20T15:00:00Z,29323.0,29387.6,29255.3,29295.4,31659
2026-08-20T15:15:00Z,29295.3,29299.7,29231.6,29275.2,26381
2026-08-20T15:30:00Z,29274.8,29280.6,29207.0,29208.4,23769
2026-08-20T15:45:00Z,29208.3,29263.0,29199.6,29260.3,21267
2026-08-20T16:00:00Z,29260.6,29276.3,29236.6,29240.8,19054
2026-08-20T16:15:00Z,29241.0,29290.1,29239.2,29274.6,17217
2026-08-20T16:30:00Z,29274.4,29311.9,29243.7,29311.3,16427
2026-08-20T16:45:00Z,29310.6,29322.7,29289.8,29313.3,15728
2026-08-20T17:00:00Z,29313.2,29315.7,29268.7,29270.8,15099
2026-08-20T17:15:00Z,29270.6,29272.4,29226.3,29228.4,15152
2026-08-20T17:30:00Z,29228.3,29237.8,29216.6,29223.8,12357
2026-08-20T17:45:00Z,29224.0,29259.6,29220.8,29226.1,12321
2026-08-20T18:00:00Z,29226.2,29226.6,29149.1,29164.3,16408
2026-08-20T18:15:00Z,29164.2,29181.8,29136.8,29167.2,14333
2026-08-20T18:30:00Z,29166.8,29171.1,29145.8,29168.1,12455
2026-08-20T18:45:00Z,29167.8,29192.9,29161.0,29177.6,12078
2026-08-20T19:00:00Z,29177.6,29227.3,29176.1,29215.3,12944
2026-08-20T19:15:00Z,29214.9,29241.6,29201.6,29238.1,11781
2026-08-20T19:30:00Z,29238.6,29269.1,29224.8,29245.1,13752
2026-08-20T19:45:00Z,29245.0,29264.8,29220.6,29239.6,18348
2026-08-20T20:00:00Z,29240.0,29254.6,29211.1,29215.0,7381
2026-08-20T20:15:00Z,29215.1,29227.1,29197.8,29222.0,3317
2026-08-20T20:30:00Z,29221.8,29243.1,29219.2,29236.4,2485
2026-08-20T20:45:00Z,29236.4,29244.4,29229.8,29240.6,1989
2026-08-20T22:00:00Z,29260.3,29260.4,29204.8,29208.8,3744
2026-08-20T22:15:00Z,29208.5,29221.8,29208.4,29217.1,1848
2026-08-20T22:30:00Z,29217.8,29239.4,29212.8,29232.2,1964
2026-08-20T22:45:00Z,29231.8,29256.6,29227.2,29253.0,1633
2026-08-20T23:00:00Z,29253.1,29254.0,29244.0,29248.6,1367
2026-08-20T23:15:00Z,29248.8,29258.9,29243.2,29246.6,1459
2026-08-20T23:30:00Z,29246.8,29253.8,29227.1,29247.2,2006
2026-08-20T23:45:00Z,29247.9,29248.2,29217.4,29224.1,7861
2026-08-21T00:00:00Z,29224.8,29295.1,29221.6,29291.8,14125
2026-08-21T00:15:00Z,29291.9,29291.9,29246.2,29256.6,11856
2026-08-21T00:30:00Z,29256.8,29286.8,29243.0,29284.6,10879
2026-08-21T00:45:00Z,29284.8,29292.8,29250.8,29251.6,10939
2026-08-21T01:00:00Z,29251.2,29265.4,29222.8,29261.4,14110
2026-08-21T01:15:00Z,29261.5,29287.0,29244.4,29270.9,12317
2026-08-21T01:30:00Z,29271.0,29287.0,29250.8,29281.2,13119
2026-08-21T01:45:00Z,29281.2,29302.8,29264.4,29283.9,9163
2026-08-21T02:00:00Z,29283.8,29303.6,29273.6,29303.2,8846
2026-08-21T02:15:00Z,29303.2,29325.2,29297.6,29320.2,7173
2026-08-21T02:30:00Z,29320.3,29326.4,29306.8,29311.6,6958
2026-08-21T02:45:00Z,29311.5,29329.8,29307.8,29314.8,6278
2026-08-21T03:00:00Z,29315.0,29318.5,29285.8,29286.8,5939
2026-08-21T03:15:00Z,29287.2,29301.5,29279.8,29293.0,6380
2026-08-21T03:30:00Z,29292.9,29307.6,29284.8,29287.6,7862
2026-08-21T03:45:00Z,29287.4,29294.6,29273.3,29283.2,6655
2026-08-21T04:00:00Z,29283.2,29300.2,29279.5,29297.9,6701
2026-08-21T04:15:00Z,29297.8,29302.3,29261.0,29261.2,6278
2026-08-21T04:30:00Z,29261.0,29269.4,29251.8,29265.0,5762
2026-08-21T04:45:00Z,29264.8,29295.0,29263.6,29288.6,5339
2026-08-21T05:00:00Z,29288.6,29301.2,29283.0,29296.2,6734
2026-08-21T05:15:00Z,29296.2,29311.0,29282.0,29284.0,6454
2026-08-21T05:30:00Z,29283.9,29307.4,29279.8,29291.6,6384
2026-08-21T05:45:00Z,29291.4,29297.2,29271.0,29296.4,6270
2026-08-21T06:00:00Z,29296.2,29305.9,29285.6,29303.8,7988
2026-08-21T06:15:00Z,29304.1,29311.8,29296.6,29306.8,5725
2026-08-21T06:30:00Z,29306.6,29331.6,29299.6,29303.0,5421
2026-08-21T06:45:00Z,29303.1,29320.6,29296.2,29317.0,5190
2026-08-21T07:00:00Z,29316.8,29358.5,29310.6,29358.4,7784
2026-08-21T07:15:00Z,29358.2,29386.6,29346.0,29356.8,5989
2026-08-21T07:30:00Z,29356.8,29384.0,29351.8,29354.1,6963
2026-08-21T07:45:00Z,29354.2,29377.0,29353.2,29376.8,5548
2026-08-21T08:00:00Z,29377.0,29392.8,29338.9,29347.9,9720
2026-08-21T08:15:00Z,29348.2,29354.8,29321.4,29352.6,8490
2026-08-21T08:30:00Z,29352.8,29387.0,29349.0,29385.2,7482
2026-08-21T08:45:00Z,29385.1,29398.0,29377.8,29383.6,6012
2026-08-21T09:00:00Z,29384.0,29385.4,29341.2,29368.4,9632
2026-08-21T09:15:00Z,29368.2,29375.2,29360.4,29365.2,5998
2026-08-21T09:30:00Z,29365.6,29413.2,29360.2,29404.6,5077
2026-08-21T09:45:00Z,29405.0,29422.6,29395.2,29415.8,5032
2026-08-21T10:00:00Z,29416.0,29445.8,29407.6,29415.6,6617
2026-08-21T10:15:00Z,29415.6,29421.6,29400.6,29420.8,5217
2026-08-21T10:30:00Z,29420.6,29423.5,29403.2,29408.6,4699
2026-08-21T10:45:00Z,29408.4,29417.6,29402.6,29410.0,4935
2026-08-21T11:00:00Z,29408.0,29416.8,29383.4,29398.2,7259
2026-08-21T11:15:00Z,29398.2,29454.8,29397.0,29448.2,9760
2026-08-21T11:30:00Z,29448.9,29469.2,29432.9,29461.6,9906
2026-08-21T11:45:00Z,29461.8,29462.0,29428.8,29430.2,6008
2026-08-21T12:00:00Z,29430.0,29434.3,29410.0,29417.8,7477
2026-08-21T12:15:00Z,29417.8,29447.4,29408.6,29446.6,6962
2026-08-21T12:30:00Z,29446.6,29460.2,29439.4,29459.0,8132
2026-08-21T12:45:00Z,29458.8,29465.3,29433.8,29441.8,5915
2026-08-21T13:00:00Z,29441.8,29446.5,29397.6,29399.8,7709
2026-08-21T13:15:00Z,29400.8,29415.6,29348.4,29399.4,11599
2026-08-21T13:30:00Z,29399.8,29401.0,29243.2,29252.2,36871
2026-08-21T13:45:00Z,29250.1,29289.4,29188.6,29234.2,32830
2026-08-21T14:00:00Z,29234.3,29265.8,29179.0,29183.8,31236
2026-08-21T14:15:00Z,29183.5,29242.0,29150.8,29209.8,31036
2026-08-21T14:30:00Z,29210.2,29240.4,29189.4,29226.4,27815
2026-08-21T14:45:00Z,29225.8,29263.5,29219.2,29262.5,26102
2026-08-21T15:00:00Z,29262.6,29299.4,29257.0,29283.3,21422
2026-08-21T15:15:00Z,29283.2,29301.5,29262.0,29298.8,18863
2026-08-21T15:30:00Z,29298.8,29402.1,29294.6,29382.3,18939
2026-08-21T15:45:00Z,29382.8,29418.8,29355.8,29376.7,17089
2026-08-21T16:00:00Z,29376.4,29380.7,29323.2,29327.6,17551
2026-08-21T16:15:00Z,29327.4,29385.5,29321.9,29343.2,18211
2026-08-21T16:30:00Z,29342.9,29358.4,29327.2,29350.7,12743
2026-08-21T16:45:00Z,29350.8,29350.8,29314.2,29345.4,12875
2026-08-21T17:00:00Z,29345.7,29357.0,29332.4,29341.2,11287
2026-08-21T17:15:00Z,29341.4,29343.4,29309.9,29328.9,12330
2026-08-21T17:30:00Z,29329.0,29338.2,29316.2,29337.9,11521
2026-08-21T17:45:00Z,29338.2,29343.9,29315.7,29316.9,9869
2026-08-21T18:00:00Z,29316.8,29338.4,29306.2,29308.4,9960
2026-08-21T18:15:00Z,29307.4,29325.2,29296.2,29296.7,8317
2026-08-21T18:30:00Z,29296.2,29305.4,29287.4,29300.0,8722
2026-08-21T18:45:00Z,29300.2,29336.8,29297.4,29333.4,8311
2026-08-21T19:00:00Z,29333.7,29347.9,29318.2,29321.9,9429
2026-08-21T19:15:00Z,29321.8,29338.0,29313.7,29327.2,7753
2026-08-21T19:30:00Z,29327.0,29345.3,29327.0,29344.2,8509
2026-08-21T19:45:00Z,29343.4,29365.4,29308.5,29328.9,13880
2026-08-21T20:00:00Z,29329.0,29330.8,29305.7,29315.3,5476
2026-08-21T20:15:00Z,29315.2,29321.8,29301.2,29304.2,2752
2026-08-21T20:30:00Z,29304.0,29320.2,29303.7,29318.6,2062
2026-08-21T20:45:00Z,29318.4,29318.4,29305.2,29309.3,1729
2026-08-23T22:00:00Z,29315.2,29316.6,29235.6,29264.4,5581
2026-08-23T22:15:00Z,29264.4,29275.2,29246.8,29271.5,3182
2026-08-23T22:30:00Z,29271.4,29317.0,29268.6,29314.6,3016
2026-08-23T22:45:00Z,29314.7,29332.2,29313.4,29323.2,2455
2026-08-23T23:00:00Z,29323.4,29326.2,29317.8,29319.8,1459
2026-08-23T23:15:00Z,29319.8,29361.9,29318.4,29361.5,2337
2026-08-23T23:30:00Z,29360.9,29380.4,29351.8,29353.5,2790
2026-08-23T23:45:00Z,29353.6,29413.4,29353.4,29400.4,8049
2026-08-24T00:00:00Z,29400.4,29405.2,29357.0,29369.0,14825
2026-08-24T00:15:00Z,29368.9,29371.2,29268.4,29289.4,17537
2026-08-24T00:30:00Z,29289.6,29309.7,29270.9,29287.9,15345
2026-08-24T00:45:00Z,29288.0,29361.6,29285.2,29358.9,13125
2026-08-24T01:00:00Z,29358.7,29376.1,29331.7,29369.0,14393
2026-08-24T01:15:00Z,29369.2,29381.5,29341.0,29342.2,14126
2026-08-24T01:30:00Z,29342.0,29344.4,29317.2,29326.2,15309
2026-08-24T01:45:00Z,29326.2,29337.4,29254.2,29255.4,14659
2026-08-24T02:00:00Z,29255.5,29290.2,29234.6,29286.2,14745
2026-08-24T02:15:00Z,29286.9,29306.0,29281.0,29296.6,12122
2026-08-24T02:30:00Z,29296.5,29306.6,29289.5,29303.0,10461
2026-08-24T02:45:00Z,29303.2,29310.8,29274.7,29303.6,10764
2026-08-24T03:00:00Z,29303.5,29305.2,29236.8,29237.4,9502
2026-08-24T03:15:00Z,29237.6,29246.4,29223.1,29228.6,8476
2026-08-24T03:30:00Z,29228.4,29238.6,29215.4,29217.4,10556
2026-08-24T03:45:00Z,29217.6,29237.8,29197.4,29204.7,7811
2026-08-24T04:00:00Z,29204.8,29232.4,29202.4,29231.6,7492
2026-08-24T04:15:00Z,29232.2,29233.9,29204.7,29224.7,8104
2026-08-24T04:30:00Z,29224.6,29232.8,29209.0,29232.8,8484
2026-08-24T04:45:00Z,29232.6,29236.7,29196.8,29199.1,7766
2026-08-24T05:00:00Z,29199.0,29229.8,29195.4,29226.5,9474
2026-08-24T05:15:00Z,29226.4,29226.4,29180.8,29181.4,9072
2026-08-24T05:30:00Z,29181.2,29199.5,29141.2,29171.7,9666
2026-08-24T05:45:00Z,29171.8,29179.2,29126.7,29132.8,9067
2026-08-24T06:00:00Z,29133.0,29152.2,29077.4,29085.2,11854
2026-08-24T06:15:00Z,29085.5,29111.9,29058.5,29099.0,10176
2026-08-24T06:30:00Z,29098.6,29113.7,29076.7,29083.6,7705
2026-08-24T06:45:00Z,29083.7,29111.2,29075.1,29096.5,7023
2026-08-24T07:00:00Z,29096.6,29137.4,29079.8,29133.2,11115
2026-08-24T07:15:00Z,29133.2,29141.9,29111.5,29115.0,8557
2026-08-24T07:30:00Z,29115.2,29145.6,29094.2,29095.5,7482
2026-08-24T07:45:00Z,29095.6,29108.5,29065.4,29079.0,8529
2026-08-24T08:00:00Z,29079.4,29141.5,29050.2,29117.7,14664
2026-08-24T08:15:00Z,29117.4,29142.7,29104.6,29123.4,9597
2026-08-24T08:30:00Z,29123.0,29158.8,29112.8,29156.8,8124
2026-08-24T08:45:00Z,29157.0,29172.4,29146.8,29147.6,6587
2026-08-24T09:00:00Z,29148.5,29180.8,29134.4,29166.6,7520
2026-08-24T09:15:00Z,29166.4,29168.8,29140.4,29143.2,5961
2026-08-24T09:30:00Z,29143.0,29174.6,29142.8,29168.6,5676
2026-08-24T09:45:00Z,29168.4,29182.4,29160.4,29164.8,5509
2026-08-24T10:00:00Z,29164.6,29179.8,29147.6,29148.8,6606
2026-08-24T10:15:00Z,29148.8,29169.2,29139.4,29143.2,5448
2026-08-24T10:30:00Z,29142.2,29172.5,29131.2,29141.2,5988
2026-08-24T10:45:00Z,29141.1,29143.5,29112.9,29117.8,6533
2026-08-24T11:00:00Z,29118.0,29125.8,29079.2,29101.4,11132
2026-08-24T11:15:00Z,29101.4,29136.4,29098.2,29115.4,7996
2026-08-24T11:30:00Z,29115.8,29216.5,29115.8,29193.2,16128
2026-08-24T11:45:00Z,29193.2,29193.2,29164.4,29180.2,9992
2026-08-24T12:00:00Z,29180.0,29180.0,29141.0,29144.8,9331
2026-08-24T12:15:00Z,29144.9,29164.2,29136.8,29163.2,9533
2026-08-24T12:30:00Z,29163.0,29173.6,29105.4,29136.4,13241
2026-08-24T12:45:00Z,29136.2,29165.2,29132.7,29138.6,9265
2026-08-24T13:00:00Z,29138.8,29153.0,29129.9,29141.2,11040
2026-08-24T13:15:00Z,29141.2,29170.2,29129.5,29168.6,10948
2026-08-24T13:30:00Z,29168.2,29176.2,28909.2,28911.1,39574
2026-08-24T13:45:00Z,28911.0,28970.9,28881.6,28955.8,35302
2026-08-24T14:00:00Z,28954.8,28969.9,28886.8,28926.6,29658
2026-08-24T14:15:00Z,28926.4,28966.4,28901.2,28945.8,26330
2026-08-24T14:30:00Z,28945.1,29043.2,28934.9,29018.4,24737
2026-08-24T14:45:00Z,29018.9,29042.9,29010.4,29016.0,20411
2026-08-24T15:00:00Z,29016.8,29029.4,28975.6,28982.1,21175
2026-08-24T15:15:00Z,28982.4,29073.8,28976.4,29058.8,19402
2026-08-24T15:30:00Z,29058.6,29118.9,29048.8,29113.2,19536
2026-08-24T15:45:00Z,29113.0,29141.8,29087.3,29105.8,16533
2026-08-24T16:00:00Z,29105.6,29126.5,29094.0,29117.8,16674
2026-08-24T16:15:00Z,29117.6,29161.0,29115.6,29140.8,15330
2026-08-24T16:30:00Z,29140.8,29149.0,29111.4,29122.0,12195
2026-08-24T16:45:00Z,29122.2,29129.8,29107.5,29108.1,11342
2026-08-24T17:00:00Z,29107.8,29147.5,29091.8,29131.2,14683
2026-08-24T17:15:00Z,29131.0,29132.3,29069.4,29076.8,16775
2026-08-24T17:30:00Z,29076.8,29079.2,29055.8,29056.3,12744
2026-08-24T17:45:00Z,29056.1,29080.2,29053.5,29060.4,11172
2026-08-24T18:00:00Z,29060.5,29125.8,29060.0,29124.5,12309
2026-08-24T18:15:00Z,29124.2,29163.8,29110.0,29158.3,12278
2026-08-24T18:30:00Z,29158.0,29173.0,29120.4,29129.8,12051
2026-08-24T18:45:00Z,29130.3,29133.4,29093.0,29094.0,10189
2026-08-24T19:00:00Z,29093.9,29104.9,29085.5,29098.5,10300
2026-08-24T19:15:00Z,29097.8,29108.5,29085.3,29100.6,9035
2026-08-24T19:30:00Z,29100.8,29115.5,29067.8,29073.3,10435
2026-08-24T19:45:00Z,29073.8,29084.6,29038.8,29042.1,14032
2026-08-24T20:00:00Z,29042.4,29066.2,29039.8,29051.8,5000
2026-08-24T20:15:00Z,29051.9,29055.4,29023.6,29026.8,2615
2026-08-24T20:30:00Z,29026.6,29044.4,29025.8,29042.5,1827
2026-08-24T20:45:00Z,29042.8,29071.8,29031.8,29067.6,2140
2026-08-24T22:00:00Z,29081.8,29091.0,29061.9,29065.9,2830
2026-08-24T22:15:00Z,29065.8,29072.6,29062.8,29067.0,1418
2026-08-24T22:30:00Z,29066.9,29072.2,29056.6,29060.8,1544
2026-08-24T22:45:00Z,29060.0,29063.8,29054.4,29063.2,1453
2026-08-24T23:00:00Z,29063.6,29066.8,29059.1,29066.8,1160
2026-08-24T23:15:00Z,29066.8,29070.4,29048.6,29049.0,1963
2026-08-24T23:30:00Z,29049.1,29058.1,29014.8,29027.0,3493
2026-08-24T23:45:00Z,29027.1,29042.6,29023.8,29038.3,9550
2026-08-25T00:00:00Z,29038.4,29044.8,28980.8,28984.6,18323
2026-08-25T00:15:00Z,28984.4,29026.8,28959.5,29022.8,17653
2026-08-25T00:30:00Z,29022.6,29073.0,29013.8,29066.8,16497
2026-08-25T00:45:00Z,29066.8,29087.2,29048.9,29069.6,15698
2026-08-25T01:00:00Z,29069.6,29085.6,29056.4,29071.9,18376
2026-08-25T01:15:00Z,29071.8,29079.6,29038.4,29056.9,16684
2026-08-25T01:30:00Z,29056.2,29097.8,29050.6,29077.8,20073
2026-08-25T01:45:00Z,29077.6,29094.8,29068.0,29068.6,16057
2026-08-25T02:00:00Z,29068.6,29088.3,29046.4,29059.0,14743
2026-08-25T02:15:00Z,29058.9,29090.8,29046.2,29087.8,14241
2026-08-25T02:30:00Z,29087.6,29111.0,29076.8,29079.1,14847
2026-08-25T02:45:00Z,29079.5,29081.1,29036.2,29044.6,12332
2026-08-25T03:00:00Z,29044.9,29109.0,29043.0,29093.6,13676
2026-08-25T03:15:00Z,29093.5,29118.2,29093.0,29117.6,10193
2026-08-25T03:30:00Z,29117.6,29132.2,29106.0,29110.8,11867
2026-08-25T03:45:00Z,29111.0,29112.0,29094.0,29106.6,9598
2026-08-25T04:00:00Z,29106.8,29141.4,29101.8,29138.4,10410
2026-08-25T04:15:00Z,29138.6,29148.9,29130.8,29143.2,7817
2026-08-25T04:30:00Z,29143.2,29159.6,29133.3,29154.2,9244
2026-08-25T04:45:00Z,29154.2,29158.8,29127.8,29142.2,9712
2026-08-25T05:00:00Z,29142.2,29167.3,29132.1,29145.6,12128
2026-08-25T05:15:00Z,29145.2,29169.6,29145.2,29163.0,9805
2026-08-25T05:30:00Z,29162.6,29176.6,29143.8,29146.8,10074
2026-08-25T05:45:00Z,29146.6,29183.4,29143.4,29174.6,9914
2026-08-25T06:00:00Z,29174.2,29204.2,29172.6,29190.4,9125
2026-08-25T06:15:00Z,29190.2,29230.8,29184.6,29208.8,8191
2026-08-25T06:30:00Z,29208.8,29210.2,29185.6,29204.8,7564
2026-08-25T06:45:00Z,29204.6,29205.8,29178.8,29205.8,6169
2026-08-25T07:00:00Z,29205.6,29233.3,29192.6,29194.8,10589
2026-08-25T07:15:00Z,29195.0,29205.4,29169.2,29189.8,10861
2026-08-25T07:30:00Z,29189.6,29203.8,29174.6,29199.8,9234
2026-08-25T07:45:00Z,29199.8,29201.6,29169.6,29175.2,8695
2026-08-25T08:00:00Z,29175.8,29196.9,29155.0,29160.6,12441
2026-08-25T08:15:00Z,29160.6,29267.6,29160.6,29216.6,17394
2026-08-25T08:30:00Z,29217.8,29240.6,29199.8,29224.0,14118
2026-08-25T08:45:00Z,29223.8,29248.8,29223.8,29244.0,10728
2026-08-25T09:00:00Z,29243.8,29276.0,29228.2,29265.6,12425
2026-08-25T09:15:00Z,29265.5,29276.8,29248.2,29260.2,9727
2026-08-25T09:30:00Z,29260.6,29316.4,29257.0,29303.4,14737
2026-08-25T09:45:00Z,29303.3,29360.3,29298.4,29332.8,11377
2026-08-25T10:00:00Z,29332.8,29353.5,29312.8,29333.4,10831
2026-08-25T10:15:00Z,29333.6,29335.0,29309.6,29312.6,8320
2026-08-25T10:30:00Z,29313.2,29322.4,29289.4,29289.6,6694
2026-08-25T10:45:00Z,29290.0,29311.3,29288.8,29301.2,6651
2026-08-25T11:00:00Z,29301.4,29305.8,29247.5,29282.8,10151
2026-08-25T11:15:00Z,29282.8,29297.2,29263.8,29283.6,9380
2026-08-25T11:30:00Z,29283.8,29304.6,29282.8,29299.6,8259
2026-08-25T11:45:00Z,29299.8,29333.0,29297.6,29315.6,9131
2026-08-25T12:00:00Z,29312.8,29324.8,29298.0,29322.8,12023
2026-08-25T12:15:00Z,29322.8,29351.2,29307.3,29316.4,9668
2026-08-25T12:30:00Z,29316.0,29316.4,29255.0,29270.2,9990
2026-08-25T12:45:00Z,29270.3,29288.4,29262.8,29276.3,7708
2026-08-25T13:00:00Z,29276.8,29287.3,29254.6,29270.3,12482
2026-08-25T13:15:00Z,29270.4,29284.4,29237.8,29237.8,11805
2026-08-25T13:30:00Z,29238.2,29318.5,29222.5,29291.8,40094
2026-08-25T13:45:00Z,29291.8,29357.1,29232.2,29255.0,34730
2026-08-25T14:00:00Z,29254.8,29257.8,29182.3,29187.6,33521
2026-08-25T14:15:00Z,29188.0,29211.8,29152.5,29157.5,29705
2026-08-25T14:30:00Z,29157.4,29211.3,29082.6,29160.6,29739
2026-08-25T14:45:00Z,29159.8,29202.8,29149.0,29174.8,25965
2026-08-25T15:00:00Z,29175.3,29178.2,29140.4,29166.2,24136
2026-08-25T15:15:00Z,29166.3,29224.3,29161.5,29219.5,19867
2026-08-25T15:30:00Z,29219.4,29251.3,29197.9,29210.4,21220
2026-08-25T15:45:00Z,29210.0,29218.4,29168.0,29208.0,16959
2026-08-25T16:00:00Z,29208.2,29235.0,29205.9,29223.6,14817
2026-08-25T16:15:00Z,29223.4,29243.8,29219.8,29239.7,11641
2026-08-25T16:30:00Z,29239.8,29244.8,29204.3,29211.7,11201
2026-08-25T16:45:00Z,29211.4,29228.8,29198.3,29220.8,11793
2026-08-25T17:00:00Z,29220.4,29224.0,29169.2,29188.7,12895
2026-08-25T17:15:00Z,29188.8,29203.8,29160.4,29169.9,11387
2026-08-25T17:30:00Z,29170.0,29179.4,29161.9,29167.9,11031
2026-08-25T17:45:00Z,29168.2,29177.3,29162.4,29172.2,9115
2026-08-25T18:00:00Z,29172.2,29172.7,29148.0,29151.2,10265
2026-08-25T18:15:00Z,29151.2,29172.8,29148.2,29164.7,8781
2026-08-25T18:30:00Z,29164.8,29204.3,29164.2,29203.2,9195
2026-08-25T18:45:00Z,29203.3,29220.2,29198.5,29201.2,9313
2026-08-25T19:00:00Z,29201.7,29211.2,29175.9,29179.9,9737
2026-08-25T19:15:00Z,29179.8,29183.0,29158.2,29170.9,10367
2026-08-25T19:30:00Z,29171.0,29203.2,29157.7,29184.2,10490
2026-08-25T19:45:00Z,29183.9,29234.8,29175.0,29216.4,15698
2026-08-25T20:00:00Z,29215.8,29238.8,29207.9,29234.2,7262
2026-08-25T20:15:00Z,29235.4,29258.6,29229.2,29248.2,4284
2026-08-25T20:30:00Z,29248.0,29254.2,29227.0,29228.0,3404
2026-08-25T20:45:00Z,29227.9,29232.9,29214.7,29229.2,3556
2026-08-25T22:00:00Z,29249.6,29253.5,29232.2,29239.3,2665
2026-08-25T22:15:00Z,29239.4,29239.6,29225.7,29236.0,1526
2026-08-25T22:30:00Z,29236.0,29237.4,29226.2,29232.6,1348
2026-08-25T22:45:00Z,29232.5,29232.6,29226.2,29229.6,824
2026-08-25T23:00:00Z,29229.5,29232.8,29219.8,29221.8,1397
2026-08-25T23:15:00Z,29221.6,29224.0,29190.9,29191.0,1877
2026-08-25T23:30:00Z,29190.9,29193.2,29174.2,29180.0,2333
2026-08-25T23:45:00Z,29180.0,29180.8,29152.5,29156.0,4541
2026-08-26T00:00:00Z,29156.0,29172.3,29130.0,29154.4,13977
2026-08-26T00:15:00Z,29154.3,29183.7,29112.5,29129.5,11696
2026-08-26T00:30:00Z,29129.6,29133.0,29083.8,29095.8,10645
2026-08-26T00:45:00Z,29096.4,29105.2,29056.0,29058.0,9852
2026-08-26T01:00:00Z,29058.0,29093.0,29052.2,29069.6,12460
2026-08-26T01:15:00Z,29069.5,29079.0,29044.6,29055.0,9789
2026-08-26T01:30:00Z,29054.9,29074.2,29041.5,29062.0,10830
2026-08-26T01:45:00Z,29062.0,29080.4,29049.8,29078.4,7943
2026-08-26T02:00:00Z,29078.6,29090.2,29064.6,29089.0,8796
2026-08-26T02:15:00Z,29089.2,29120.3,29086.2,29118.4,6043
2026-08-26T02:30:00Z,29118.2,29163.0,29116.4,29162.0,6208
2026-08-26T02:45:00Z,29162.0,29175.0,29156.8,29166.2,5244
2026-08-26T03:00:00Z,29166.4,29179.2,29157.8,29176.6,5758
2026-08-26T03:15:00Z,29176.4,29177.4,29158.6,29160.6,4310
2026-08-26T03:30:00Z,29159.9,29189.0,29150.7,29182.7,5925
2026-08-26T03:45:00Z,29182.6,29220.7,29181.0,29210.2,5992
2026-08-26T04:00:00Z,29210.2,29225.2,29205.3,29218.0,5451
2026-08-26T04:15:00Z,29218.0,29226.2,29207.4,29217.0,3935
2026-08-26T04:30:00Z,29217.0,29220.2,29194.0,29195.6,4086
2026-08-26T04:45:00Z,29195.8,29197.0,29162.6,29173.6,5449
2026-08-26T05:00:00Z,29173.8,29204.6,29172.2,29184.5,7742
2026-08-26T05:15:00Z,29184.6,29194.0,29175.6,29191.0,6942
2026-08-26T05:30:00Z,29190.6,29206.8,29187.0,29194.4,7166
2026-08-26T05:45:00Z,29194.3,29194.3,29171.4,29187.0,5339
2026-08-26T06:00:00Z,29187.0,29194.0,29157.0,29161.5,7596
2026-08-26T06:15:00Z,29161.2,29171.6,29149.2,29164.2,6392
2026-08-26T06:30:00Z,29164.0,29202.6,29155.3,29201.6,5158
2026-08-26T06:45:00Z,29201.4,29221.6,29178.0,29197.2,4700
2026-08-26T07:00:00Z,29197.4,29203.0,29146.7,29182.0,9110
2026-08-26T07:15:00Z,29182.0,29189.6,29139.6,29145.0,7468
2026-08-26T07:30:00Z,29144.6,29155.8,29132.0,29144.0,7242
2026-08-26T07:45:00Z,29144.2,29164.3,29133.0,29158.0,5309
2026-08-26T08:00:00Z,29157.8,29189.8,29144.6,29151.0,8937
2026-08-26T08:15:00Z,29151.0,29180.6,29132.9,29180.6,8072
2026-08-26T08:30:00Z,29180.0,29195.2,29157.0,29187.9,6614
2026-08-26T08:45:00Z,29187.8,29187.8,29155.4,29173.2,4960
2026-08-26T09:00:00Z,29173.0,29180.0,29158.2,29164.0,5600
2026-08-26T09:15:00Z,29164.2,29167.2,29136.6,29143.8,5716
2026-08-26T09:30:00Z,29143.6,29164.7,29143.6,29160.0,4664
2026-08-26T09:45:00Z,29159.8,29182.2,29159.0,29179.2,4173
2026-08-26T10:00:00Z,29179.8,29180.0,29141.4,29143.4,4689
2026-08-26T10:15:00Z,29143.2,29162.7,29141.6,29147.0,4476
2026-08-26T10:30:00Z,29146.6,29187.4,29134.0,29174.0,4876
2026-08-26T10:45:00Z,29173.8,29185.0,29169.2,29182.0,3735
2026-08-26T11:00:00Z,29182.2,29209.6,29181.0,29199.6,6399
2026-08-26T11:15:00Z,29199.8,29223.6,29180.8,29198.2,6283
2026-08-26T11:30:00Z,29198.0,29207.6,29139.8,29155.4,7686
2026-08-26T11:45:00Z,29155.5,29172.7,29132.0,29165.3,7964
2026-08-26T12:00:00Z,29165.2,29169.2,29146.2,29161.0,8027
2026-08-26T12:15:00Z,29161.2,29204.2,29135.4,29203.9,8247
2026-08-26T12:30:00Z,29203.3,29208.2,29095.9,29110.6,18762
2026-08-26T12:45:00Z,29110.6,29126.9,29079.0,29096.2,12870
2026-08-26T13:00:00Z,29096.2,29118.7,29080.2,29117.8,11588
2026-08-26T13:15:00Z,29117.9,29119.2,29099.2,29119.0,10201
2026-08-26T13:30:00Z,29119.7,29258.0,29119.7,29236.2,39427
2026-08-26T13:45:00Z,29236.4,29277.9,29198.2,29277.2,30632
2026-08-26T14:00:00Z,29276.8,29277.2,29181.2,29191.4,26590
2026-08-26T14:15:00Z,29191.6,29208.2,29101.9,29123.9,26323
2026-08-26T14:30:00Z,29123.8,29183.9,29121.7,29166.8,22299
2026-08-26T14:45:00Z,29166.7,29213.2,29151.9,29197.8,19963
2026-08-26T15:00:00Z,29197.6,29228.3,29191.8,29203.0,17145
2026-08-26T15:15:00Z,29203.2,29212.2,29168.2,29201.8,17819
2026-08-26T15:30:00Z,29201.9,29235.3,29166.8,29227.9,15753
2026-08-26T15:45:00Z,29227.2,29236.8,29164.0,29165.8,17794
2026-08-26T16:00:00Z,29165.9,29172.2,29138.0,29149.6,17042
2026-08-26T16:15:00Z,29149.7,29163.2,29140.9,29155.2,10066
2026-08-26T16:30:00Z,29155.6,29168.2,29118.2,29123.2,9252
2026-08-26T16:45:00Z,29123.0,29171.2,29120.4,29165.2,12996
2026-08-26T17:00:00Z,29164.8,29190.2,29158.9,29186.2,9673
2026-08-26T17:15:00Z,29186.2,29218.8,29186.2,29215.9,9185
2026-08-26T17:30:00Z,29216.4,29239.8,29212.0,29229.7,8898
2026-08-26T17:45:00Z,29229.8,29241.7,29216.0,29232.7,7734
2026-08-26T18:00:00Z,29232.6,29244.3,29214.7,29218.8,7805
2026-08-26T18:15:00Z,29218.9,29240.2,29213.4,29228.4,7603
2026-08-26T18:30:00Z,29227.9,29251.0,29223.9,29243.4,6841
2026-08-26T18:45:00Z,29243.0,29277.7,29243.0,29269.6,8522
2026-08-26T19:00:00Z,29269.4,29316.8,29266.2,29289.2,11176
2026-08-26T19:15:00Z,29289.0,29305.7,29280.9,29286.7,8476
2026-08-26T19:30:00Z,29286.8,29293.8,29255.7,29258.4,9514
2026-08-26T19:45:00Z,29258.0,29289.2,29228.9,29245.6,15508
2026-08-26T20:00:00Z,29245.5,29320.2,29232.4,29309.9,6061
2026-08-26T20:15:00Z,29310.9,29331.2,29240.0,29291.2,12847
2026-08-26T20:30:00Z,29290.5,29304.7,29265.7,29287.6,7884
2026-08-26T20:45:00Z,29287.5,29371.4,29285.0,29370.8,6075
2026-08-26T22:00:00Z,29478.9,29529.8,29478.7,29515.0,6529
2026-08-26T22:15:00Z,29514.4,29550.9,29502.6,29532.2,4063
2026-08-26T22:30:00Z,29532.0,29566.0,29530.2,29565.2,3402
2026-08-26T22:45:00Z,29565.0,29576.8,29548.6,29554.2,3489
2026-08-26T23:00:00Z,29554.4,29563.0,29539.5,29541.3,2337
2026-08-26T23:15:00Z,29541.4,29560.7,29533.6,29550.3,2729
2026-08-26T23:30:00Z,29550.4,29559.6,29543.6,29555.4,1994
2026-08-26T23:45:00Z,29555.4,29601.6,29553.8,29596.0,7396
2026-08-27T00:00:00Z,29595.8,29603.0,29527.0,29539.8,13373
2026-08-27T00:15:00Z,29539.7,29539.7,29506.5,29529.5,13080
2026-08-27T00:30:00Z,29529.4,29529.6,29425.4,29427.0,12286
2026-08-27T00:45:00Z,29427.0,29428.0,29386.5,29393.0,14928
2026-08-27T01:00:00Z,29392.0,29438.2,29381.2,29401.0,14524
2026-08-27T01:15:00Z,29401.0,29457.6,29397.6,29451.2,12008
2026-08-27T01:30:00Z,29451.0,29483.0,29440.0,29441.2,11018
2026-08-27T01:45:00Z,29441.0,29502.2,29441.0,29479.3,10602
2026-08-27T02:00:00Z,29479.2,29492.6,29465.4,29488.8,10637
2026-08-27T02:15:00Z,29489.0,29491.8,29474.2,29486.4,9567
2026-08-27T02:30:00Z,29486.5,29503.0,29479.2,29490.4,7276
2026-08-27T02:45:00Z,29490.6,29508.4,29484.9,29498.4,6539
2026-08-27T03:00:00Z,29498.2,29511.3,29478.6,29489.0,6151
2026-08-27T03:15:00Z,29490.2,29523.8,29489.6,29512.6,5728
2026-08-27T03:30:00Z,29512.4,29520.6,29489.9,29491.2,7233
2026-08-27T03:45:00Z,29491.2,29500.7,29474.4,29487.0,7054
2026-08-27T04:00:00Z,29486.8,29495.8,29476.9,29482.4,6718
2026-08-27T04:15:00Z,29482.2,29499.6,29477.0,29477.2,6084
2026-08-27T04:30:00Z,29477.2,29479.6,29446.5,29452.4,6150
2026-08-27T04:45:00Z,29452.2,29469.0,29441.9,29447.6,6586
2026-08-27T05:00:00Z,29447.6,29452.3,29421.0,29431.5,9169
2026-08-27T05:15:00Z,29431.4,29431.4,29396.8,29416.6,8864
2026-08-27T05:30:00Z,29416.2,29420.2,29387.0,29390.4,8995
2026-08-27T05:45:00Z,29390.3,29413.3,29377.2,29386.6,7536
2026-08-27T06:00:00Z,29386.8,29388.0,29351.2,29381.4,9156
2026-08-27T06:15:00Z,29381.2,29400.0,29380.6,29399.2,6881
2026-08-27T06:30:00Z,29399.3,29439.2,29397.2,29438.2,5802
2026-08-27T06:45:00Z,29438.2,29448.6,29426.2,29446.8,5179
2026-08-27T07:00:00Z,29447.2,29486.4,29425.8,29484.8,9548
2026-08-27T07:15:00Z,29486.0,29497.2,29472.2,29496.6,7474
2026-08-27T07:30:00Z,29496.4,29498.2,29447.7,29453.0,8065
2026-08-27T07:45:00Z,29453.3,29496.6,29448.9,29486.5,6571
2026-08-27T08:00:00Z,29486.6,29572.4,29486.3,29570.6,11366
2026-08-27T08:15:00Z,29570.7,29607.8,29545.2,29604.8,9954
2026-08-27T08:30:00Z,29605.0,29606.4,29560.8,29580.2,9735
2026-08-27T08:45:00Z,29580.4,29609.2,29570.9,29572.6,9305
2026-08-27T09:00:00Z,29572.8,29582.6,29530.0,29532.0,11981
2026-08-27T09:15:00Z,29532.2,29563.2,29515.5,29547.0,9414
2026-08-27T09:30:00Z,29546.8,29571.9,29545.3,29564.4,7073
2026-08-27T09:45:00Z,29564.6,29581.0,29547.4,29550.0,6625
2026-08-27T10:00:00Z,29550.2,29554.8,29530.9,29547.6,8303
2026-08-27T10:15:00Z,29547.5,29552.8,29525.7,29528.6,7221
2026-08-27T10:30:00Z,29528.5,29551.2,29518.7,29547.8,7912
2026-08-27T10:45:00Z,29547.9,29549.6,29516.8,29546.6,7387
2026-08-27T11:00:00Z,29546.6,29578.0,29524.5,29565.0,11065
2026-08-27T11:15:00Z,29565.2,29569.6,29517.6,29518.2,8465
2026-08-27T11:30:00Z,29518.2,29536.5,29495.0,29512.4,11462
2026-08-27T11:45:00Z,29512.2,29512.2,29463.3,29506.6,9768
2026-08-27T12:00:00Z,29506.6,29537.2,29499.8,29533.0,9940
2026-08-27T12:15:00Z,29532.9,29538.7,29514.8,29527.9,10790
2026-08-27T12:30:00Z,29527.8,29529.2,29483.3,29485.7,8145
2026-08-27T12:45:00Z,29485.3,29488.6,29465.0,29471.2,7551
2026-08-27T13:00:00Z,29470.8,29509.8,29467.2,29503.0,11059
2026-08-27T13:15:00Z,29502.9,29517.5,29472.0,29473.0,10858
2026-08-27T13:30:00Z,29473.2,29536.6,29392.3,29524.0,42070
2026-08-27T13:45:00Z,29523.9,29553.3,29373.0,29431.2,39695
2026-08-27T14:00:00Z,29431.4,29536.8,29426.6,29506.7,34964
2026-08-27T14:15:00Z,29506.8,29570.4,29506.3,29555.2,28898
2026-08-27T14:30:00Z,29555.2,29558.8,29486.2,29505.9,28932
2026-08-27T14:45:00Z,29505.8,29553.8,29480.4,29549.8,25678
2026-08-27T15:00:00Z,29550.2,29576.0,29537.2,29574.0,21755
2026-08-27T15:15:00Z,29573.9,29582.7,29523.7,29528.9,19834
2026-08-27T15:30:00Z,29528.4,29547.4,29479.2,29485.0,21769
2026-08-27T15:45:00Z,29485.1,29560.4,29462.6,29548.1,19569
2026-08-27T16:00:00Z,29548.2,29574.5,29532.6,29540.0,16437
2026-08-27T16:15:00Z,29540.1,29558.6,29520.7,29554.0,16109
2026-08-27T16:30:00Z,29553.4,29601.5,29549.6,29596.4,12552
2026-08-27T16:45:00Z,29596.8,29609.7,29588.1,29602.4,11146
2026-08-27T17:00:00Z,29603.0,29626.7,29598.9,29620.6,10874
2026-08-27T17:15:00Z,29620.8,29627.2,29588.4,29592.0,11514
2026-08-27T17:30:00Z,29591.9,29608.0,29578.0,29579.4,12122
2026-08-27T17:45:00Z,29579.4,29583.0,29557.6,29562.4,13683
2026-08-27T18:00:00Z,29562.2,29572.6,29512.6,29527.6,17921
2026-08-27T18:15:00Z,29527.4,29539.7,29477.1,29488.9,16367
2026-08-27T18:30:00Z,29488.8,29531.6,29487.4,29523.4,14661
2026-08-27T18:45:00Z,29523.0,29532.5,29495.5,29522.0,14511
2026-08-27T19:00:00Z,29521.8,29557.4,29517.4,29543.6,13571
2026-08-27T19:15:00Z,29544.1,29563.6,29543.6,29553.1,11661
2026-08-27T19:30:00Z,29553.4,29583.9,29545.7,29583.6,12066
2026-08-27T19:45:00Z,29582.8,29654.6,29579.8,29642.1,16821
2026-08-27T20:00:00Z,29642.5,29657.8,29598.2,29598.8,8112
2026-08-27T20:15:00Z,29598.9,29605.6,29584.8,29589.2,3490
2026-08-27T20:30:00Z,29589.6,29595.4,29585.8,29590.6,2560
2026-08-27T20:45:00Z,29591.0,29592.4,29571.1,29584.0,3004
2026-08-27T22:00:00Z,29580.5,29580.8,29549.8,29570.8,3208
2026-08-27T22:15:00Z,29570.7,29588.1,29570.1,29586.8,2179
2026-08-27T22:30:00Z,29587.0,29589.6,29579.0,29585.8,1449
2026-08-27T22:45:00Z,29585.8,29588.4,29580.0,29583.4,1240
2026-08-27T23:00:00Z,29583.3,29586.4,29555.5,29565.8,2043
2026-08-27T23:15:00Z,29565.4,29566.0,29553.8,29558.3,1419
2026-08-27T23:30:00Z,29558.4,29561.4,29552.6,29554.0,1409
2026-08-27T23:45:00Z,29554.0,29554.2,29541.6,29550.7,5531
2026-08-28T00:00:00Z,29550.8,29605.0,29543.6,29602.5,13997
2026-08-28T00:15:00Z,29601.8,29605.0,29574.7,29601.4,11493
2026-08-28T00:30:00Z,29601.3,29607.0,29582.8,29603.4,8842
2026-08-28T00:45:00Z,29603.0,29616.4,29591.4,29594.0,9083
2026-08-28T01:00:00Z,29594.2,29620.1,29591.6,29610.1,10659
2026-08-28T01:15:00Z,29610.0,29620.3,29593.4,29597.8,9304
2026-08-28T01:30:00Z,29598.0,29621.5,29591.0,29603.4,10544
2026-08-28T01:45:00Z,29603.2,29628.3,29593.0,29626.4,8747
2026-08-28T02:00:00Z,29626.4,29648.7,29626.4,29642.8,6502
2026-08-28T02:15:00Z,29642.8,29652.0,29635.6,29641.4,5362
2026-08-28T02:30:00Z,29641.0,29641.4,29594.0,29595.6,5733
2026-08-28T02:45:00Z,29596.2,29619.6,29594.0,29612.6,5295
2026-08-28T03:00:00Z,29612.8,29651.5,29610.4,29642.8,6179
2026-08-28T03:15:00Z,29642.8,29656.2,29638.8,29649.0,3913
2026-08-28T03:30:00Z,29649.4,29653.5,29598.2,29600.8,5731
2026-08-28T03:45:00Z,29600.7,29625.7,29589.6,29617.4,6938
2026-08-28T04:00:00Z,29617.4,29620.0,29593.1,29610.4,6247
2026-08-28T04:15:00Z,29610.4,29618.6,29606.0,29608.8,5699
2026-08-28T04:30:00Z,29608.8,29610.0,29588.7,29593.0,5337
2026-08-28T04:45:00Z,29593.2,29598.5,29585.6,29590.8,4733
2026-08-28T05:00:00Z,29590.8,29593.4,29569.8,29573.6,6934
2026-08-28T05:15:00Z,29573.8,29577.6,29561.0,29572.6,6611
2026-08-28T05:30:00Z,29571.7,29574.2,29553.0,29562.0,7441
2026-08-28T05:45:00Z,29562.0,29562.4,29546.7,29547.6,4598
2026-08-28T06:00:00Z,29548.2,29567.0,29544.0,29552.0,6781
2026-08-28T06:15:00Z,29552.1,29573.0,29544.0,29546.0,7010
2026-08-28T06:30:00Z,29546.2,29571.7,29545.6,29569.0,7956
2026-08-28T06:45:00Z,29569.0,29595.0,29564.6,29594.0,5941
2026-08-28T07:00:00Z,29594.2,29602.5,29555.4,29561.6,10614
2026-08-28T07:15:00Z,29561.4,29573.2,29552.0,29563.0,8018
2026-08-28T07:30:00Z,29563.2,29570.0,29542.8,29546.6,7330
2026-08-28T07:45:00Z,29546.5,29574.7,29544.7,29556.0,7612
2026-08-28T08:00:00Z,29556.4,29569.7,29527.7,29535.0,11737
2026-08-28T08:15:00Z,29534.8,29554.8,29531.7,29547.2,8003
2026-08-28T08:30:00Z,29547.4,29582.8,29545.2,29572.8,6857
2026-08-28T08:45:00Z,29572.8,29574.1,29552.0,29568.4,6768
2026-08-28T09:00:00Z,29568.2,29569.2,29553.0,29555.2,6690
2026-08-28T09:15:00Z,29555.4,29570.2,29544.7,29564.4,5956
2026-08-28T09:30:00Z,29564.2,29567.5,29551.6,29556.2,5642
2026-08-28T09:45:00Z,29556.0,29569.8,29548.8,29555.6,5983
2026-08-28T10:00:00Z,29555.4,29559.6,29542.2,29553.0,6246
2026-08-28T10:15:00Z,29553.0,29566.0,29547.0,29560.0,5364
2026-08-28T10:30:00Z,29560.0,29571.8,29549.8,29550.8,6016
2026-08-28T10:45:00Z,29550.4,29573.8,29547.2,29570.8,6144
2026-08-28T11:00:00Z,29571.0,29583.6,29547.5,29563.4,7895
2026-08-28T11:15:00Z,29564.4,29585.5,29563.4,29583.0,5353
2026-08-28T11:30:00Z,29583.2,29588.8,29556.8,29559.2,6037
2026-08-28T11:45:00Z,29559.0,29564.0,29547.5,29551.8,6876
2026-08-28T12:00:00Z,29551.6,29581.7,29546.8,29579.6,7979
2026-08-28T12:15:00Z,29579.4,29611.2,29576.8,29610.8,7115
2026-08-28T12:30:00Z,29610.3,29610.8,29564.0,29607.2,9199
2026-08-28T12:45:00Z,29607.4,29613.3,29598.6,29608.0,7194
2026-08-28T13:00:00Z,29608.0,29630.5,29599.5,29609.8,10524
2026-08-28T13:15:00Z,29610.5,29612.0,29571.5,29577.6,9763
2026-08-28T13:30:00Z,29577.4,29650.5,29512.2,29636.2,37423
2026-08-28T13:45:00Z,29636.0,29651.5,29574.8,29579.6,32430
2026-08-28T14:00:00Z,29579.8,29654.8,29455.4,29484.6,41268
2026-08-28T14:15:00Z,29484.2,29625.1,29481.4,29603.2,37807
2026-08-28T14:30:00Z,29603.0,29693.0,29581.2,29683.6,34576
2026-08-28T14:45:00Z,29683.7,29747.8,29674.3,29745.8,28817
2026-08-28T15:00:00Z,29745.5,29760.5,29684.6,29697.2,29024
2026-08-28T15:15:00Z,29697.0,29743.0,29690.0,29734.7,26537
2026-08-28T15:30:00Z,29734.6,29737.0,29615.0,29623.0,27824
2026-08-28T15:45:00Z,29623.2,29634.2,29496.5,29504.4,32716
2026-08-28T16:00:00Z,29504.7,29543.7,29461.5,29510.0,31061
2026-08-28T16:15:00Z,29510.4,29522.4,29417.2,29440.8,32366
2026-08-28T16:30:00Z,29441.0,29481.0,29426.8,29435.8,27946
2026-08-28T16:45:00Z,29435.0,29500.7,29434.6,29453.4,25690
2026-08-28T17:00:00Z,29453.5,29454.5,29388.8,29436.0,27503
2026-08-28T17:15:00Z,29436.0,29446.7,29404.0,29421.7,23921
2026-08-28T17:30:00Z,29421.6,29456.0,29413.2,29435.4,21454
2026-08-28T17:45:00Z,29435.5,29480.6,29427.2,29467.4,16651
2026-08-28T18:00:00Z,29467.2,29473.0,29440.2,29441.0,18620
2026-08-28T18:15:00Z,29441.2,29456.5,29423.0,29435.2,18427
2026-08-28T18:30:00Z,29434.7,29458.4,29427.8,29442.5,15205
2026-08-28T18:45:00Z,29442.8,29445.2,29393.0,29407.2,17302
2026-08-28T19:00:00Z,29407.5,29442.7,29395.2,29431.0,17207
2026-08-28T19:15:00Z,29431.5,29453.3,29416.5,29450.3,13954
2026-08-28T19:30:00Z,29449.8,29464.6,29435.0,29454.6,15080
2026-08-28T19:45:00Z,29454.5,29471.7,29425.0,29447.6,20913
2026-08-28T20:00:00Z,29448.0,29459.4,29429.8,29439.6,7846
2026-08-28T20:15:00Z,29439.5,29445.0,29437.0,29443.4,3350
2026-08-28T20:30:00Z,29443.5,29460.0,29437.0,29459.2,3713
2026-08-28T20:45:00Z,29459.3,29471.0,29458.0,29462.8,3474
2026-08-30T22:00:00Z,29460.8,29492.6,29398.7,29421.8,6028
2026-08-30T22:15:00Z,29422.0,29446.0,29420.0,29425.2,2994
2026-08-30T22:30:00Z,29425.0,29427.6,29380.2,29388.8,4009
2026-08-30T22:45:00Z,29388.2,29404.4,29386.0,29394.3,2054
2026-08-30T23:00:00Z,29394.4,29399.4,29358.5,29362.0,3116
2026-08-30T23:15:00Z,29362.0,29367.2,29321.7,29323.4,4041
2026-08-30T23:30:00Z,29323.5,29326.2,29273.4,29305.8,5606
2026-08-30T23:45:00Z,29307.0,29307.0,29240.9,29241.0,10027
2026-08-31T00:00:00Z,29241.2,29297.4,29225.2,29291.0,13050
2026-08-31T00:15:00Z,29291.4,29328.8,29285.6,29322.3,10225
2026-08-31T00:30:00Z,29322.2,29349.6,29318.8,29340.8,8980
2026-08-31T00:45:00Z,29341.2,29344.4,29302.0,29308.9,9253
2026-08-31T01:00:00Z,29309.0,29309.7,29244.0,29274.5,14973
2026-08-31T01:15:00Z,29274.9,29291.0,29254.7,29281.5,14298
2026-08-31T01:30:00Z,29281.4,29289.2,29258.2,29264.3,14706
2026-08-31T01:45:00Z,29264.4,29280.4,29253.2,29276.3,12646
2026-08-31T02:00:00Z,29276.0,29314.0,29260.5,29307.8,11575
2026-08-31T02:15:00Z,29308.2,29309.3,29256.0,29278.8,10602
2026-08-31T02:30:00Z,29278.6,29286.8,29238.7,29248.0,8818
2026-08-31T02:45:00Z,29247.8,29297.4,29242.6,29295.6,8834
2026-08-31T03:00:00Z,29295.8,29318.7,29288.2,29307.0,5784
2026-08-31T03:15:00Z,29307.7,29309.6,29294.8,29295.4,5025
2026-08-31T03:30:00Z,29295.3,29302.6,29289.0,29298.0,5944
2026-08-31T03:45:00Z,29297.6,29305.0,29290.2,29303.2,4869
2026-08-31T04:00:00Z,29303.0,29305.9,29292.6,29305.8,4309
2026-08-31T04:15:00Z,29305.6,29308.4,29294.2,29298.6,3607
2026-08-31T04:30:00Z,29299.3,29335.8,29285.6,29333.8,5750
2026-08-31T04:45:00Z,29333.6,29375.2,29318.0,29367.0,5013
2026-08-31T05:00:00Z,29366.8,29396.2,29359.0,29395.0,6559
2026-08-31T05:15:00Z,29394.8,29428.2,29393.4,29421.8,6715
2026-08-31T05:30:00Z,29421.7,29425.6,29377.8,29393.2,7920
2026-08-31T05:45:00Z,29393.0,29414.0,29383.8,29412.8,5255
2026-08-31T06:00:00Z,29413.0,29453.8,29400.6,29452.3,7037
2026-08-31T06:15:00Z,29452.2,29469.6,29452.0,29464.4,5773
2026-08-31T06:30:00Z,29464.2,29469.9,29447.2,29459.0,4882
2026-08-31T06:45:00Z,29458.9,29479.6,29455.0,29468.2,3968
2026-08-31T07:00:00Z,29467.6,29472.2,29452.4,29465.0,6306
2026-08-31T07:15:00Z,29464.8,29473.0,29452.0,29459.9,5665
2026-08-31T07:30:00Z,29460.0,29473.2,29452.7,29458.0,4828
2026-08-31T07:45:00Z,29457.8,29462.6,29444.6,29460.2,3834
2026-08-31T08:00:00Z,29460.3,29486.5,29439.2,29457.0,9151
2026-08-31T08:15:00Z,29456.9,29461.8,29437.2,29451.5,5899
2026-08-31T08:30:00Z,29451.6,29454.2,29427.4,29435.8,5226
2026-08-31T08:45:00Z,29435.9,29449.6,29431.8,29437.0,4308
2026-08-31T09:00:00Z,29436.8,29452.4,29422.4,29444.2,4837
2026-08-31T09:15:00Z,29444.0,29460.0,29441.8,29442.0,4092
2026-08-31T09:30:00Z,29441.8,29444.6,29418.6,29419.8,3261
2026-08-31T09:45:00Z,29419.4,29420.7,29397.2,29402.2,3346
2026-08-31T10:00:00Z,29403.0,29411.6,29392.0,29409.2,5382
2026-08-31T10:15:00Z,29409.4,29418.7,29397.4,29411.5,4835
2026-08-31T10:30:00Z,29411.6,29412.0,29401.8,29406.0,3853
2026-08-31T10:45:00Z,29406.0,29423.0,29401.7,29410.6,3996
2026-08-31T11:00:00Z,29409.4,29414.9,29388.2,29391.0,5848
2026-08-31T11:15:00Z,29390.9,29420.8,29387.8,29416.6,5439
2026-08-31T11:30:00Z,29416.4,29418.4,29384.6,29384.6,6427
2026-08-31T11:45:00Z,29384.8,29391.0,29377.2,29381.0,5467
2026-08-31T12:00:00Z,29381.8,29418.4,29351.4,29401.5,8789
2026-08-31T12:15:00Z,29401.7,29433.6,29350.2,29366.9,8927
2026-08-31T12:30:00Z,29367.0,29393.2,29341.2,29350.0,10674
2026-08-31T12:45:00Z,29350.4,29359.0,29331.5,29341.2,6535
2026-08-31T13:00:00Z,29341.2,29362.5,29329.6,29360.2,8175
2026-08-31T13:15:00Z,29360.2,29393.2,29359.9,29390.2,8426
2026-08-31T13:30:00Z,29390.2,29468.0,29341.9,29359.0,40379
2026-08-31T13:45:00Z,29359.4,29430.0,29340.0,29389.6,34291
2026-08-31T14:00:00Z,29390.0,29398.9,29322.3,29345.4,29805
2026-08-31T14:15:00Z,29345.0,29382.4,29306.9,29325.9,26634
2026-08-31T14:30:00Z,29326.0,29386.2,29315.8,29376.9,23913
2026-08-31T14:45:00Z,29376.4,29394.2,29335.9,29367.0,21409
2026-08-31T15:00:00Z,29367.4,29394.0,29347.2,29368.6,22029
2026-08-31T15:15:00Z,29368.9,29396.3,29348.8,29372.2,19430
2026-08-31T15:30:00Z,29372.0,29376.4,29337.7,29369.9,18589
2026-08-31T15:45:00Z,29369.6,29393.6,29346.0,29349.9,15488
2026-08-31T16:00:00Z,29350.0,29374.0,29324.4,29368.6,16380
2026-08-31T16:15:00Z,29368.9,29387.4,29343.1,29386.4,13010
2026-08-31T16:30:00Z,29386.0,29392.0,29356.0,29375.1,13133
2026-08-31T16:45:00Z,29374.6,29404.1,29371.0,29401.1,10061
2026-08-31T17:00:00Z,29401.0,29402.1,29376.6,29384.9,10855
2026-08-31T17:15:00Z,29385.0,29395.2,29355.1,29358.0,9981
2026-08-31T17:30:00Z,29358.1,29400.9,29349.4,29400.9,9765
2026-08-31T17:45:00Z,29400.7,29418.4,29392.2,29402.9,9710
2026-08-31T18:00:00Z,29402.8,29419.4,29383.6,29408.1,11516
2026-08-31T18:15:00Z,29408.0,29422.0,29398.5,29399.5,9071
2026-08-31T18:30:00Z,29399.2,29404.4,29343.9,29360.6,12041
2026-08-31T18:45:00Z,29360.7,29381.4,29351.6,29365.1,10957
2026-08-31T19:00:00Z,29365.2,29390.5,29365.0,29386.6,10008
2026-08-31T19:15:00Z,29386.7,29414.5,29378.4,29409.1,8921
2026-08-31T19:30:00Z,29409.4,29443.9,29392.0,29437.9,10734
2026-08-31T19:45:00Z,29437.8,29499.1,29419.9,29467.8,20925
2026-08-31T20:00:00Z,29467.9,29488.1,29466.9,29473.0,6859
2026-08-31T20:15:00Z,29472.9,29477.5,29468.6,29474.9,2240
2026-08-31T20:30:00Z,29474.8,29481.2,29471.4,29477.6,1316
2026-08-31T20:45:00Z,29477.8,29479.8,29468.4,29479.8,1331
2026-08-31T22:00:00Z,29471.2,29475.6,29461.8,29467.8,2253
2026-08-31T22:15:00Z,29467.7,29468.6,29459.8,29462.4,1060
2026-08-31T22:30:00Z,29462.6,29467.4,29462.6,29465.0,764
2026-08-31T22:45:00Z,29465.2,29467.4,29451.7,29454.0,1287
2026-08-31T23:00:00Z,29453.9,29463.2,29450.8,29456.4,1799
2026-08-31T23:15:00Z,29456.2,29459.3,29447.2,29457.0,1179
2026-08-31T23:30:00Z,29455.3,29475.0,29454.8,29470.6,2060
2026-08-31T23:45:00Z,29470.8,29479.6,29457.2,29460.8,5480
2026-09-01T00:00:00Z,29461.6,29481.2,29440.8,29450.0,13832
2026-09-01T00:15:00Z,29450.0,29478.9,29439.0,29461.2,9759
2026-09-01T00:30:00Z,29461.4,29479.0,29444.8,29462.4,8384
2026-09-01T00:45:00Z,29462.6,29468.7,29453.0,29467.0,8094
2026-09-01T01:00:00Z,29466.8,29474.2,29452.8,29472.8,10531
2026-09-01T01:15:00Z,29472.6,29476.7,29438.4,29444.2,8578
2026-09-01T01:30:00Z,29444.0,29475.4,29435.7,29468.0,10790
2026-09-01T01:45:00Z,29468.2,29471.2,29450.9,29459.6,6770
2026-09-01T02:00:00Z,29459.4,29463.7,29435.8,29441.2,6660
2026-09-01T02:15:00Z,29441.0,29446.6,29413.2,29420.2,5272
