time,open,high,low,close,volume
2026-07-23T22:30:00Z,51719.3,51727.3,51710.3,51717.3,510
2026-07-23T22:45:00Z,51717.8,51734.8,51716.8,51732.3,426
2026-07-23T23:00:00Z,51730.8,51735.3,51709.8,51715.3,410
2026-07-23T23:15:00Z,51714.8,51721.8,51708.8,51718.3,218
2026-07-23T23:30:00Z,51717.8,51724.8,51694.8,51717.3,445
2026-07-23T23:45:00Z,51718.8,51736.3,51702.8,51724.3,1580
2026-07-24T00:00:00Z,51724.8,51761.3,51713.3,51729.8,3018
2026-07-24T00:15:00Z,51730.3,51775.8,51715.3,51759.8,2883
2026-07-24T00:30:00Z,51760.3,51793.8,51740.8,51792.3,1934
2026-07-24T00:45:00Z,51792.8,51804.8,51761.3,51788.3,1972
2026-07-24T01:00:00Z,51788.8,51803.8,51772.8,51776.8,2225
2026-07-24T01:15:00Z,51777.3,51796.3,51769.8,51778.8,1521
2026-07-24T01:30:00Z,51779.3,51816.8,51770.3,51809.3,1971
2026-07-24T01:45:00Z,51808.8,51808.8,51776.8,51792.3,1441
2026-07-24T02:00:00Z,51791.8,51806.8,51781.3,51799.3,1424
2026-07-24T02:15:00Z,51799.8,51804.8,51788.3,51798.8,1214
2026-07-24T02:30:00Z,51798.3,51798.8,51762.3,51762.3,1069
2026-07-24T02:45:00Z,51761.8,51764.8,51747.8,51755.3,1147
2026-07-24T03:00:00Z,51755.8,51761.8,51742.8,51754.8,1051
2026-07-24T03:15:00Z,51755.3,51767.3,51746.3,51750.3,1279
2026-07-24T03:30:00Z,51750.8,51752.8,51723.3,51742.8,1540
2026-07-24T03:45:00Z,51742.3,51755.8,51735.8,51739.3,1013
2026-07-24T04:00:00Z,51739.8,51757.8,51725.8,51732.8,1221
2026-07-24T04:15:00Z,51731.3,51757.8,51723.3,51754.3,1121
2026-07-24T04:30:00Z,51753.8,51757.3,51719.3,51737.3,1039
2026-07-24T04:45:00Z,51736.8,51759.3,51731.8,51753.8,1192
2026-07-24T05:00:00Z,51755.8,51785.3,51749.8,51772.8,1384
2026-07-24T05:15:00Z,51772.3,51801.8,51764.8,51791.8,1430
2026-07-24T05:30:00Z,51792.3,51798.3,51770.3,51787.8,1492
2026-07-24T05:45:00Z,51787.3,51802.8,51767.8,51772.3,1178
2026-07-24T06:00:00Z,51772.8,51774.8,51748.3,51759.3,1430
2026-07-24T06:15:00Z,51759.8,51806.8,51750.3,51779.3,1930
2026-07-24T06:30:00Z,51780.3,51796.3,51759.8,51760.3,1623
2026-07-24T06:45:00Z,51759.8,51796.3,51743.8,51791.3,1727
2026-07-24T07:00:00Z,51791.8,51884.3,51782.8,51882.8,2749
2026-07-24T07:15:00Z,51883.3,51948.8,51873.3,51946.8,2309
2026-07-24T07:30:00Z,51947.3,51955.8,51898.8,51912.3,2063
2026-07-24T07:45:00Z,51910.8,51926.8,51903.3,51914.8,1708
2026-07-24T08:00:00Z,51915.3,51919.3,51883.8,51902.3,2684
2026-07-24T08:15:00Z,51901.8,51950.8,51889.3,51947.3,2307
2026-07-24T08:30:00Z,51945.8,51976.8,51937.3,51965.3,2060
2026-07-24T08:45:00Z,51964.8,51968.8,51927.8,51946.8,1813
2026-07-24T09:00:00Z,51947.3,51994.8,51942.3,51961.8,2166
2026-07-24T09:15:00Z,51960.3,52004.8,51952.3,51990.3,2021
2026-07-24T09:30:00Z,51991.8,52015.8,51979.3,52008.8,1484
2026-07-24T09:45:00Z,52009.3,52023.8,51999.3,52019.8,1198
2026-07-24T10:00:00Z,52019.3,52035.8,51992.3,52006.3,1353
2026-07-24T10:15:00Z,52005.8,52011.3,51987.8,52007.3,1087
2026-07-24T10:30:00Z,52007.8,52021.8,51991.8,52007.3,1119
2026-07-24T10:45:00Z,52006.8,52021.8,51987.8,51992.3,1219
2026-07-24T11:00:00Z,51990.8,52021.3,51927.8,51940.3,2114
2026-07-24T11:15:00Z,51941.8,51968.3,51924.8,51931.3,1556
2026-07-24T11:30:00Z,51931.8,51956.3,51911.8,51912.8,1915
2026-07-24T11:45:00Z,51912.3,51992.8,51893.8,51961.3,2775
2026-07-24T12:00:00Z,51959.8,51969.3,51919.8,51940.3,3146
2026-07-24T12:15:00Z,51941.8,51966.3,51927.3,51945.8,2128
2026-07-24T12:30:00Z,51945.3,51964.3,51918.3,51920.8,2110
2026-07-24T12:45:00Z,51921.3,51924.8,51851.8,51861.8,1910
2026-07-24T13:00:00Z,51861.3,51888.8,51847.3,51873.8,2318
2026-07-24T13:15:00Z,51875.3,51896.3,51821.3,51823.8,2652
2026-07-24T13:30:00Z,51823.3,51887.8,51744.4,51804.4,14152
2026-07-24T13:45:00Z,51803.8,51921.8,51774.8,51825.8,12421
2026-07-24T14:00:00Z,51826.8,51931.8,51800.8,51905.8,11367
2026-07-24T14:15:00Z,51905.4,51929.8,51824.8,51827.8,11197
2026-07-24T14:30:00Z,51828.4,51841.8,51717.8,51718.8,9738
2026-07-24T14:45:00Z,51720.8,51905.8,51716.8,51901.8,8203
2026-07-24T15:00:00Z,51903.4,52043.8,51865.8,52024.8,10279
2026-07-24T15:15:00Z,52022.8,52130.8,51991.8,52112.8,10741
2026-07-24T15:30:00Z,52114.8,52144.8,52072.8,52098.8,6160
2026-07-24T15:45:00Z,52100.8,52123.8,52078.4,52111.8,4750
2026-07-24T16:00:00Z,52113.8,52116.8,52078.4,52099.8,3150
2026-07-24T16:15:00Z,52100.4,52152.8,52091.8,52131.8,2316
2026-07-24T16:30:00Z,52133.4,52135.4,52036.8,52039.4,4155
2026-07-24T16:45:00Z,52038.8,52049.4,51980.8,52023.8,4180
2026-07-24T17:00:00Z,52025.8,52030.8,51943.8,51996.8,5147
2026-07-24T17:15:00Z,51996.4,52049.4,51981.4,52046.8,3912
2026-07-24T17:30:00Z,52047.4,52060.8,52012.8,52015.4,3333
2026-07-24T17:45:00Z,52015.8,52029.8,51994.8,52008.4,2784
2026-07-24T18:00:00Z,52008.8,52038.8,51994.4,52005.8,2705
2026-07-24T18:15:00Z,52003.8,52014.4,51928.8,51929.8,3517
2026-07-24T18:30:00Z,51931.8,51935.8,51851.8,51882.8,5591
2026-07-24T18:45:00Z,51882.4,51931.8,51880.8,51919.8,3676
2026-07-24T19:00:00Z,51920.4,51942.8,51898.8,51909.8,4288
2026-07-24T19:15:00Z,51909.4,51934.8,51879.8,51898.8,3750
2026-07-24T19:30:00Z,51898.4,51968.8,51898.4,51950.8,5388
2026-07-24T19:45:00Z,51950.4,51981.8,51930.8,51966.8,4912
2026-07-24T20:00:00Z,51966.4,51982.8,51929.3,51937.3,2178
2026-07-24T20:15:00Z,51939.3,51963.3,51919.8,51921.8,1217
2026-07-24T20:30:00Z,51921.3,51925.8,51897.3,51923.8,1378
2026-07-24T20:45:00Z,51924.3,51947.8,51919.8,51934.3,863
2026-07-26T22:00:00Z,52278.8,52295.8,52203.8,52213.8,868
2026-07-26T22:15:00Z,52215.8,52219.8,52195.8,52206.8,905
2026-07-26T22:30:00Z,52209.3,52221.3,52194.3,52199.8,806
2026-07-26T22:45:00Z,52200.3,52202.8,52176.3,52182.8,744
2026-07-26T23:00:00Z,52183.8,52219.3,52183.8,52217.8,636
2026-07-26T23:15:00Z,52218.3,52237.3,52214.8,52223.8,383
2026-07-26T23:30:00Z,52223.3,52273.3,52223.3,52269.3,501
2026-07-26T23:45:00Z,52267.8,52300.3,52255.3,52291.3,1305
2026-07-27T00:00:00Z,52291.8,52318.8,52263.8,52306.3,2792
2026-07-27T00:15:00Z,52308.3,52320.8,52238.8,52256.8,3381
2026-07-27T00:30:00Z,52257.3,52268.3,52218.8,52226.8,2190
2026-07-27T00:45:00Z,52227.3,52235.3,52207.3,52209.3,1834
2026-07-27T01:00:00Z,52208.8,52232.8,52197.3,52206.8,1914
2026-07-27T01:15:00Z,52207.3,52217.8,52177.3,52202.3,1526
2026-07-27T01:30:00Z,52202.8,52248.3,52202.8,52235.3,2525
2026-07-27T01:45:00Z,52233.8,52250.3,52220.8,52248.8,1891
2026-07-27T02:00:00Z,52249.3,52261.3,52236.8,52251.3,1836
2026-07-27T02:15:00Z,52250.8,52263.8,52240.3,52245.3,1326
2026-07-27T02:30:00Z,52245.8,52254.8,52224.3,52248.3,1101
2026-07-27T02:45:00Z,52247.8,52253.3,52237.3,52244.8,845
2026-07-27T03:00:00Z,52245.3,52268.3,52243.8,52266.8,907
2026-07-27T03:15:00Z,52267.3,52275.3,52263.3,52266.8,671
2026-07-27T03:30:00Z,52267.3,52272.8,52253.8,52263.8,895
2026-07-27T03:45:00Z,52263.3,52269.3,52254.3,52263.3,885
2026-07-27T04:00:00Z,52263.8,52277.3,52260.8,52276.3,1099
2026-07-27T04:15:00Z,52275.8,52282.8,52263.8,52274.8,993
2026-07-27T04:30:00Z,52275.3,52308.3,52269.3,52306.8,773
2026-07-27T04:45:00Z,52306.3,52315.8,52300.3,52304.3,591
2026-07-27T05:00:00Z,52304.8,52332.8,52301.3,52327.8,889
2026-07-27T05:15:00Z,52327.3,52333.3,52321.3,52331.8,645
2026-07-27T05:30:00Z,52333.3,52358.3,52326.3,52354.3,921
2026-07-27T05:45:00Z,52354.8,52371.3,52353.3,52360.3,730
2026-07-27T06:00:00Z,52359.8,52396.8,52359.8,52373.3,1318
2026-07-27T06:15:00Z,52372.8,52389.3,52357.3,52369.3,1045
2026-07-27T06:30:00Z,52368.8,52397.8,52366.8,52374.3,1000
2026-07-27T06:45:00Z,52376.3,52384.3,52357.8,52373.3,1193
2026-07-27T07:00:00Z,52371.8,52423.3,52361.3,52421.8,2205
2026-07-27T07:15:00Z,52421.3,52438.8,52399.3,52399.8,1836
2026-07-27T07:30:00Z,52401.3,52419.8,52379.8,52402.3,1565
2026-07-27T07:45:00Z,52402.8,52414.8,52354.3,52354.8,1695
2026-07-27T08:00:00Z,52355.3,52418.8,52344.8,52418.8,2359
2026-07-27T08:15:00Z,52418.3,52428.8,52399.3,52420.3,1984
2026-07-27T08:30:00Z,52419.8,52465.3,52406.3,52463.8,1684
2026-07-27T08:45:00Z,52462.3,52468.3,52441.8,52465.3,1358
2026-07-27T09:00:00Z,52465.8,52465.8,52443.3,52452.8,1046
2026-07-27T09:15:00Z,52453.3,52488.3,52449.3,52470.3,1147
2026-07-27T09:30:00Z,52470.8,52497.8,52464.3,52495.3,1232
2026-07-27T09:45:00Z,52494.8,52517.3,52488.8,52508.3,1181
2026-07-27T10:00:00Z,52507.8,52518.8,52473.3,52504.3,1306
2026-07-27T10:15:00Z,52504.8,52523.8,52494.3,52507.3,938
2026-07-27T10:30:00Z,52506.3,52522.3,52492.3,52519.3,691
2026-07-27T10:45:00Z,52520.8,52555.3,52512.8,52539.3,797
2026-07-27T11:00:00Z,52538.8,52557.8,52522.8,52541.3,1226
2026-07-27T11:15:00Z,52541.8,52554.8,52495.3,52497.3,1134
2026-07-27T11:30:00Z,52499.3,52553.8,52493.3,52525.8,2210
2026-07-27T11:45:00Z,52526.3,52550.8,52524.8,52537.3,1353
2026-07-27T12:00:00Z,52537.8,52573.3,52488.3,52490.8,2268
2026-07-27T12:15:00Z,52491.3,52557.3,52491.3,52535.3,1686
2026-07-27T12:30:00Z,52537.8,52555.3,52513.8,52549.3,1670
2026-07-27T12:45:00Z,52547.8,52588.3,52543.3,52584.8,1970
2026-07-27T13:00:00Z,52585.3,52612.3,52562.3,52589.8,2147
2026-07-27T13:15:00Z,52590.3,52624.8,52544.3,52568.8,1914
2026-07-27T13:30:00Z,52569.8,52629.8,52488.8,52513.8,14438
2026-07-27T13:45:00Z,52515.8,52557.4,52417.4,52417.8,11030
2026-07-27T14:00:00Z,52420.8,52493.8,52370.4,52414.8,12036
2026-07-27T14:15:00Z,52415.4,52436.4,52257.8,52261.8,9995
2026-07-27T14:30:00Z,52263.4,52276.4,52135.8,52164.8,13419
2026-07-27T14:45:00Z,52164.4,52259.8,52132.8,52253.4,10674
2026-07-27T15:00:00Z,52253.8,52297.8,52208.8,52265.8,9168
2026-07-27T15:15:00Z,52265.4,52268.4,52150.4,52186.8,9356
2026-07-27T15:30:00Z,52186.4,52189.8,52025.8,52110.0,7716
2026-07-27T15:45:00Z,52110.6,52115.6,52037.0,52066.0,6926
2026-07-27T16:00:00Z,52068.6,52140.0,52047.6,52084.6,5920
2026-07-27T16:15:00Z,52084.0,52228.0,52040.0,52169.0,10425
2026-07-27T16:30:00Z,52172.6,52236.6,52138.6,52152.0,7467
2026-07-27T16:45:00Z,52154.0,52187.0,52066.6,52090.6,6180
2026-07-27T17:00:00Z,52091.0,52092.6,52034.0,52059.0,5522
2026-07-27T17:15:00Z,52059.6,52078.0,52016.0,52038.0,5000
2026-07-27T17:30:00Z,52038.6,52103.0,52036.0,52092.0,4820
2026-07-27T17:45:00Z,52093.6,52142.0,52078.0,52135.0,4090
2026-07-27T18:00:00Z,52136.6,52152.6,52111.0,52129.0,3542
2026-07-27T18:15:00Z,52128.6,52151.0,52092.6,52144.0,3884
2026-07-27T18:30:00Z,52144.6,52147.0,52091.0,52119.0,4245
2026-07-27T18:45:00Z,52121.0,52217.6,52099.0,52212.0,4323
2026-07-27T19:00:00Z,52214.0,52237.0,52166.0,52214.0,3707
2026-07-27T19:15:00Z,52214.6,52254.0,52210.0,52235.0,2741
2026-07-27T19:30:00Z,52233.0,52259.0,52225.0,52245.0,3370
2026-07-27T19:45:00Z,52247.0,52253.0,52198.6,52233.0,3964
2026-07-27T20:00:00Z,52232.6,52256.5,52205.5,52223.0,1295
2026-07-27T20:15:00Z,52222.5,52239.5,52221.0,52234.5,469
2026-07-27T20:30:00Z,52235.0,52282.0,52229.5,52259.5,639
2026-07-27T20:45:00Z,52260.0,52271.0,52255.0,52263.5,391
2026-07-27T22:00:00Z,52281.0,52283.0,52258.0,52261.5,748
2026-07-27T22:15:00Z,52262.0,52269.0,52252.5,52258.5,447
2026-07-27T22:30:00Z,52259.0,52289.5,52256.0,52261.0,360
2026-07-27T22:45:00Z,52261.5,52264.5,52246.0,52249.0,269
2026-07-27T23:00:00Z,52248.5,52254.5,52223.0,52242.0,507
2026-07-27T23:15:00Z,52240.5,52267.0,52233.0,52267.0,392
2026-07-27T23:30:00Z,52266.5,52266.5,52250.5,52255.5,365
2026-07-27T23:45:00Z,52256.0,52266.5,52229.5,52255.0,2003
2026-07-28T00:00:00Z,52255.5,52264.5,52187.0,52214.5,3311
2026-07-28T00:15:00Z,52215.0,52221.5,52175.5,52188.5,3077
2026-07-28T00:30:00Z,52188.0,52211.0,52157.5,52205.5,2770
2026-07-28T00:45:00Z,52205.0,52208.0,52182.0,52188.0,1694
2026-07-28T01:00:00Z,52188.5,52196.0,52140.5,52150.5,2619
2026-07-28T01:15:00Z,52151.0,52218.0,52142.5,52201.5,1933
2026-07-28T01:30:00Z,52200.0,52223.5,52192.0,52220.5,2089
2026-07-28T01:45:00Z,52220.0,52239.5,52188.0,52201.0,2213
2026-07-28T02:00:00Z,52200.5,52212.5,52174.0,52178.0,1894
2026-07-28T02:15:00Z,52177.5,52208.0,52171.0,52184.0,1680
2026-07-28T02:30:00Z,52183.5,52197.5,52170.5,52177.0,1521
2026-07-28T02:45:00Z,52177.5,52200.0,52170.5,52187.0,1551
2026-07-28T03:00:00Z,52187.5,52194.5,52170.0,52191.0,1332
2026-07-28T03:15:00Z,52190.5,52231.5,52186.5,52197.5,1719
2026-07-28T03:30:00Z,52197.0,52260.0,52185.0,52251.5,2991
2026-07-28T03:45:00Z,52252.0,52273.5,52246.5,52265.5,1875
2026-07-28T04:00:00Z,52265.0,52267.5,52222.5,52225.5,1968
2026-07-28T04:15:00Z,52226.0,52248.0,52220.5,52227.5,1420
2026-07-28T04:30:00Z,52228.0,52236.0,52220.5,52232.0,1160
2026-07-28T04:45:00Z,52231.5,52247.5,52206.0,52210.5,1250
2026-07-28T05:00:00Z,52211.0,52249.5,52209.0,52236.5,1906
2026-07-28T05:15:00Z,52237.0,52249.0,52228.5,52240.5,1182
2026-07-28T05:30:00Z,52241.0,52242.5,52206.5,52217.5,1808
2026-07-28T05:45:00Z,52218.0,52241.5,52210.0,52226.5,1412
2026-07-28T06:00:00Z,52228.0,52263.0,52222.5,52260.5,1978
2026-07-28T06:15:00Z,52261.0,52279.5,52228.5,52249.0,2042
2026-07-28T06:30:00Z,52249.5,52277.0,52239.5,52273.0,1927
2026-07-28T06:45:00Z,52272.5,52293.5,52250.5,52280.5,1621
2026-07-28T07:00:00Z,52278.5,52331.5,52270.5,52318.5,2699
2026-07-28T07:15:00Z,52318.0,52345.5,52315.0,52329.0,2027
2026-07-28T07:30:00Z,52328.5,52336.5,52303.5,52307.0,1995
2026-07-28T07:45:00Z,52307.5,52319.5,52276.5,52291.5,2334
2026-07-28T08:00:00Z,52291.0,52334.0,52262.5,52268.5,2970
2026-07-28T08:15:00Z,52268.0,52348.0,52263.0,52342.5,3782
2026-07-28T08:30:00Z,52343.0,52347.5,52315.5,52334.0,2298
2026-07-28T08:45:00Z,52333.5,52390.0,52324.5,52339.0,1833
2026-07-28T09:00:00Z,52338.5,52372.5,52329.5,52351.5,1735
2026-07-28T09:15:00Z,52352.0,52382.5,52352.0,52380.5,1419
2026-07-28T09:30:00Z,52381.0,52405.5,52370.0,52392.5,1492
2026-07-28T09:45:00Z,52393.0,52421.0,52373.0,52375.0,1136
2026-07-28T10:00:00Z,52374.5,52384.5,52357.0,52369.5,1537
2026-07-28T10:15:00Z,52369.0,52384.5,52348.0,52373.5,1353
2026-07-28T10:30:00Z,52374.0,52386.0,52333.0,52354.0,2582
2026-07-28T10:45:00Z,52353.5,52420.5,52343.5,52416.5,1671
2026-07-28T11:00:00Z,52417.0,52539.0,52399.5,52503.5,3719
2026-07-28T11:15:00Z,52502.0,52624.5,52499.0,52563.5,3701
2026-07-28T11:30:00Z,52552.0,52627.0,52509.5,52552.5,3408
2026-07-28T11:45:00Z,52551.0,52625.5,52549.0,52621.0,2306
2026-07-28T12:00:00Z,52619.0,52653.5,52611.5,52639.0,2238
2026-07-28T12:15:00Z,52638.5,52698.5,52617.0,52698.5,2613
2026-07-28T12:30:00Z,52699.0,52741.5,52670.5,52735.5,3067
2026-07-28T12:45:00Z,52736.0,52758.5,52726.5,52740.0,2792
2026-07-28T13:00:00Z,52739.0,52739.0,52691.5,52697.5,2872
2026-07-28T13:15:00Z,52699.0,52756.5,52696.0,52724.0,3101
2026-07-28T13:30:00Z,52723.5,52723.5,52467.6,52531.0,14874
2026-07-28T13:45:00Z,52532.6,52645.0,52511.0,52585.6,15491
2026-07-28T14:00:00Z,52585.0,52680.0,52585.0,52633.0,13282
2026-07-28T14:15:00Z,52633.6,52704.0,52632.0,52659.0,12539
2026-07-28T14:30:00Z,52659.6,52676.0,52570.0,52610.6,11482
2026-07-28T14:45:00Z,52610.0,52716.6,52594.6,52613.0,8818
2026-07-28T15:00:00Z,52612.6,52723.0,52575.0,52697.6,10668
2026-07-28T15:15:00Z,52697.0,52879.0,52695.0,52825.0,11030
2026-07-28T15:30:00Z,52826.6,52890.0,52798.0,52890.0,5601
2026-07-28T15:45:00Z,52888.0,52928.6,52870.6,52916.0,4507
2026-07-28T16:00:00Z,52917.6,52924.0,52884.0,52917.0,3635
2026-07-28T16:15:00Z,52917.6,52923.6,52881.6,52891.0,3249
2026-07-28T16:30:00Z,52890.6,52923.0,52883.6,52910.0,3249
2026-07-28T16:45:00Z,52910.6,52939.0,52872.6,52934.6,3568
2026-07-28T17:00:00Z,52934.0,52953.0,52885.0,52895.0,4252
2026-07-28T17:15:00Z,52895.6,52960.6,52892.6,52895.6,4589
2026-07-28T17:30:00Z,52896.2,52921.2,52846.2,52851.6,3584
2026-07-28T17:45:00Z,52852.2,52886.6,52835.6,52857.6,3428
2026-07-28T18:00:00Z,52858.2,52876.6,52809.6,52811.6,3584
2026-07-28T18:15:00Z,52811.2,52842.6,52795.6,52812.6,3521
2026-07-28T18:30:00Z,52812.2,52847.2,52805.6,52840.6,3362
2026-07-28T18:45:00Z,52841.2,52877.6,52841.2,52857.6,3163
2026-07-28T19:00:00Z,52857.2,52872.6,52840.2,52849.2,3118
2026-07-28T19:15:00Z,52849.6,52874.2,52825.6,52834.6,2596
2026-07-28T19:30:00Z,52834.2,52859.6,52822.2,52843.6,2630
2026-07-28T19:45:00Z,52841.6,52853.6,52783.2,52803.2,4301
2026-07-28T20:00:00Z,52802.6,52831.1,52773.6,52805.6,3003
2026-07-28T20:15:00Z,52806.1,52818.6,52788.1,52805.1,1171
2026-07-28T20:30:00Z,52804.6,52813.1,52781.1,52785.1,1087
2026-07-28T20:45:00Z,52785.6,52788.1,52766.1,52775.1,851
2026-07-28T22:00:00Z,52792.1,52806.1,52766.1,52775.6,996
2026-07-28T22:15:00Z,52776.1,52785.1,52719.6,52738.6,1455
2026-07-28T22:30:00Z,52738.1,52743.1,52685.6,52710.6,1824
2026-07-28T22:45:00Z,52711.1,52769.1,52699.1,52745.6,2152
2026-07-28T23:00:00Z,52746.1,52760.6,52720.1,52752.1,1825
2026-07-28T23:15:00Z,52751.6,52786.6,52738.6,52770.6,1129
2026-07-28T23:30:00Z,52769.1,52819.6,52757.1,52817.1,774
2026-07-28T23:45:00Z,52816.6,52858.1,52798.6,52824.1,3058
2026-07-29T00:00:00Z,52825.6,52859.6,52809.6,52829.1,2522
2026-07-29T00:15:00Z,52827.6,52889.6,52821.1,52871.6,2289
2026-07-29T00:30:00Z,52872.1,52881.6,52854.1,52880.6,1460
2026-07-29T00:45:00Z,52879.1,52881.6,52856.6,52860.6,1100
2026-07-29T01:00:00Z,52861.1,52867.1,52793.1,52808.6,2361
2026-07-29T01:15:00Z,52808.1,52840.1,52788.6,52826.6,1829
2026-07-29T01:30:00Z,52824.6,52831.1,52783.6,52791.6,1860
2026-07-29T01:45:00Z,52792.1,52796.1,52752.1,52755.6,1585
2026-07-29T02:00:00Z,52756.1,52784.6,52741.1,52774.1,2047
2026-07-29T02:15:00Z,52774.6,52781.1,52743.1,52752.1,1620
2026-07-29T02:30:00Z,52751.6,52786.6,52750.6,52774.1,1409
2026-07-29T02:45:00Z,52776.1,52781.1,52760.6,52780.6,1056
2026-07-29T03:00:00Z,52780.1,52784.6,52745.1,52749.1,1548
2026-07-29T03:15:00Z,52750.6,52762.1,52742.1,52742.6,816
2026-07-29T03:30:00Z,52742.1,52746.1,52717.1,52726.1,1231
2026-07-29T03:45:00Z,52725.6,52737.1,52674.6,52684.1,1025
2026-07-29T04:00:00Z,52684.6,52691.6,52666.1,52681.1,1398
2026-07-29T04:15:00Z,52681.6,52704.1,52678.1,52690.6,1297
2026-07-29T04:30:00Z,52689.1,52697.6,52672.1,52678.1,1548
2026-07-29T04:45:00Z,52678.6,52719.6,52669.6,52719.1,1580
2026-07-29T05:00:00Z,52719.6,52761.1,52716.1,52761.1,1710
2026-07-29T05:15:00Z,52760.6,52767.6,52749.1,52759.1,1787
2026-07-29T05:30:00Z,52759.6,52770.6,52750.6,52760.6,1354
2026-07-29T05:45:00Z,52761.1,52761.6,52738.6,52745.6,964
2026-07-29T06:00:00Z,52745.1,52758.1,52729.6,52740.1,1257
2026-07-29T06:15:00Z,52742.1,52768.1,52741.6,52762.1,1142
2026-07-29T06:30:00Z,52762.6,52806.6,52762.6,52785.1,1276
2026-07-29T06:45:00Z,52785.6,52813.1,52771.1,52808.1,1168
2026-07-29T07:00:00Z,52809.6,52860.1,52783.6,52820.6,2225
2026-07-29T07:15:00Z,52822.1,52830.1,52798.6,52823.1,1566
2026-07-29T07:30:00Z,52825.1,52863.1,52807.6,52859.1,1567
2026-07-29T07:45:00Z,52858.6,52865.6,52828.1,52851.6,1289
2026-07-29T08:00:00Z,52851.1,52869.6,52830.6,52835.1,1759
2026-07-29T08:15:00Z,52835.6,52846.6,52788.6,52794.1,1643
2026-07-29T08:30:00Z,52793.6,52863.1,52791.1,52860.6,1918
2026-07-29T08:45:00Z,52861.1,52882.1,52836.1,52848.6,1436
2026-07-29T09:00:00Z,52850.6,52850.6,52790.1,52795.1,1433
2026-07-29T09:15:00Z,52796.6,52797.1,52725.1,52745.1,1427
2026-07-29T09:30:00Z,52747.6,52750.6,52697.1,52716.1,1456
2026-07-29T09:45:00Z,52716.6,52796.1,52715.6,52753.1,1626
2026-07-29T10:00:00Z,52752.6,52753.1,52669.6,52684.6,2056
2026-07-29T10:15:00Z,52683.1,52708.6,52672.1,52699.1,1162
2026-07-29T10:30:00Z,52700.6,52718.6,52665.6,52690.1,1381
2026-07-29T10:45:00Z,52689.6,52699.1,52645.1,52667.1,1295
2026-07-29T11:00:00Z,52667.6,52677.1,52623.6,52642.6,1564
2026-07-29T11:15:00Z,52641.1,52661.1,52632.6,52649.6,1109
2026-07-29T11:30:00Z,52651.1,52652.6,52610.6,52629.1,1156
2026-07-29T11:45:00Z,52627.1,52649.1,52606.1,52619.1,1496
2026-07-29T12:00:00Z,52619.6,52620.1,52552.1,52561.6,1645
2026-07-29T12:15:00Z,52562.1,52565.1,52402.1,52449.1,5934
2026-07-29T12:30:00Z,52448.6,52481.6,52416.1,52475.1,2501
2026-07-29T12:45:00Z,52475.6,52479.1,52425.6,52441.1,1880
2026-07-29T13:00:00Z,52441.6,52443.1,52352.1,52358.6,2412
2026-07-29T13:15:00Z,52358.1,52409.1,52334.1,52340.1,2613
2026-07-29T13:30:00Z,52343.1,52409.6,52298.2,52309.6,16487
2026-07-29T13:45:00Z,52312.2,52369.2,52147.6,52163.6,12163
2026-07-29T14:00:00Z,52163.2,52172.6,51980.2,52014.6,12190
2026-07-29T14:15:00Z,52016.6,52081.6,51962.6,52004.6,13656
2026-07-29T14:30:00Z,52005.2,52023.6,51900.6,51919.6,10957
2026-07-29T14:45:00Z,51918.2,51989.6,51906.2,51928.6,9488
2026-07-29T15:00:00Z,51929.2,51986.6,51905.6,51941.6,7700
2026-07-29T15:15:00Z,51942.2,51976.6,51927.6,51945.6,7653
2026-07-29T15:30:00Z,51946.2,51974.6,51899.2,51922.2,6767
2026-07-29T15:45:00Z,51921.6,51956.6,51874.6,51912.6,6349
2026-07-29T16:00:00Z,51913.2,51921.2,51829.6,51829.6,5589
2026-07-29T16:15:00Z,51830.2,51918.6,51813.6,51913.6,6003
2026-07-29T16:30:00Z,51914.2,51935.6,51869.0,51885.0,5611
2026-07-29T16:45:00Z,51885.6,51974.0,51868.6,51974.0,5754
2026-07-29T17:00:00Z,51973.6,52050.0,51968.0,52042.0,6119
2026-07-29T17:15:00Z,52041.6,52092.0,52024.0,52024.0,5201
2026-07-29T17:30:00Z,52023.6,52065.6,51979.0,51995.6,6226
2026-07-29T17:45:00Z,51996.0,52025.6,51970.6,52005.6,4699
2026-07-29T18:00:00Z,52010.5,52207.0,51980.0,52008.6,17717
2026-07-29T18:15:00Z,52009.0,52060.0,51922.0,51988.6,13189
2026-07-29T18:30:00Z,51989.0,52180.0,51885.6,52164.6,18237
2026-07-29T18:45:00Z,52165.0,52290.6,52153.0,52233.6,13921
2026-07-29T19:00:00Z,52234.0,52275.6,52003.0,52068.6,16149
2026-07-29T19:15:00Z,52069.0,52136.6,51850.0,51869.6,18407
2026-07-29T19:30:00Z,51870.0,51887.0,51610.0,51637.6,21320
2026-07-29T19:45:00Z,51637.0,51655.6,51561.6,51625.6,15278
2026-07-29T20:00:00Z,51625.0,51688.5,51498.5,51545.5,9045
2026-07-29T20:15:00Z,51545.0,51589.5,51531.5,51562.0,3685
2026-07-29T20:30:00Z,51562.5,51660.0,51547.0,51622.0,1898
2026-07-29T20:45:00Z,51622.5,51635.0,51588.5,51604.5,2052
2026-07-29T22:00:00Z,51671.5,51824.5,51671.5,51789.5,3106
2026-07-29T22:15:00Z,51789.0,51805.0,51764.5,51786.0,2215
2026-07-29T22:30:00Z,51785.5,51788.0,51753.0,51772.5,1175
2026-07-29T22:45:00Z,51773.0,51785.5,51753.5,51761.0,954
2026-07-29T23:00:00Z,51761.5,51792.5,51753.5,51760.0,1244
2026-07-29T23:15:00Z,51760.5,51789.5,51751.0,51768.5,808
2026-07-29T23:30:00Z,51768.5,51791.5,51768.0,51781.5,851
2026-07-29T23:45:00Z,51781.0,51794.0,51769.0,51780.5,3261
2026-07-30T00:00:00Z,51781.0,51812.5,51757.5,51799.5,5824
2026-07-30T00:15:00Z,51800.0,51801.0,51754.0,51765.5,5357
2026-07-30T00:30:00Z,51766.0,51774.5,51712.5,51727.5,3785
2026-07-30T00:45:00Z,51728.0,51761.0,51727.0,51746.5,3958
2026-07-30T01:00:00Z,51747.0,51790.0,51730.5,51732.5,3643
2026-07-30T01:15:00Z,51734.0,51745.5,51716.0,51736.0,2970
2026-07-30T01:30:00Z,51735.5,51772.0,51733.5,51772.0,2078
2026-07-30T01:45:00Z,51772.5,51778.5,51759.5,51771.5,1918
2026-07-30T02:00:00Z,51772.0,51794.0,51759.5,51764.0,2230
2026-07-30T02:15:00Z,51763.5,51778.0,51755.0,51760.5,2423
2026-07-30T02:30:00Z,51761.0,51767.5,51744.0,51766.5,2049
2026-07-30T02:45:00Z,51766.0,51768.5,51718.5,51719.0,1656
2026-07-30T03:00:00Z,51719.5,51754.5,51690.5,51701.0,2502
2026-07-30T03:15:00Z,51701.5,51709.5,51683.0,51693.5,3180
2026-07-30T03:30:00Z,51694.0,51716.5,51672.5,51701.5,3712
2026-07-30T03:45:00Z,51700.0,51708.5,51687.0,51695.0,2480
2026-07-30T04:00:00Z,51695.5,51704.5,51672.5,51672.5,2174
2026-07-30T04:15:00Z,51673.0,51722.5,51669.5,51719.5,2551
2026-07-30T04:30:00Z,51719.0,51722.0,51674.5,51676.5,2391
2026-07-30T04:45:00Z,51675.0,51705.5,51660.0,51669.5,2535
2026-07-30T05:00:00Z,51670.0,51673.0,51640.5,51656.5,3225
2026-07-30T05:15:00Z,51656.0,51678.0,51651.5,51666.5,3083
2026-07-30T05:30:00Z,51667.0,51691.5,51653.5,51686.5,3440
2026-07-30T05:45:00Z,51687.0,51713.5,51649.5,51668.0,3082
2026-07-30T06:00:00Z,51667.5,51670.5,51626.0,51629.5,3491
2026-07-30T06:15:00Z,51629.0,51648.5,51595.0,51630.5,2906
2026-07-30T06:30:00Z,51631.0,51634.5,51605.5,51606.5,2632
2026-07-30T06:45:00Z,51606.0,51668.5,51602.0,51667.5,2695
2026-07-30T07:00:00Z,51668.0,51791.0,51651.0,51753.5,7834
2026-07-30T07:15:00Z,51754.0,51762.5,51684.5,51719.0,4672
2026-07-30T07:30:00Z,51719.5,51723.5,51616.0,51685.5,6217
2026-07-30T07:45:00Z,51685.0,51708.0,51660.5,51665.0,3415
2026-07-30T08:00:00Z,51664.5,51771.5,51639.0,51755.5,5026
2026-07-30T08:15:00Z,51755.0,51789.5,51715.5,51776.5,3852
2026-07-30T08:30:00Z,51775.0,51795.5,51757.5,51768.5,3437
2026-07-30T08:45:00Z,51768.0,51781.5,51710.0,51751.0,3084
2026-07-30T09:00:00Z,51751.5,51810.5,51737.5,51785.5,4044
2026-07-30T09:15:00Z,51786.0,51806.0,51772.5,51789.5,3790
2026-07-30T09:30:00Z,51789.0,51821.5,51773.5,51789.5,2801
2026-07-30T09:45:00Z,51786.5,51798.5,51701.5,51705.0,2379
2026-07-30T10:00:00Z,51707.0,51760.5,51695.0,51719.5,2931
2026-07-30T10:15:00Z,51721.0,51788.5,51719.0,51770.0,3851
2026-07-30T10:30:00Z,51769.5,51817.0,51746.5,51790.0,3309
2026-07-30T10:45:00Z,51789.5,51801.0,51736.5,51748.0,2804
2026-07-30T11:00:00Z,51751.0,51799.5,51747.5,51795.5,3172
2026-07-30T11:15:00Z,51793.5,51847.5,51791.5,51847.0,2650
2026-07-30T11:30:00Z,51847.5,51880.5,51835.0,51852.0,2486
2026-07-30T11:45:00Z,51852.5,51910.5,51851.0,51875.0,2465
2026-07-30T12:00:00Z,51874.5,51884.0,51850.0,51866.5,3885
2026-07-30T12:15:00Z,51867.0,51903.0,51845.0,51860.5,3240
2026-07-30T12:30:00Z,51862.0,51900.0,51782.0,51810.5,5052
2026-07-30T12:45:00Z,51812.0,51847.5,51791.5,51831.0,4270
2026-07-30T13:00:00Z,51830.5,51940.0,51829.0,51892.5,5084
2026-07-30T13:15:00Z,51892.0,51972.5,51879.5,51969.5,4133
2026-07-30T13:30:00Z,51969.6,51984.6,51739.6,51843.0,19164
2026-07-30T13:45:00Z,51842.6,51995.6,51842.0,51956.0,15625
2026-07-30T14:00:00Z,51955.6,51982.6,51889.6,51947.0,14790
2026-07-30T14:15:00Z,51947.6,51977.0,51879.0,51930.0,11816
2026-07-30T14:30:00Z,51929.6,51959.0,51869.0,51876.0,9562
2026-07-30T14:45:00Z,51876.6,51893.0,51750.6,51792.0,11580
2026-07-30T15:00:00Z,51791.6,51796.0,51676.0,51680.0,12151
2026-07-30T15:15:00Z,51679.6,51789.0,51662.0,51730.0,12270
2026-07-30T15:30:00Z,51729.6,51907.6,51718.6,51884.0,11035
2026-07-30T15:45:00Z,51886.0,51970.0,51886.0,51948.0,7838
2026-07-30T16:00:00Z,51948.6,52037.0,51927.0,52028.0,6041
2026-07-30T16:15:00Z,52027.6,52065.0,52014.0,52054.0,4834
2026-07-30T16:30:00Z,52054.6,52092.6,52025.0,52047.0,5378
2026-07-30T16:45:00Z,52049.0,52132.0,52046.0,52102.0,4019
2026-07-30T17:00:00Z,52101.6,52187.6,52101.6,52140.0,4528
2026-07-30T17:15:00Z,52142.0,52172.6,52137.6,52155.0,3431
2026-07-30T17:30:00Z,52155.6,52185.0,52129.0,52168.0,5063
2026-07-30T17:45:00Z,52167.6,52187.0,52126.0,52129.0,3371
2026-07-30T18:00:00Z,52129.6,52172.6,52129.6,52166.0,3316
2026-07-30T18:15:00Z,52167.6,52197.0,52163.0,52187.0,2640
2026-07-30T18:30:00Z,52189.0,52191.0,52159.0,52185.0,2883
2026-07-30T18:45:00Z,52186.6,52220.0,52178.0,52216.0,2260
2026-07-30T19:00:00Z,52218.0,52284.6,52214.0,52269.0,3248
2026-07-30T19:15:00Z,52270.6,52274.0,52249.6,52252.0,2798
2026-07-30T19:30:00Z,52250.0,52268.0,52232.6,52247.0,3453
2026-07-30T19:45:00Z,52245.0,52277.6,52201.6,52252.0,6314
2026-07-30T20:00:00Z,52252.6,52356.5,52239.0,52338.0,3660
2026-07-30T20:15:00Z,52337.5,52356.0,52314.0,52326.0,1599
2026-07-30T20:30:00Z,52334.0,52358.0,52280.0,52318.0,3114
2026-07-30T20:45:00Z,52318.5,52326.5,52294.5,52308.0,1998
2026-07-30T22:00:00Z,52269.5,52298.5,52265.0,52279.5,1448
2026-07-30T22:15:00Z,52279.5,52298.0,52274.0,52290.5,922
2026-07-30T22:30:00Z,52290.0,52333.5,52288.5,52333.5,582
2026-07-30T22:45:00Z,52333.0,52355.0,52333.0,52352.5,321
2026-07-30T23:00:00Z,52353.0,52376.5,52343.0,52347.0,494
2026-07-30T23:15:00Z,52345.5,52350.5,52338.0,52345.5,396
2026-07-30T23:30:00Z,52346.0,52371.5,52344.5,52367.0,451
2026-07-30T23:45:00Z,52366.5,52373.5,52350.5,52355.5,943
2026-07-31T00:00:00Z,52355.0,52406.0,52336.0,52400.5,2127
2026-07-31T00:15:00Z,52398.5,52415.5,52382.5,52392.5,2281
2026-07-31T00:30:00Z,52392.0,52426.5,52391.0,52426.0,1393
2026-07-31T00:45:00Z,52426.5,52427.0,52389.0,52404.0,974
2026-07-31T01:00:00Z,52403.5,52444.0,52402.5,52440.5,1252
2026-07-31T01:15:00Z,52441.0,52464.0,52438.5,52452.5,1027
2026-07-31T01:30:00Z,52452.0,52456.0,52422.5,52426.0,1087
2026-07-31T01:45:00Z,52426.5,52452.5,52419.0,52450.0,973
2026-07-31T02:00:00Z,52450.5,52468.0,52438.5,52459.0,912
2026-07-31T02:15:00Z,52457.5,52463.0,52436.5,52440.0,722
2026-07-31T02:30:00Z,52439.5,52446.5,52419.0,52442.0,773
2026-07-31T02:45:00Z,52442.5,52445.5,52414.0,52429.5,903
2026-07-31T03:00:00Z,52429.0,52432.0,52403.0,52412.0,1384
2026-07-31T03:15:00Z,52411.5,52441.5,52410.5,52435.5,980
2026-07-31T03:30:00Z,52436.5,52455.5,52434.5,52444.5,1080
2026-07-31T03:45:00Z,52444.0,52451.0,52419.5,52446.5,971
2026-07-31T04:00:00Z,52447.0,52457.5,52428.0,52455.5,796
2026-07-31T04:15:00Z,52455.0,52477.0,52448.0,52474.5,669
2026-07-31T04:30:00Z,52475.0,52499.0,52472.0,52497.0,605
2026-07-31T04:45:00Z,52498.5,52508.5,52492.5,52504.0,382
2026-07-31T05:00:00Z,52503.5,52514.5,52491.5,52496.0,516
2026-07-31T05:15:00Z,52496.5,52506.0,52492.0,52501.5,353
2026-07-31T05:30:00Z,52502.0,52513.0,52490.5,52492.5,728
2026-07-31T05:45:00Z,52492.0,52503.5,52482.0,52489.0,684
2026-07-31T06:00:00Z,52487.5,52500.0,52481.0,52498.0,849
2026-07-31T06:15:00Z,52498.5,52503.0,52482.5,52495.0,719
2026-07-31T06:30:00Z,52494.5,52497.0,52447.5,52450.0,1471
2026-07-31T06:45:00Z,52450.5,52475.0,52426.0,52468.5,1359
2026-07-31T07:00:00Z,52465.5,52567.0,52444.5,52560.0,2219
2026-07-31T07:15:00Z,52559.5,52563.5,52510.5,52548.0,2012
2026-07-31T07:30:00Z,52547.5,52563.5,52528.0,52561.5,1682
2026-07-31T07:45:00Z,52562.0,52564.0,52523.5,52534.5,1560
2026-07-31T08:00:00Z,52535.0,52549.5,52512.5,52542.5,2396
2026-07-31T08:15:00Z,52544.0,52572.0,52532.0,52551.5,1898
2026-07-31T08:30:00Z,52551.0,52551.0,52517.0,52531.5,1549
2026-07-31T08:45:00Z,52532.0,52553.0,52519.5,52537.0,1566
2026-07-31T09:00:00Z,52537.5,52560.5,52516.5,52558.5,1970
2026-07-31T09:15:00Z,52559.0,52569.0,52544.5,52547.5,1249
2026-07-31T09:30:00Z,52547.0,52552.5,52491.5,52510.5,1625
2026-07-31T09:45:00Z,52510.0,52529.5,52500.0,52514.5,1451
2026-07-31T10:00:00Z,52516.0,52520.5,52494.5,52514.5,1667
2026-07-31T10:15:00Z,52522.0,52571.5,52518.0,52544.5,1180
2026-07-31T10:30:00Z,52544.0,52594.5,52539.0,52588.5,1418
2026-07-31T10:45:00Z,52588.0,52615.5,52575.5,52600.0,1358
2026-07-31T11:00:00Z,52600.5,52603.0,52557.5,52558.0,1545
2026-07-31T11:15:00Z,52557.5,52563.0,52511.0,52519.0,2408
2026-07-31T11:30:00Z,52518.5,52528.0,52472.0,52486.5,1916
2026-07-31T11:45:00Z,52484.5,52548.5,52480.0,52537.5,1763
2026-07-31T12:00:00Z,52538.0,52539.5,52490.0,52500.0,2200
2026-07-31T12:15:00Z,52499.5,52519.0,52474.5,52509.5,2016
2026-07-31T12:30:00Z,52508.0,52511.5,52407.5,52433.0,3226
2026-07-31T12:45:00Z,52432.5,52449.0,52403.5,52426.5,2726
2026-07-31T13:00:00Z,52426.0,52470.5,52415.5,52451.5,2659
2026-07-31T13:15:00Z,52451.0,52527.0,52447.0,52491.0,2683
2026-07-31T13:30:00Z,52491.5,52520.0,52290.0,52364.6,15478
2026-07-31T13:45:00Z,52366.0,52381.0,52215.0,52218.0,18665
2026-07-31T14:00:00Z,52217.6,52229.0,52011.6,52052.0,17887
2026-07-31T14:15:00Z,52051.6,52183.0,51998.6,52177.0,16989
2026-07-31T14:30:00Z,52177.6,52235.6,52143.6,52224.0,12402
2026-07-31T14:45:00Z,52223.6,52317.0,52216.0,52309.6,9711
2026-07-31T15:00:00Z,52310.0,52357.0,52251.0,52340.0,10789
2026-07-31T15:15:00Z,52339.6,52375.0,52248.6,52262.0,11066
2026-07-31T15:30:00Z,52259.6,52378.0,52232.6,52345.6,11117
2026-07-31T15:45:00Z,52345.0,52423.6,52311.0,52411.0,9012
2026-07-31T16:00:00Z,52411.6,52444.0,52366.0,52434.0,7201
2026-07-31T16:15:00Z,52433.6,52479.0,52390.0,52452.0,6352
2026-07-31T16:30:00Z,52452.6,52491.6,52447.0,52458.0,4865
2026-07-31T16:45:00Z,52456.0,52491.0,52451.0,52457.0,4000
2026-07-31T17:00:00Z,52455.0,52498.0,52441.6,52493.6,3595
2026-07-31T17:15:00Z,52494.0,52558.0,52486.0,52549.6,3725
2026-07-31T17:30:00Z,52550.0,52550.6,52505.0,52521.0,3416
2026-07-31T17:45:00Z,52520.6,52538.0,52481.6,52496.0,3970
2026-07-31T18:00:00Z,52498.0,52556.6,52491.0,52544.0,3517
2026-07-31T18:15:00Z,52543.6,52572.6,52536.0,52559.0,2778
2026-07-31T18:30:00Z,52558.6,52568.0,52527.0,52550.6,2402
2026-07-31T18:45:00Z,52551.0,52565.0,52535.4,52544.8,2360
2026-07-31T19:00:00Z,52544.4,52567.8,52511.8,52554.4,2887
2026-07-31T19:15:00Z,52554.8,52628.8,52549.8,52586.4,3057
2026-07-31T19:30:00Z,52585.8,52640.4,52546.8,52639.8,3375
2026-07-31T19:45:00Z,52637.8,52652.8,52498.8,52517.8,5961
2026-07-31T20:00:00Z,52519.8,52568.3,52519.8,52554.3,2735
2026-07-31T20:15:00Z,52554.8,52556.8,52527.8,52534.3,922
2026-07-31T20:30:00Z,52532.3,52532.3,52510.8,52512.3,803
2026-07-31T20:45:00Z,52512.8,52516.3,52392.3,52420.3,3342
2026-08-02T22:00:00Z,52737.3,52755.3,52684.8,52723.8,1440
2026-08-02T22:15:00Z,52722.3,52737.3,52698.8,52723.3,1769
2026-08-02T22:30:00Z,52724.8,52732.3,52706.3,52709.3,772
2026-08-02T22:45:00Z,52707.8,52708.3,52667.8,52673.3,544
2026-08-02T23:00:00Z,52672.8,52699.8,52665.8,52674.3,537
2026-08-02T23:15:00Z,52673.8,52694.3,52673.3,52691.3,355
2026-08-02T23:30:00Z,52691.8,52711.3,52681.8,52693.3,425
2026-08-02T23:45:00Z,52692.8,52717.8,52672.3,52697.3,1165
2026-08-03T00:00:00Z,52695.8,52703.8,52659.3,52700.3,1984
2026-08-03T00:15:00Z,52700.8,52720.8,52695.3,52700.3,1580
2026-08-03T00:30:00Z,52698.8,52732.3,52698.8,52713.8,1428
2026-08-03T00:45:00Z,52713.3,52727.8,52700.3,52723.8,959
2026-08-03T01:00:00Z,52725.3,52749.3,52713.3,52716.3,1146
2026-08-03T01:15:00Z,52716.8,52753.3,52703.3,52748.8,801
2026-08-03T01:30:00Z,52748.3,52761.3,52738.8,52756.8,637
2026-08-03T01:45:00Z,52757.3,52770.8,52745.8,52751.8,557
2026-08-03T02:00:00Z,52750.3,52761.3,52748.3,52757.3,416
2026-08-03T02:15:00Z,52756.3,52770.8,52748.3,52748.8,513
2026-08-03T02:30:00Z,52749.3,52763.3,52739.3,52757.8,443
2026-08-03T02:45:00Z,52758.3,52773.8,52757.8,52769.8,300
2026-08-03T03:00:00Z,52771.3,52776.8,52766.3,52775.8,294
2026-08-03T03:15:00Z,52775.3,52779.8,52756.3,52757.3,273
2026-08-03T03:30:00Z,52757.8,52793.8,52753.8,52791.3,458
2026-08-03T03:45:00Z,52790.8,52802.3,52783.3,52786.8,436
2026-08-03T04:00:00Z,52786.3,52800.8,52782.3,52795.8,310
2026-08-03T04:15:00Z,52796.3,52810.8,52795.8,52809.8,242
2026-08-03T04:30:00Z,52809.3,52811.8,52797.3,52809.3,225
2026-08-03T04:45:00Z,52809.8,52822.8,52801.3,52804.3,273
2026-08-03T05:00:00Z,52804.8,52817.3,52797.3,52812.3,364
2026-08-03T05:15:00Z,52811.8,52814.8,52803.8,52805.8,335
2026-08-03T05:30:00Z,52804.3,52807.8,52793.8,52801.8,289
2026-08-03T05:45:00Z,52802.3,52803.3,52785.8,52795.3,245
2026-08-03T06:00:00Z,52794.8,52824.3,52791.8,52801.8,610
2026-08-03T06:15:00Z,52802.3,52804.8,52764.3,52772.3,538
2026-08-03T06:30:00Z,52772.8,52794.3,52767.8,52776.3,482
2026-08-03T06:45:00Z,52775.8,52785.8,52768.8,52772.8,541
2026-08-03T07:00:00Z,52773.3,52809.8,52747.8,52798.3,1786
2026-08-03T07:15:00Z,52797.8,52808.3,52728.3,52785.3,3176
2026-08-03T07:30:00Z,52783.8,52814.8,52767.3,52773.3,1199
2026-08-03T07:45:00Z,52772.8,52839.8,52772.3,52833.8,901
2026-08-03T08:00:00Z,52834.3,52834.3,52801.3,52828.3,1502
2026-08-03T08:15:00Z,52829.8,52831.3,52806.3,52829.8,1408
2026-08-03T08:30:00Z,52831.8,52866.3,52805.8,52852.3,1401
2026-08-03T08:45:00Z,52851.8,52873.8,52836.3,52873.8,1045
2026-08-03T09:00:00Z,52874.3,52880.8,52843.3,52850.8,1238
2026-08-03T09:15:00Z,52851.3,52854.8,52830.3,52847.3,871
2026-08-03T09:30:00Z,52846.8,52886.8,52844.3,52867.8,936
2026-08-03T09:45:00Z,52868.3,52883.8,52855.8,52856.8,869
2026-08-03T10:00:00Z,52857.3,52923.3,52844.3,52899.8,934
2026-08-03T10:15:00Z,52900.3,52946.8,52900.3,52927.8,969
2026-08-03T10:30:00Z,52927.3,52959.8,52912.3,52944.8,905
2026-08-03T10:45:00Z,52947.3,52951.8,52918.3,52939.8,702
2026-08-03T11:00:00Z,52940.3,53003.8,52933.8,52986.3,1347
2026-08-03T11:15:00Z,52988.3,53036.3,52981.3,53033.8,1066
2026-08-03T11:30:00Z,53035.3,53079.3,53032.3,53071.8,1418
2026-08-03T11:45:00Z,53073.3,53087.8,53027.8,53053.8,1435
2026-08-03T12:00:00Z,53053.3,53066.8,53028.8,53047.8,1484
2026-08-03T12:15:00Z,53050.3,53098.3,53050.3,53080.3,1629
2026-08-03T12:30:00Z,53079.8,53141.8,53073.3,53138.3,1543
2026-08-03T12:45:00Z,53138.8,53201.3,53134.3,53185.8,1669
2026-08-03T13:00:00Z,53186.3,53212.8,53177.3,53178.3,1894
2026-08-03T13:15:00Z,53178.8,53204.3,53037.3,53046.8,2332
2026-08-03T13:30:00Z,53047.8,53199.8,53008.4,53073.4,14828
2026-08-03T13:45:00Z,53073.8,53186.8,53058.4,53156.8,10511
2026-08-03T14:00:00Z,53155.8,53258.8,53140.4,53227.8,9820
2026-08-03T14:15:00Z,53229.4,53244.8,53140.4,53144.8,6273
2026-08-03T14:30:00Z,53146.8,53150.4,53080.8,53131.8,5328
2026-08-03T14:45:00Z,53133.4,53137.8,53066.8,53082.8,4745
2026-08-03T15:00:00Z,53080.8,53107.4,53023.8,53057.8,4355
2026-08-03T15:15:00Z,53057.4,53088.4,53033.4,53062.8,4005
2026-08-03T15:30:00Z,53063.4,53100.8,53040.8,53064.4,3679
2026-08-03T15:45:00Z,53065.8,53104.8,53047.8,53058.8,2508
2026-08-03T16:00:00Z,53060.8,53069.8,53030.4,53050.8,2308
2026-08-03T16:15:00Z,53051.4,53070.4,53019.8,53067.8,2246
2026-08-03T16:30:00Z,53066.4,53068.8,53014.8,53023.8,2160
2026-08-03T16:45:00Z,53024.4,53029.4,52979.6,53007.6,2150
2026-08-03T17:00:00Z,53008.0,53013.0,52970.6,53011.6,1916
2026-08-03T17:15:00Z,53011.0,53046.6,53009.0,53031.6,1796
2026-08-03T17:30:00Z,53032.0,53117.6,53030.6,53113.0,1732
2026-08-03T17:45:00Z,53112.6,53144.0,53112.0,53125.6,1720
2026-08-03T18:00:00Z,53127.6,53191.6,53120.6,53163.6,2570
2026-08-03T18:15:00Z,53164.0,53179.6,53147.0,53170.6,2202
2026-08-03T18:30:00Z,53171.0,53198.6,53132.6,53195.6,1869
2026-08-03T18:45:00Z,53195.0,53207.6,53175.0,53175.6,1602
2026-08-03T19:00:00Z,53176.0,53217.6,53176.0,53215.6,1980
2026-08-03T19:15:00Z,53215.0,53245.0,53200.6,53230.6,1732
2026-08-03T19:30:00Z,53230.0,53247.6,53209.0,53230.6,2187
2026-08-03T19:45:00Z,53232.0,53271.6,53220.6,53229.6,3989
2026-08-03T20:00:00Z,53230.0,53308.5,53229.5,53301.5,1287
2026-08-03T20:15:00Z,53302.0,53302.5,53279.0,53281.5,298
2026-08-03T20:30:00Z,53282.0,53305.5,53281.5,53294.0,260
2026-08-03T20:45:00Z,53293.5,53298.5,53284.5,53287.0,223
2026-08-03T22:00:00Z,53290.0,53309.5,53276.0,53299.0,640
2026-08-03T22:15:00Z,53299.5,53308.0,53298.0,53306.0,222
2026-08-03T22:30:00Z,53306.5,53323.0,53306.0,53321.5,231
2026-08-03T22:45:00Z,53321.0,53335.0,53311.5,53322.0,129
2026-08-03T23:00:00Z,53323.5,53330.0,53309.0,53314.5,168
2026-08-03T23:15:00Z,53315.0,53315.0,53297.5,53302.0,120
2026-08-03T23:30:00Z,53301.5,53310.5,53294.0,53300.5,155
2026-08-03T23:45:00Z,53301.0,53316.5,53296.5,53302.0,282
2026-08-04T00:00:00Z,53302.5,53327.0,53290.5,53325.5,1262
2026-08-04T00:15:00Z,53325.0,53333.5,53314.0,53318.5,963
2026-08-04T00:30:00Z,53319.0,53358.5,53319.0,53350.0,968
2026-08-04T00:45:00Z,53352.0,53353.0,53325.0,53336.5,730
2026-08-04T01:00:00Z,53334.0,53367.5,53331.5,53362.5,810
2026-08-04T01:15:00Z,53363.0,53370.0,53351.5,53362.5,360
2026-08-04T01:30:00Z,53363.0,53367.5,53347.0,53363.5,509
2026-08-04T01:45:00Z,53363.0,53366.0,53348.0,53353.0,705
2026-08-04T02:00:00Z,53353.5,53375.5,53341.0,53357.0,734
2026-08-04T02:15:00Z,53356.5,53375.5,53356.5,53368.5,697
2026-08-04T02:30:00Z,53369.0,53380.5,53363.5,53375.0,523
2026-08-04T02:45:00Z,53375.5,53384.5,53369.5,53369.5,331
2026-08-04T03:00:00Z,53367.5,53378.0,53358.0,53364.5,630
2026-08-04T03:15:00Z,53366.0,53379.5,53365.5,53376.0,538
2026-08-04T03:30:00Z,53376.5,53387.0,53367.5,53369.5,696
2026-08-04T03:45:00Z,53370.0,53383.0,53364.0,53377.5,429
2026-08-04T04:00:00Z,53377.0,53378.0,53363.0,53367.5,348
2026-08-04T04:15:00Z,53368.0,53375.0,53366.0,53370.0,283
2026-08-04T04:30:00Z,53370.5,53376.0,53365.5,53369.5,213
2026-08-04T04:45:00Z,53369.0,53376.0,53352.5,53355.0,255
2026-08-04T05:00:00Z,53355.5,53362.5,53345.0,53349.5,409
2026-08-04T05:15:00Z,53349.0,53353.0,53342.5,53344.5,326
2026-08-04T05:30:00Z,53343.0,53362.5,53341.0,53352.5,507
2026-08-04T05:45:00Z,53353.0,53353.5,53329.5,53334.5,372
2026-08-04T06:00:00Z,53332.5,53369.0,53325.0,53368.5,667
2026-08-04T06:15:00Z,53367.0,53367.0,53333.5,53336.0,597
2026-08-04T06:30:00Z,53336.5,53340.5,53312.0,53320.5,607
2026-08-04T06:45:00Z,53319.0,53329.0,53313.0,53320.0,474
2026-08-04T07:00:00Z,53320.5,53351.5,53300.0,53306.5,1594
2026-08-04T07:15:00Z,53306.0,53319.5,53296.5,53306.5,1021
2026-08-04T07:30:00Z,53308.0,53326.5,53297.0,53298.5,1097
2026-08-04T07:45:00Z,53299.0,53328.0,53292.5,53321.0,1017
2026-08-04T08:00:00Z,53320.5,53320.5,53283.5,53310.0,1672
2026-08-04T08:15:00Z,53311.0,53331.0,53308.0,53329.0,1397
2026-08-04T08:30:00Z,53328.5,53330.0,53263.0,53266.0,1720
2026-08-04T08:45:00Z,53265.5,53266.5,53232.5,53255.0,1235
2026-08-04T09:00:00Z,53255.5,53267.0,53240.5,53262.0,1497
2026-08-04T09:15:00Z,53262.5,53297.5,53255.0,53285.5,1342
2026-08-04T09:30:00Z,53285.0,53309.5,53265.5,53279.0,1026
2026-08-04T09:45:00Z,53279.5,53302.0,53257.0,53302.0,1230
2026-08-04T10:00:00Z,53301.5,53304.0,53253.5,53255.5,1178
2026-08-04T10:15:00Z,53256.0,53260.0,53230.5,53238.0,825
2026-08-04T10:30:00Z,53238.5,53589.0,53168.0,53464.0,4072
2026-08-04T10:45:00Z,53461.0,53589.5,53453.0,53539.5,5031
2026-08-04T11:00:00Z,53537.5,53625.0,53488.5,53579.0,3147
2026-08-04T11:15:00Z,53579.5,53652.5,53565.5,53648.5,2150
2026-08-04T11:30:00Z,53648.0,53807.0,53643.0,53786.5,3039
2026-08-04T11:45:00Z,53786.0,53837.0,53769.5,53805.0,4839
2026-08-04T12:00:00Z,53803.5,53885.0,53790.0,53822.0,2740
2026-08-04T12:15:00Z,53821.5,53893.0,53805.5,53879.0,1940
2026-08-04T12:30:00Z,53877.5,53925.0,53861.5,53911.0,1862
2026-08-04T12:45:00Z,53910.5,53912.0,53842.5,53843.5,1781
2026-08-04T13:00:00Z,53844.0,53923.0,53805.0,53904.0,2727
2026-08-04T13:15:00Z,53903.5,53979.5,53887.0,53902.0,4592
2026-08-04T13:30:00Z,53900.5,54012.0,53778.6,53796.0,15606
2026-08-04T13:45:00Z,53797.6,53817.6,53699.0,53757.0,10957
2026-08-04T14:00:00Z,53756.0,53854.6,53741.6,53851.6,8525
2026-08-04T14:15:00Z,53851.0,53962.0,53758.6,53759.6,7986
2026-08-04T14:30:00Z,53759.0,53934.0,53752.6,53931.6,7175
2026-08-04T14:45:00Z,53931.0,54052.6,53921.0,54025.0,4747
2026-08-04T15:00:00Z,54026.0,54043.6,53984.0,53990.6,3992
2026-08-04T15:15:00Z,53992.0,54051.0,53989.6,54011.0,3503
2026-08-04T15:30:00Z,54011.0,54092.4,53979.4,54087.4,5107
2026-08-04T15:45:00Z,54087.0,54152.4,54079.0,54090.4,3629
2026-08-04T16:00:00Z,54089.0,54132.0,54085.4,54097.4,3276
2026-08-04T16:15:00Z,54098.0,54174.4,54097.0,54160.4,2623
2026-08-04T16:30:00Z,54160.0,54203.4,54144.4,54201.4,2450
2026-08-04T16:45:00Z,54202.0,54214.0,54161.4,54195.0,2229
2026-08-04T17:00:00Z,54195.4,54243.0,54188.0,54242.4,2999
2026-08-04T17:15:00Z,54244.0,54272.0,54201.4,54214.4,2657
2026-08-04T17:30:00Z,54215.0,54280.4,54197.4,54271.0,2409
2026-08-04T17:45:00Z,54271.4,54318.4,54221.4,54224.4,4243
2026-08-04T18:00:00Z,54224.0,54244.4,54190.0,54239.4,4494
2026-08-04T18:15:00Z,54240.0,54251.4,54213.4,54235.4,3031
2026-08-04T18:30:00Z,54236.0,54239.0,54181.0,54204.4,3008
2026-08-04T18:45:00Z,54204.0,54223.4,54194.4,54223.4,2737
2026-08-04T19:00:00Z,54223.0,54284.0,54222.4,54252.4,2952
2026-08-04T19:15:00Z,54253.0,54261.4,54220.4,54227.4,2700
2026-08-04T19:30:00Z,54227.0,54276.0,54215.4,54271.4,2879
2026-08-04T19:45:00Z,54270.0,54273.4,54134.4,54149.4,5424
2026-08-04T20:00:00Z,54149.4,54282.4,54145.0,54226.9,3182
2026-08-04T20:15:00Z,54224.4,54260.9,54203.4,54215.4,2378
2026-08-04T20:30:00Z,54214.9,54271.9,54214.9,54261.9,1628
2026-08-04T20:45:00Z,54263.4,54277.4,54251.4,54273.9,1262
2026-08-04T22:00:00Z,54248.9,54258.4,54240.9,54252.9,637
2026-08-04T22:15:00Z,54253.4,54272.4,54251.9,54270.4,456
2026-08-04T22:30:00Z,54270.9,54283.4,54268.4,54271.4,477
2026-08-04T22:45:00Z,54271.9,54278.4,54262.4,54273.4,389
2026-08-04T23:00:00Z,54272.9,54280.9,54269.9,54273.9,318
2026-08-04T23:15:00Z,54274.4,54275.9,54256.9,54258.4,152
2026-08-04T23:30:00Z,54256.4,54261.4,54243.4,54250.4,406
2026-08-04T23:45:00Z,54250.9,54261.9,54241.9,54245.4,740
2026-08-05T00:00:00Z,54245.9,54272.9,54241.4,54260.4,1104
2026-08-05T00:15:00Z,54259.9,54287.9,54250.4,54279.4,688
2026-08-05T00:30:00Z,54280.9,54285.4,54251.4,54252.4,601
2026-08-05T00:45:00Z,54251.9,54293.4,54249.9,54293.4,693
2026-08-05T01:00:00Z,54291.4,54291.4,54259.9,54276.4,542
2026-08-05T01:15:00Z,54276.9,54277.9,54255.4,54259.9,667
2026-08-05T01:30:00Z,54259.4,54291.9,54257.9,54281.9,497
2026-08-05T01:45:00Z,54281.4,54288.4,54271.4,54287.9,463
2026-08-05T02:00:00Z,54288.4,54319.4,54283.4,54311.9,589
2026-08-05T02:15:00Z,54312.4,54350.4,54310.4,54341.4,427
2026-08-05T02:30:00Z,54340.9,54351.9,54333.4,54350.9,529
2026-08-05T02:45:00Z,54350.4,54359.9,54339.9,54344.9,451
2026-08-05T03:00:00Z,54344.4,54367.4,54341.4,54357.9,422
2026-08-05T03:15:00Z,54357.4,54363.4,54335.9,54340.4,388
2026-08-05T03:30:00Z,54339.9,54379.4,54332.9,54376.9,501
2026-08-05T03:45:00Z,54376.4,54389.4,54370.9,54386.4,342
2026-08-05T04:00:00Z,54384.9,54396.9,54379.9,54379.9,308
2026-08-05T04:15:00Z,54379.4,54379.4,54357.4,54365.4,349
2026-08-05T04:30:00Z,54365.9,54376.9,54360.9,54364.9,312
2026-08-05T04:45:00Z,54364.4,54367.4,54355.4,54356.4,208
2026-08-05T05:00:00Z,54356.9,54370.9,54345.9,54368.4,381
2026-08-05T05:15:00Z,54368.9,54380.4,54366.9,54371.4,216
2026-08-05T05:30:00Z,54371.9,54395.4,54371.9,54391.9,460
2026-08-05T05:45:00Z,54391.4,54394.4,54371.4,54371.4,376
2026-08-05T06:00:00Z,54370.9,54373.4,54345.9,54349.9,505
2026-08-05T06:15:00Z,54349.4,54349.4,54307.9,54316.9,747
2026-08-05T06:30:00Z,54316.4,54337.9,54307.9,54328.4,1259
2026-08-05T06:45:00Z,54329.9,54336.4,54311.9,54333.9,643
2026-08-05T07:00:00Z,54334.4,54336.4,54289.4,54299.4,1736
2026-08-05T07:15:00Z,54299.9,54311.9,54273.4,54273.4,1036
2026-08-05T07:30:00Z,54273.9,54295.4,54253.4,54290.9,1147
2026-08-05T07:45:00Z,54291.4,54301.9,54270.9,54300.4,1007
2026-08-05T08:00:00Z,54300.9,54331.4,54271.4,54274.9,1415
2026-08-05T08:15:00Z,54274.4,54298.4,54258.9,54289.4,1290
2026-08-05T08:30:00Z,54288.9,54303.4,54258.4,54292.9,1540
2026-08-05T08:45:00Z,54291.4,54294.9,54261.4,54288.9,1551
2026-08-05T09:00:00Z,54289.4,54312.9,54277.4,54301.9,992
2026-08-05T09:15:00Z,54301.4,54308.9,54284.4,54304.9,864
2026-08-05T09:30:00Z,54305.4,54314.9,54288.9,54305.9,866
2026-08-05T09:45:00Z,54304.4,54320.9,54291.9,54292.9,841
2026-08-05T10:00:00Z,54293.4,54305.4,54285.4,54299.9,946
2026-08-05T10:15:00Z,54299.4,54321.9,54289.9,54321.9,740
2026-08-05T10:30:00Z,54321.4,54348.9,54308.9,54341.9,1056
2026-08-05T10:45:00Z,54340.4,54371.4,54339.9,54358.4,1387
2026-08-05T11:00:00Z,54358.9,54383.9,54335.4,54372.4,1102
2026-08-05T11:15:00Z,54372.9,54400.9,54353.9,54354.9,685
2026-08-05T11:30:00Z,54354.4,54374.9,54348.4,54351.4,976
2026-08-05T11:45:00Z,54350.9,54409.4,54338.4,54402.9,988
2026-08-05T12:00:00Z,54404.4,54439.4,54398.9,54410.9,1551
2026-08-05T12:15:00Z,54412.9,54444.9,54406.9,54407.9,1254
2026-08-05T12:30:00Z,54408.4,54411.9,54360.9,54386.4,1977
2026-08-05T12:45:00Z,54385.9,54398.9,54362.9,54372.9,1555
2026-08-05T13:00:00Z,54373.4,54408.4,54370.4,54400.9,1751
2026-08-05T13:15:00Z,54398.4,54427.4,54348.9,54418.9,1695
2026-08-05T13:30:00Z,54419.4,54651.0,54412.0,54644.0,13792
2026-08-05T13:45:00Z,54643.0,54772.4,54477.4,54768.0,10732
2026-08-05T14:00:00Z,54765.0,54780.0,54709.4,54765.0,12245
2026-08-05T14:15:00Z,54765.4,54770.0,54687.4,54699.4,9626
2026-08-05T14:30:00Z,54695.0,54775.0,54684.4,54706.4,9695
2026-08-05T14:45:00Z,54706.0,54772.4,54639.4,54683.0,8899
2026-08-05T15:00:00Z,54685.4,54754.4,54642.4,54653.4,7782
2026-08-05T15:15:00Z,54652.0,54654.0,54536.0,54572.4,7740
2026-08-05T15:30:00Z,54572.0,54617.4,54542.0,54582.0,6090
2026-08-05T15:45:00Z,54582.4,54586.0,54530.0,54533.4,5507
2026-08-05T16:00:00Z,54533.0,54564.0,54513.4,54541.4,6319
2026-08-05T16:15:00Z,54542.0,54594.0,54526.0,54583.4,5474
2026-08-05T16:30:00Z,54584.0,54591.0,54533.4,54557.4,4644
2026-08-05T16:45:00Z,54555.4,54590.0,54536.0,54577.4,4336
2026-08-05T17:00:00Z,54578.0,54592.4,54553.4,54568.0,4692
2026-08-05T17:15:00Z,54567.4,54589.4,54540.0,54565.0,4194
2026-08-05T17:30:00Z,54565.4,54624.4,54554.0,54613.4,3552
2026-08-05T17:45:00Z,54613.0,54632.0,54591.0,54591.4,2614
2026-08-05T18:00:00Z,54592.0,54620.0,54580.4,54581.4,3110
2026-08-05T18:15:00Z,54582.0,54598.4,54560.0,54565.4,2179
2026-08-05T18:30:00Z,54565.0,54567.0,54517.4,54536.4,3139
2026-08-05T18:45:00Z,54538.0,54562.4,54520.4,54524.0,2083
2026-08-05T19:00:00Z,54524.4,54541.4,54510.4,54519.0,2657
2026-08-05T19:15:00Z,54519.4,54527.4,54504.0,54513.4,2033
2026-08-05T19:30:00Z,54513.0,54520.4,54484.0,54503.4,2480
2026-08-05T19:45:00Z,54502.0,54516.0,54380.0,54382.4,4497
2026-08-05T20:00:00Z,54382.0,54473.4,54376.9,54460.9,2809
2026-08-05T20:15:00Z,54462.4,54470.4,54444.9,54447.9,865
2026-08-05T20:30:00Z,54447.4,54470.4,54445.4,54470.4,361
2026-08-05T20:45:00Z,54469.9,54472.9,54443.9,54454.9,621
2026-08-05T22:00:00Z,54459.9,54464.9,54443.4,54454.4,612
2026-08-05T22:15:00Z,54454.9,54480.9,54453.9,54476.9,496
2026-08-05T22:30:00Z,54475.4,54486.9,54469.9,54472.4,386
2026-08-05T22:45:00Z,54472.9,54484.4,54459.9,54463.9,365
2026-08-05T23:00:00Z,54465.4,54483.9,54463.4,54481.9,308
2026-08-05T23:15:00Z,54481.4,54495.4,54479.9,54490.9,205
2026-08-05T23:30:00Z,54490.4,54498.9,54478.4,54485.4,349
2026-08-05T23:45:00Z,54485.9,54486.9,54471.4,54480.9,449
2026-08-06T00:00:00Z,54480.4,54490.9,54462.9,54476.4,1796
2026-08-06T00:15:00Z,54475.9,54487.4,54460.9,54466.4,1334
2026-08-06T00:30:00Z,54467.9,54485.4,54462.4,54480.4,996
2026-08-06T00:45:00Z,54480.9,54492.9,54474.4,54487.4,680
2026-08-06T01:00:00Z,54487.9,54493.4,54466.4,54477.4,687
2026-08-06T01:15:00Z,54475.9,54476.9,54445.4,54456.9,785
2026-08-06T01:30:00Z,54456.4,54481.4,54453.4,54459.4,1128
2026-08-06T01:45:00Z,54459.9,54483.9,54451.4,54480.4,1181
2026-08-06T02:00:00Z,54480.9,54521.9,54480.9,54502.4,880
2026-08-06T02:15:00Z,54502.9,54503.4,54472.4,54480.4,679
2026-08-06T02:30:00Z,54477.4,54502.9,54476.4,54502.9,918
2026-08-06T02:45:00Z,54503.4,54507.9,54492.9,54495.9,860
2026-08-06T03:00:00Z,54496.4,54517.9,54494.9,54508.4,631
2026-08-06T03:15:00Z,54508.9,54509.9,54486.9,54491.9,657
2026-08-06T03:30:00Z,54492.4,54511.4,54489.9,54504.9,714
2026-08-06T03:45:00Z,54504.4,54510.4,54490.9,54506.4,614
2026-08-06T04:00:00Z,54505.9,54514.4,54501.4,54502.4,326
2026-08-06T04:15:00Z,54502.9,54512.4,54499.4,54508.4,353
2026-08-06T04:30:00Z,54507.9,54513.9,54500.4,54505.4,707
2026-08-06T04:45:00Z,54504.9,54516.9,54503.9,54512.4,656
2026-08-06T05:00:00Z,54514.4,54520.9,54502.4,54512.4,713
2026-08-06T05:15:00Z,54512.9,54518.4,54501.4,54512.9,571
2026-08-06T05:30:00Z,54512.4,54512.9,54497.4,54509.4,661
2026-08-06T05:45:00Z,54509.9,54531.9,54500.9,54530.9,619
2026-08-06T06:00:00Z,54532.9,54532.9,54473.9,54479.9,1266
2026-08-06T06:15:00Z,54480.4,54519.4,54473.9,54517.9,1050
2026-08-06T06:30:00Z,54516.9,54520.4,54487.4,54506.9,1012
2026-08-06T06:45:00Z,54508.4,54528.9,54503.4,54525.9,828
2026-08-06T07:00:00Z,54527.9,54556.9,54510.4,54553.9,1698
2026-08-06T07:15:00Z,54554.4,54557.9,54522.4,54525.9,1118
2026-08-06T07:30:00Z,54526.4,54527.9,54487.9,54489.4,1178
2026-08-06T07:45:00Z,54488.9,54529.9,54474.9,54528.9,1057
2026-08-06T08:00:00Z,54529.4,54529.4,54462.4,54493.9,1724
2026-08-06T08:15:00Z,54493.4,54533.9,54485.4,54532.4,1360
2026-08-06T08:30:00Z,54532.9,54552.4,54525.9,54534.9,1260
2026-08-06T08:45:00Z,54536.9,54563.9,54530.9,54562.9,1040
2026-08-06T09:00:00Z,54563.4,54572.4,54535.9,54548.9,1231
2026-08-06T09:15:00Z,54549.4,54574.9,54547.4,54557.4,919
2026-08-06T09:30:00Z,54556.9,54562.9,54532.9,54543.9,1080
2026-08-06T09:45:00Z,54544.4,54567.9,54544.4,54565.4,863
2026-08-06T10:00:00Z,54564.9,54566.4,54538.4,54542.4,839
2026-08-06T10:15:00Z,54541.9,54558.9,54537.4,54545.9,806
2026-08-06T10:30:00Z,54545.4,54545.9,54510.4,54515.9,744
2026-08-06T10:45:00Z,54515.4,54542.4,54508.4,54538.4,795
2026-08-06T11:00:00Z,54537.9,54547.4,54492.4,54512.4,1864
2026-08-06T11:15:00Z,54511.9,54540.9,54508.9,54538.4,1094
2026-08-06T11:30:00Z,54538.9,54542.9,54479.4,54480.4,1189
2026-08-06T11:45:00Z,54479.9,54493.9,54439.9,54480.4,2048
2026-08-06T12:00:00Z,54479.4,54499.4,54458.4,54498.9,1809
2026-08-06T12:15:00Z,54498.4,54526.9,54470.4,54479.9,1744
2026-08-06T12:30:00Z,54481.9,54530.9,54462.9,54521.4,1829
2026-08-06T12:45:00Z,54522.9,54530.9,54476.4,54491.9,1497
2026-08-06T13:00:00Z,54493.9,54494.4,54450.9,54476.9,2354
2026-08-06T13:15:00Z,54477.4,54516.4,54462.9,54477.9,1822
2026-08-06T13:30:00Z,54477.4,54554.4,54343.4,54429.4,15251
2026-08-06T13:45:00Z,54428.0,54443.4,54311.4,54335.4,11303
2026-08-06T14:00:00Z,54336.0,54384.0,54321.4,54376.4,8111
2026-08-06T14:15:00Z,54378.0,54379.4,54252.4,54285.4,7919
2026-08-06T14:30:00Z,54285.0,54322.0,54242.4,54250.4,7399
2026-08-06T14:45:00Z,54250.0,54257.0,54192.4,54210.4,5734
2026-08-06T15:00:00Z,54211.0,54226.4,54110.0,54110.4,5133
2026-08-06T15:15:00Z,54112.4,54143.4,54057.4,54073.4,6523
2026-08-06T15:30:00Z,54073.0,54079.4,54015.4,54023.4,4762
2026-08-06T15:45:00Z,54023.0,54094.4,53991.0,54020.4,6774
2026-08-06T16:00:00Z,54021.0,54034.4,53970.4,53989.4,5477
2026-08-06T16:15:00Z,53991.4,54041.0,53960.4,54036.4,4819
2026-08-06T16:30:00Z,54038.4,54072.0,54014.0,54026.4,3971
2026-08-06T16:45:00Z,54026.0,54059.4,53993.0,54048.4,3496
2026-08-06T17:00:00Z,54050.4,54055.4,53982.4,53982.4,3482
2026-08-06T17:15:00Z,53982.0,53990.4,53917.0,53919.0,3105
2026-08-06T17:30:00Z,53918.4,53945.0,53907.4,53929.4,2844
2026-08-06T17:45:00Z,53931.4,53965.4,53916.4,53965.0,2636
2026-08-06T18:00:00Z,53965.4,53984.0,53957.4,53981.4,2779
2026-08-06T18:15:00Z,53981.0,54010.4,53955.4,53979.0,2796
2026-08-06T18:30:00Z,53979.4,53993.4,53950.4,53959.4,2138
2026-08-06T18:45:00Z,53960.0,53982.4,53951.4,53960.0,1919
2026-08-06T19:00:00Z,53960.6,54002.6,53957.6,53989.0,2281
2026-08-06T19:15:00Z,53988.6,53999.0,53925.6,53927.6,2676
2026-08-06T19:30:00Z,53927.0,53937.0,53877.6,53888.0,3025
2026-08-06T19:45:00Z,53888.6,53939.6,53871.6,53926.0,5449
2026-08-06T20:00:00Z,53926.6,53947.5,53917.5,53917.5,1791
2026-08-06T20:15:00Z,53920.5,53923.0,53876.5,53885.0,1314
2026-08-06T20:30:00Z,53886.5,53894.5,53873.0,53883.5,630
2026-08-06T20:45:00Z,53885.0,53885.0,53861.5,53876.5,615
2026-08-06T22:00:00Z,53902.0,53927.5,53894.5,53925.0,253
2026-08-06T22:15:00Z,53925.5,53936.5,53905.0,53912.0,190
2026-08-06T22:30:00Z,53912.5,53912.5,53891.0,53892.5,427
2026-08-06T22:45:00Z,53892.0,53903.0,53891.0,53896.0,298
2026-08-06T23:00:00Z,53896.5,53905.5,53896.5,53897.5,111
2026-08-06T23:15:00Z,53899.5,53909.0,53895.5,53898.0,208
2026-08-06T23:30:00Z,53896.5,53915.5,53894.5,53911.0,318
2026-08-06T23:45:00Z,53913.0,53914.5,53902.0,53907.0,547
2026-08-07T00:00:00Z,53907.5,53912.5,53882.5,53896.0,2483
2026-08-07T00:15:00Z,53896.5,53897.5,53839.0,53842.5,1508
2026-08-07T00:30:00Z,53843.0,53891.5,53842.0,53859.0,1491
2026-08-07T00:45:00Z,53859.5,53875.5,53849.0,53862.5,1657
2026-08-07T01:00:00Z,53863.0,53877.0,53846.5,53850.5,1604
2026-08-07T01:15:00Z,53851.0,53860.0,53832.0,53859.0,1334
2026-08-07T01:30:00Z,53859.5,53875.0,53833.0,53843.0,2082
2026-08-07T01:45:00Z,53842.5,53853.0,53825.5,53834.0,1465
2026-08-07T02:00:00Z,53834.5,53836.0,53813.5,53823.5,908
2026-08-07T02:15:00Z,53824.0,53829.0,53814.0,53818.0,654
2026-08-07T02:30:00Z,53818.5,53819.0,53797.5,53810.5,844
2026-08-07T02:45:00Z,53810.0,53824.0,53808.5,53814.0,553
2026-08-07T03:00:00Z,53812.5,53824.5,53803.5,53804.5,569
2026-08-07T03:15:00Z,53805.0,53810.0,53790.5,53806.5,497
2026-08-07T03:30:00Z,53806.0,53813.0,53801.0,53805.5,675
2026-08-07T03:45:00Z,53805.0,53809.0,53795.0,53806.0,535
2026-08-07T04:00:00Z,53806.5,53813.0,53798.0,53803.0,477
2026-08-07T04:15:00Z,53803.5,53814.0,53788.5,53800.0,862
2026-08-07T04:30:00Z,53800.5,53816.0,53792.0,53794.5,748
2026-08-07T04:45:00Z,53795.0,53816.5,53791.0,53814.5,590
2026-08-07T05:00:00Z,53814.0,53837.0,53812.5,53816.0,857
2026-08-07T05:15:00Z,53815.5,53829.5,53815.0,53822.5,556
2026-08-07T05:30:00Z,53823.0,53825.0,53816.0,53823.0,552
2026-08-07T05:45:00Z,53823.5,53827.0,53816.0,53818.5,414
2026-08-07T06:00:00Z,53819.0,53869.0,53815.0,53866.0,828
2026-08-07T06:15:00Z,53865.5,53873.5,53847.0,53863.5,763
2026-08-07T06:30:00Z,53864.0,53864.0,53828.0,53841.0,751
2026-08-07T06:45:00Z,53840.5,53880.0,53840.5,53876.0,667
2026-08-07T07:00:00Z,53875.5,53904.0,53870.5,53904.0,1545
2026-08-07T07:15:00Z,53904.5,53906.0,53881.0,53899.0,1184
2026-08-07T07:30:00Z,53901.5,53904.5,53878.5,53878.5,1128
2026-08-07T07:45:00Z,53879.0,53879.0,53852.5,53862.5,1011
2026-08-07T08:00:00Z,53863.0,53891.0,53861.5,53875.0,1599
2026-08-07T08:15:00Z,53875.5,53876.0,53842.0,53854.0,1193
2026-08-07T08:30:00Z,53854.5,53883.5,53848.5,53872.0,1208
2026-08-07T08:45:00Z,53870.5,53895.0,53866.5,53892.5,1100
2026-08-07T09:00:00Z,53893.0,53915.5,53879.5,53909.0,1012
2026-08-07T09:15:00Z,53908.5,53918.5,53888.0,53906.0,870
2026-08-07T09:30:00Z,53906.5,53927.5,53899.5,53920.0,830
2026-08-07T09:45:00Z,53918.5,53933.0,53911.0,53926.5,841
2026-08-07T10:00:00Z,53927.0,53945.5,53922.5,53925.5,923
2026-08-07T10:15:00Z,53926.0,53952.0,53920.0,53951.5,769
2026-08-07T10:30:00Z,53951.0,53967.5,53948.0,53961.0,612
2026-08-07T10:45:00Z,53960.5,53964.0,53937.5,53953.5,674
2026-08-07T11:00:00Z,53954.0,53971.5,53941.5,53954.5,1071
2026-08-07T11:15:00Z,53954.0,53978.5,53953.5,53968.0,797
2026-08-07T11:30:00Z,53968.5,54001.5,53968.0,54000.0,974
2026-08-07T11:45:00Z,53999.5,54002.5,53958.5,53958.5,1355
2026-08-07T12:00:00Z,53959.0,53996.5,53948.5,53971.5,1589
2026-08-07T12:15:00Z,53973.0,53993.5,53953.5,53982.5,1837
2026-08-07T12:30:00Z,53981.5,54109.5,53974.0,54079.5,8235
2026-08-07T12:45:00Z,54080.0,54108.5,54060.5,54069.5,4280
2026-08-07T13:00:00Z,54069.0,54071.5,53966.0,53983.5,3195
2026-08-07T13:15:00Z,53984.0,54010.5,53940.0,53960.5,3086
2026-08-07T13:30:00Z,53961.0,54053.6,53816.6,54010.6,14592
2026-08-07T13:45:00Z,54010.0,54046.6,53944.6,53980.6,12124
2026-08-07T14:00:00Z,53982.6,54039.0,53929.0,53946.6,11969
2026-08-07T14:15:00Z,53947.0,54106.0,53941.6,54103.0,9007
2026-08-07T14:30:00Z,54101.6,54104.6,54007.0,54027.0,8946
2026-08-07T14:45:00Z,54026.6,54076.0,53988.6,54063.0,7136
2026-08-07T15:00:00Z,54063.6,54064.0,54016.0,54048.0,4810
2026-08-07T15:15:00Z,54047.6,54050.6,54011.6,54017.0,4376
2026-08-07T15:30:00Z,54018.6,54023.0,53959.6,53980.6,4541
2026-08-07T15:45:00Z,53981.0,54018.6,53967.0,53968.0,3233
2026-08-07T16:00:00Z,53966.0,54003.0,53958.0,53981.0,2796
2026-08-07T16:15:00Z,53982.6,54017.6,53914.0,53937.0,5536
2026-08-07T16:30:00Z,53936.6,54002.0,53907.6,53998.0,4788
2026-08-07T16:45:00Z,53997.6,54008.0,53964.0,53967.0,3297
2026-08-07T17:00:00Z,53966.6,54001.6,53963.6,53998.0,2918
2026-08-07T17:15:00Z,53997.6,54020.0,53986.0,53992.0,2213
2026-08-07T17:30:00Z,53992.6,54005.0,53969.6,53988.0,2443
2026-08-07T17:45:00Z,53990.0,54011.0,53982.0,53992.0,2073
2026-08-07T18:00:00Z,53992.6,54002.0,53936.0,53944.0,2288
2026-08-07T18:15:00Z,53944.6,53955.0,53936.0,53942.0,2410
2026-08-07T18:30:00Z,53941.6,53946.6,53918.6,53923.0,2092
2026-08-07T18:45:00Z,53924.6,53975.6,53923.0,53973.6,1798
2026-08-07T19:00:00Z,53973.0,54052.6,53972.0,54046.0,3910
2026-08-07T19:15:00Z,54046.6,54091.6,54045.0,54080.0,2988
2026-08-07T19:30:00Z,54079.6,54094.6,54047.6,54049.0,3173
2026-08-07T19:45:00Z,54049.6,54088.0,54020.6,54052.0,4378
2026-08-07T20:00:00Z,54052.6,54069.0,54037.0,54049.0,1693
2026-08-07T20:15:00Z,54048.5,54055.5,54027.0,54028.5,486
2026-08-07T20:30:00Z,54028.0,54042.5,54020.0,54026.0,643
2026-08-07T20:45:00Z,54025.5,54040.0,54019.5,54031.0,467
2026-08-09T22:00:00Z,53969.9,53976.9,53918.9,53923.4,1159
2026-08-09T22:15:00Z,53922.9,53937.4,53900.9,53935.9,1049
2026-08-09T22:30:00Z,53935.4,53946.9,53919.9,53938.4,586
2026-08-09T22:45:00Z,53938.9,53938.9,53931.4,53931.9,231
2026-08-09T23:00:00Z,53931.4,53938.9,53924.9,53938.4,280
2026-08-09T23:15:00Z,53938.9,53945.4,53933.9,53936.9,222
2026-08-09T23:30:00Z,53937.4,53937.4,53918.9,53927.4,402
2026-08-09T23:45:00Z,53927.9,53931.9,53899.9,53899.9,469
2026-08-10T00:00:00Z,53898.4,53952.9,53893.9,53940.9,1778
2026-08-10T00:15:00Z,53938.9,53952.9,53919.9,53920.4,1343
2026-08-10T00:30:00Z,53919.9,53941.4,53918.9,53939.4,1109
2026-08-10T00:45:00Z,53939.9,53954.4,53937.4,53950.9,801
2026-08-10T01:00:00Z,53952.9,53980.9,53944.9,53973.9,1237
2026-08-10T01:15:00Z,53974.4,53981.4,53963.4,53973.4,776
2026-08-10T01:30:00Z,53972.9,53972.9,53953.9,53963.4,1119
2026-08-10T01:45:00Z,53961.9,53969.4,53956.4,53963.4,562
2026-08-10T02:00:00Z,53963.9,53974.9,53959.4,53966.4,491
2026-08-10T02:15:00Z,53966.9,53969.4,53956.4,53967.4,511
2026-08-10T02:30:00Z,53967.9,53991.4,53967.9,53989.4,582
2026-08-10T02:45:00Z,53988.9,53989.4,53974.9,53979.4,388
2026-08-10T03:00:00Z,53979.9,53983.4,53972.9,53975.9,317
2026-08-10T03:15:00Z,53975.4,53991.9,53974.9,53989.4,424
2026-08-10T03:30:00Z,53989.9,53998.9,53984.4,53998.4,502
2026-08-10T03:45:00Z,53998.9,54002.4,53987.4,53988.9,271
2026-08-10T04:00:00Z,53989.4,54003.9,53983.9,54003.9,474
2026-08-10T04:15:00Z,54003.4,54012.4,54002.4,54006.9,541
2026-08-10T04:30:00Z,54006.4,54009.9,53993.9,54009.4,534
2026-08-10T04:45:00Z,54009.9,54031.4,54009.9,54026.9,490
2026-08-10T05:00:00Z,54026.4,54044.4,54026.4,54035.4,465
2026-08-10T05:15:00Z,54034.9,54035.4,54023.4,54030.9,471
2026-08-10T05:30:00Z,54031.4,54044.9,54028.4,54031.4,384
2026-08-10T05:45:00Z,54031.9,54041.4,54030.9,54034.4,366
2026-08-10T06:00:00Z,54033.9,54048.4,54020.9,54025.9,559
2026-08-10T06:15:00Z,54026.4,54032.9,54009.4,54012.9,868
2026-08-10T06:30:00Z,54012.4,54025.4,53999.9,54009.4,861
2026-08-10T06:45:00Z,54009.9,54041.4,54009.4,54037.9,772
2026-08-10T07:00:00Z,54036.4,54049.4,53998.9,54006.9,1594
2026-08-10T07:15:00Z,54006.4,54052.4,54002.9,54051.9,1287
2026-08-10T07:30:00Z,54052.4,54052.4,54034.9,54045.4,904
2026-08-10T07:45:00Z,54044.9,54066.4,54016.9,54028.9,1323
2026-08-10T08:00:00Z,54028.4,54037.9,54000.9,54005.4,1409
2026-08-10T08:15:00Z,54003.9,54030.9,54000.9,54010.9,1440
2026-08-10T08:30:00Z,54010.4,54021.9,53993.9,54006.9,1046
2026-08-10T08:45:00Z,54008.4,54011.9,53991.4,54003.4,892
2026-08-10T09:00:00Z,54003.9,54023.4,53998.4,54022.4,766
2026-08-10T09:15:00Z,54020.9,54034.4,54008.4,54033.9,802
2026-08-10T09:30:00Z,54033.9,54041.4,54009.4,54019.9,642
2026-08-10T09:45:00Z,54018.9,54029.4,54006.9,54011.4,589
2026-08-10T10:00:00Z,54009.9,54026.4,54000.4,54011.9,846
2026-08-10T10:15:00Z,54012.4,54045.9,54010.9,54024.9,692
2026-08-10T10:30:00Z,54025.4,54033.4,53979.9,53999.4,1012
2026-08-10T10:45:00Z,53999.9,54009.4,53976.9,53986.4,924
2026-08-10T11:00:00Z,53986.9,53994.4,53945.4,53952.9,1520
2026-08-10T11:15:00Z,53952.4,53981.4,53949.4,53975.9,1093
2026-08-10T11:30:00Z,53975.4,53991.4,53967.9,53978.9,1046
2026-08-10T11:45:00Z,53978.4,53991.9,53972.9,53977.9,1116
2026-08-10T12:00:00Z,53977.4,54021.4,53977.4,54006.4,1151
2026-08-10T12:15:00Z,54005.9,54015.9,53977.9,53995.4,1381
2026-08-10T12:30:00Z,53995.9,54005.4,53936.4,53944.4,1915
2026-08-10T12:45:00Z,53943.9,53961.9,53913.4,53960.4,1377
2026-08-10T13:00:00Z,53959.9,53977.9,53938.4,53945.4,1937
2026-08-10T13:15:00Z,53945.9,53946.4,53877.9,53931.4,2375
2026-08-10T13:30:00Z,53933.9,54025.4,53917.4,53933.4,13503
2026-08-10T13:45:00Z,53932.0,53988.0,53862.0,53947.0,9416
2026-08-10T14:00:00Z,53946.4,53976.0,53892.4,53924.0,6755
2026-08-10T14:15:00Z,53924.4,54001.4,53915.0,53985.4,5451
2026-08-10T14:30:00Z,53986.0,54006.0,53951.4,53994.4,4494
2026-08-10T14:45:00Z,53996.4,54053.0,53993.0,53993.4,3902
2026-08-10T15:00:00Z,53995.0,54032.0,53973.0,54031.4,4149
2026-08-10T15:15:00Z,54032.0,54062.0,54013.0,54033.4,3476
2026-08-10T15:30:00Z,54034.0,54044.4,53960.0,53972.4,3413
2026-08-10T15:45:00Z,53973.0,54021.0,53960.4,54016.4,2655
2026-08-10T16:00:00Z,54016.0,54021.0,53970.4,53974.4,2342
2026-08-10T16:15:00Z,53974.0,53974.4,53923.4,53955.4,2237
2026-08-10T16:30:00Z,53955.0,53960.0,53850.0,53907.4,4414
2026-08-10T16:45:00Z,53908.0,53941.0,53894.0,53938.0,2785
2026-08-10T17:00:00Z,53937.4,53942.0,53893.0,53911.0,2347
2026-08-10T17:15:00Z,53910.0,53921.0,53892.4,53907.4,1670
2026-08-10T17:30:00Z,53905.4,53911.4,53879.4,53887.0,2084
2026-08-10T17:45:00Z,53887.4,53915.0,53878.4,53896.4,1733
2026-08-10T18:00:00Z,53898.4,53915.4,53872.4,53873.4,1556
2026-08-10T18:15:00Z,53874.0,53887.0,53861.0,53870.4,1491
2026-08-10T18:30:00Z,53870.0,53893.0,53852.4,53889.0,1920
2026-08-10T18:45:00Z,53888.4,53908.0,53882.0,53891.4,1655
2026-08-10T19:00:00Z,53892.0,53912.4,53877.0,53894.4,1640
2026-08-10T19:15:00Z,53895.0,53913.0,53870.4,53874.4,1510
2026-08-10T19:30:00Z,53875.0,53908.4,53862.4,53900.4,1987
2026-08-10T19:45:00Z,53900.0,53984.0,53888.4,53972.0,3044
2026-08-10T20:00:00Z,53971.6,53974.0,53937.5,53944.0,1131
2026-08-10T20:15:00Z,53943.0,53948.0,53924.5,53941.0,625
2026-08-10T20:30:00Z,53940.5,53964.0,53938.5,53957.5,566
2026-08-10T20:45:00Z,53957.0,53967.5,53954.5,53964.5,911
2026-08-10T22:00:00Z,53964.6,53971.1,53935.1,53940.1,391
2026-08-10T22:15:00Z,53940.6,53941.1,53921.1,53925.1,297
2026-08-10T22:30:00Z,53925.6,53926.1,53912.6,53919.6,385
2026-08-10T22:45:00Z,53918.1,53924.6,53915.6,53924.6,269
2026-08-10T23:00:00Z,53925.1,53931.6,53919.6,53929.6,312
2026-08-10T23:15:00Z,53930.1,53931.6,53909.6,53910.6,334
2026-08-10T23:30:00Z,53911.1,53926.1,53905.1,53925.6,317
2026-08-10T23:45:00Z,53925.1,53927.1,53901.6,53926.6,658
2026-08-11T00:00:00Z,53927.1,53928.6,53910.6,53923.6,925
2026-08-11T00:15:00Z,53923.1,53929.1,53911.6,53927.6,682
2026-08-11T00:30:00Z,53928.1,53941.6,53922.1,53939.1,365
2026-08-11T00:45:00Z,53939.6,53944.1,53927.1,53932.6,364
2026-08-11T01:00:00Z,53933.1,53955.6,53923.6,53949.6,560
2026-08-11T01:15:00Z,53950.1,53957.1,53937.1,53955.6,405
2026-08-11T01:30:00Z,53955.1,53959.6,53937.1,53940.1,333
2026-08-11T01:45:00Z,53938.6,53949.6,53931.1,53931.1,424
2026-08-11T02:00:00Z,53930.6,53941.6,53930.1,53941.6,272
2026-08-11T02:15:00Z,53943.1,53948.1,53936.1,53945.1,192
2026-08-11T02:30:00Z,53944.6,53958.1,53944.6,53957.6,222
2026-08-11T02:45:00Z,53956.1,53956.6,53942.6,53951.6,177
2026-08-11T03:00:00Z,53951.1,53968.6,53950.1,53964.6,168
2026-08-11T03:15:00Z,53964.1,53985.6,53962.6,53982.6,187
2026-08-11T03:30:00Z,53983.1,53983.6,53973.6,53973.6,155
2026-08-11T03:45:00Z,53973.1,53973.6,53967.1,53969.6,179
2026-08-11T04:00:00Z,53970.1,53975.6,53968.6,53971.6,147
2026-08-11T04:15:00Z,53971.1,53971.6,53963.1,53970.6,115
2026-08-11T04:30:00Z,53971.1,53988.1,53967.6,53972.6,274
2026-08-11T04:45:00Z,53972.1,53975.6,53968.1,53969.1,120
2026-08-11T05:00:00Z,53968.6,53973.6,53966.6,53972.1,209
2026-08-11T05:15:00Z,53972.6,53974.1,53956.6,53965.1,211
2026-08-11T05:30:00Z,53964.6,53983.1,53960.6,53977.6,282
2026-08-11T05:45:00Z,53977.1,53979.1,53939.1,53939.1,351
2026-08-11T06:00:00Z,53939.6,53965.1,53938.1,53951.1,419
2026-08-11T06:15:00Z,53950.6,53955.6,53902.1,53904.1,711
2026-08-11T06:30:00Z,53903.6,53918.1,53861.6,53901.6,1311
2026-08-11T06:45:00Z,53902.1,53921.1,53896.1,53919.6,988
2026-08-11T07:00:00Z,53920.1,53944.6,53905.1,53914.6,1614
2026-08-11T07:15:00Z,53914.1,53917.1,53884.6,53901.6,951
2026-08-11T07:30:00Z,53902.1,53928.6,53895.6,53909.6,822
2026-08-11T07:45:00Z,53908.1,53913.1,53888.6,53909.6,649
2026-08-11T08:00:00Z,53910.1,53936.1,53882.6,53882.6,1141
2026-08-11T08:15:00Z,53883.1,53903.1,53873.1,53896.6,1055
2026-08-11T08:30:00Z,53898.6,53925.1,53892.6,53922.6,921
2026-08-11T08:45:00Z,53922.1,53931.1,53903.1,53904.6,725
2026-08-11T09:00:00Z,53902.6,53913.1,53879.1,53894.6,864
2026-08-11T09:15:00Z,53894.1,53919.6,53889.6,53901.6,735
2026-08-11T09:30:00Z,53902.1,53927.6,53902.1,53915.1,742
2026-08-11T09:45:00Z,53915.6,53924.6,53907.6,53913.6,613
2026-08-11T10:00:00Z,53914.1,53917.6,53897.1,53897.1,778
2026-08-11T10:15:00Z,53897.6,53971.1,53894.6,53950.6,1612
2026-08-11T10:30:00Z,53951.1,53954.6,53932.1,53952.6,899
2026-08-11T10:45:00Z,53952.1,53967.6,53942.6,53951.6,907
2026-08-11T11:00:00Z,53953.6,54034.1,53939.1,54019.6,4175
2026-08-11T11:15:00Z,54019.1,54032.6,53980.6,53997.6,1449
2026-08-11T11:30:00Z,53998.1,54006.1,53986.1,54001.1,1027
2026-08-11T11:45:00Z,54001.6,54020.1,53994.1,54015.6,874
2026-08-11T12:00:00Z,54011.6,54040.6,54009.6,54039.6,1119
2026-08-11T12:15:00Z,54040.1,54052.1,53971.6,53998.1,1716
2026-08-11T12:30:00Z,53997.6,54019.1,53982.6,54018.1,989
2026-08-11T12:45:00Z,54018.6,54025.6,54005.6,54024.6,713
2026-08-11T13:00:00Z,54025.1,54064.6,54021.1,54030.6,1329
2026-08-11T13:15:00Z,54030.1,54082.1,54020.1,54058.1,1197
2026-08-11T13:30:00Z,54061.6,54176.2,54008.6,54138.2,11689
2026-08-11T13:45:00Z,54141.6,54238.6,54141.2,54178.2,7728
2026-08-11T14:00:00Z,54178.6,54209.2,54038.2,54074.6,6738
2026-08-11T14:15:00Z,54075.2,54089.2,54025.2,54058.2,5988
2026-08-11T14:30:00Z,54058.6,54060.6,53959.6,53967.2,5254
2026-08-11T14:45:00Z,53968.6,54022.2,53960.2,53990.2,3955
2026-08-11T15:00:00Z,53991.6,54014.2,53929.6,53949.2,3880
2026-08-11T15:15:00Z,53948.6,53974.2,53922.6,53966.2,3115
2026-08-11T15:30:00Z,53966.6,53969.6,53912.6,53933.2,4047
2026-08-11T15:45:00Z,53931.6,53954.6,53920.2,53947.2,2653
2026-08-11T16:00:00Z,53949.2,53972.2,53921.2,53922.2,2104
2026-08-11T16:15:00Z,53921.6,53964.2,53904.6,53921.2,2468
2026-08-11T16:30:00Z,53920.6,53925.2,53887.2,53899.6,2016
2026-08-11T16:45:00Z,53899.2,53931.0,53887.2,53917.0,2098
2026-08-11T17:00:00Z,53917.6,53923.0,53888.0,53889.0,2183
2026-08-11T17:15:00Z,53889.6,53914.0,53879.6,53892.0,2059
2026-08-11T17:30:00Z,53892.6,53914.0,53887.0,53911.0,1784
2026-08-11T17:45:00Z,53910.6,53920.6,53897.0,53914.0,1651
2026-08-11T18:00:00Z,53915.6,53916.0,53868.0,53885.0,1768
2026-08-11T18:15:00Z,53884.6,53898.0,53831.0,53835.0,2192
2026-08-11T18:30:00Z,53835.6,53873.0,53834.0,53846.0,2295
2026-08-11T18:45:00Z,53845.6,53862.6,53830.6,53833.0,1731
2026-08-11T19:00:00Z,53832.6,53837.0,53796.6,53803.6,1633
2026-08-11T19:15:00Z,53804.0,53837.0,53797.6,53829.6,1612
2026-08-11T19:30:00Z,53829.0,53863.0,53824.0,53844.0,2123
2026-08-11T19:45:00Z,53844.6,53848.0,53775.6,53814.6,3468
2026-08-11T20:00:00Z,53814.0,53824.0,53802.5,53815.5,948
2026-08-11T20:15:00Z,53816.0,53838.0,53812.0,53837.5,312
2026-08-11T20:30:00Z,53838.0,53847.0,53831.5,53836.5,264
2026-08-11T20:45:00Z,53836.0,53837.5,53818.5,53820.5,464
2026-08-11T22:00:00Z,53824.5,53829.5,53808.0,53828.0,252
2026-08-11T22:15:00Z,53827.0,53828.0,53815.0,53818.0,116
2026-08-11T22:30:00Z,53817.5,53817.5,53805.5,53809.5,243
2026-08-11T22:45:00Z,53807.5,53821.0,53807.0,53812.5,179
2026-08-11T23:00:00Z,53812.0,53823.5,53810.5,53817.5,208
2026-08-11T23:15:00Z,53818.0,53821.5,53815.5,53820.5,72
2026-08-11T23:30:00Z,53821.0,53821.0,53809.0,53814.5,101
2026-08-11T23:45:00Z,53815.0,53829.5,53813.5,53822.5,313
2026-08-12T00:00:00Z,53822.0,53823.5,53797.0,53805.0,1074
2026-08-12T00:15:00Z,53805.5,53815.5,53792.5,53798.5,1636
2026-08-12T00:30:00Z,53799.0,53804.5,53789.5,53792.5,1212
2026-08-12T00:45:00Z,53793.0,53794.0,53776.0,53789.5,758
2026-08-12T01:00:00Z,53789.0,53795.0,53783.0,53788.0,919
2026-08-12T01:15:00Z,53788.5,53789.0,53776.5,53786.5,573
2026-08-12T01:30:00Z,53784.5,53791.5,53777.0,53787.0,751
2026-08-12T01:45:00Z,53786.5,53789.0,53774.5,53781.0,455
2026-08-12T02:00:00Z,53781.5,53801.0,53781.5,53801.0,471
2026-08-12T02:15:00Z,53803.0,53807.5,53799.5,53804.5,295
2026-08-12T02:30:00Z,53805.0,53811.0,53801.0,53803.0,371
2026-08-12T02:45:00Z,53803.5,53811.0,53798.5,53810.0,210
2026-08-12T03:00:00Z,53809.5,53814.5,53801.5,53808.5,265
2026-08-12T03:15:00Z,53808.0,53810.5,53799.0,53808.0,172
2026-08-12T03:30:00Z,53808.5,53810.5,53796.5,53800.0,584
2026-08-12T03:45:00Z,53800.5,53808.5,53795.0,53808.0,299
2026-08-12T04:00:00Z,53808.5,53812.5,53800.0,53806.5,232
2026-08-12T04:15:00Z,53806.0,53809.5,53802.0,53809.0,165
2026-08-12T04:30:00Z,53808.5,53810.5,53803.0,53804.5,191
2026-08-12T04:45:00Z,53804.0,53822.0,53802.5,53819.0,247
2026-08-12T05:00:00Z,53819.5,53822.5,53810.5,53810.5,216
2026-08-12T05:15:00Z,53810.0,53824.5,53806.5,53824.0,390
2026-08-12T05:30:00Z,53823.5,53832.0,53820.0,53822.5,283
2026-08-12T05:45:00Z,53822.0,53828.0,53816.0,53817.0,221
2026-08-12T06:00:00Z,53816.5,53819.5,53791.5,53795.0,442
2026-08-12T06:15:00Z,53794.5,53821.5,53792.0,53818.0,522
2026-08-12T06:30:00Z,53818.5,53837.5,53815.0,53817.5,652
2026-08-12T06:45:00Z,53818.0,53836.5,53818.0,53835.5,470
2026-08-12T07:00:00Z,53835.0,53835.0,53812.0,53824.0,1102
2026-08-12T07:15:00Z,53823.5,53832.5,53806.0,53811.0,802
2026-08-12T07:30:00Z,53811.5,53834.5,53809.5,53832.5,898
2026-08-12T07:45:00Z,53833.0,53833.5,53802.0,53813.0,711
2026-08-12T08:00:00Z,53811.5,53826.5,53804.5,53813.5,1017
2026-08-12T08:15:00Z,53813.0,53813.0,53795.0,53803.5,818
2026-08-12T08:30:00Z,53803.0,53803.0,53783.0,53796.0,794
2026-08-12T08:45:00Z,53796.5,53810.0,53788.5,53797.5,615
2026-08-12T09:00:00Z,53797.0,53826.0,53795.5,53826.0,701
2026-08-12T09:15:00Z,53825.5,53893.0,53819.0,53859.5,2007
2026-08-12T09:30:00Z,53860.0,53886.0,53854.0,53879.5,1101
2026-08-12T09:45:00Z,53879.0,53906.5,53842.0,53864.5,1376
2026-08-12T10:00:00Z,53864.0,53887.5,53863.5,53868.0,811
2026-08-12T10:15:00Z,53867.5,53873.5,53854.0,53854.0,593
2026-08-12T10:30:00Z,53854.5,53864.5,53844.0,53861.0,531
2026-08-12T10:45:00Z,53859.5,53872.5,53799.0,53857.5,1922
2026-08-12T11:00:00Z,53859.0,53881.0,53837.0,53869.0,891
2026-08-12T11:15:00Z,53869.5,53886.0,53855.5,53883.0,671
2026-08-12T11:30:00Z,53882.5,53905.5,53871.0,53904.0,784
2026-08-12T11:45:00Z,53904.5,53916.0,53887.0,53896.0,813
2026-08-12T12:00:00Z,53899.5,53906.5,53869.5,53904.0,986
2026-08-12T12:15:00Z,53905.5,53975.5,53900.5,53959.5,1843
2026-08-12T12:30:00Z,53979.5,54069.5,53858.5,53945.5,7352
2026-08-12T12:45:00Z,53947.0,53965.0,53923.0,53962.5,3092
2026-08-12T13:00:00Z,53964.5,53974.5,53935.5,53963.5,2574
2026-08-12T13:15:00Z,53963.0,54005.5,53954.5,53973.5,2316
2026-08-12T13:30:00Z,53974.0,54003.0,53815.6,53862.0,14107
2026-08-12T13:45:00Z,53862.6,53913.6,53805.0,53808.6,9695
2026-08-12T14:00:00Z,53808.0,53855.0,53763.6,53802.0,8057
2026-08-12T14:15:00Z,53802.6,53893.0,53787.0,53861.0,5967
2026-08-12T14:30:00Z,53862.6,53885.6,53753.6,53857.0,7295
2026-08-12T14:45:00Z,53855.6,53869.0,53788.0,53805.0,5011
2026-08-12T15:00:00Z,53805.6,53821.0,53768.0,53791.0,4641
2026-08-12T15:15:00Z,53791.6,53812.6,53765.0,53812.6,3525
2026-08-12T15:30:00Z,53813.0,53834.0,53774.6,53824.6,3706
2026-08-12T15:45:00Z,53825.0,53843.0,53810.0,53828.6,2587
2026-08-12T16:00:00Z,53829.0,53867.0,53822.0,53859.0,2489
2026-08-12T16:15:00Z,53858.6,53864.6,53831.6,53832.0,2027
2026-08-12T16:30:00Z,53832.6,53857.0,53820.0,53847.0,1896
2026-08-12T16:45:00Z,53844.0,53855.0,53828.0,53836.6,1950
2026-08-12T17:00:00Z,53837.0,53860.0,53823.0,53836.0,1985
2026-08-12T17:15:00Z,53835.6,53838.0,53804.0,53825.0,1933
2026-08-12T17:30:00Z,53825.6,53854.0,53817.0,53840.0,1863
2026-08-12T17:45:00Z,53840.6,53854.0,53815.0,53831.0,1632
2026-08-12T18:00:00Z,53831.6,53838.0,53821.0,53829.0,1701
2026-08-12T18:15:00Z,53828.6,53840.6,53819.0,53821.0,1562
2026-08-12T18:30:00Z,53821.6,53875.0,53821.6,53868.0,1387
2026-08-12T18:45:00Z,53868.6,53877.0,53847.0,53847.0,1312
2026-08-12T19:00:00Z,53847.6,53879.0,53837.0,53841.0,1404
2026-08-12T19:15:00Z,53840.6,53848.0,53824.0,53838.0,1399
2026-08-12T19:30:00Z,53840.0,53863.0,53822.6,53840.0,1824
2026-08-12T19:45:00Z,53841.6,53849.0,53773.6,53787.0,3237
2026-08-12T20:00:00Z,53787.6,53865.5,53781.5,53817.5,2037
2026-08-12T20:15:00Z,53818.0,53823.7,53794.7,53797.7,1138
2026-08-12T20:30:00Z,53798.2,53807.7,53782.2,53801.7,633
2026-08-12T20:45:00Z,53801.2,53808.7,53790.2,53790.7,780
2026-08-12T22:00:00Z,53810.7,53810.7,53793.2,53807.2,526
2026-08-12T22:15:00Z,53806.7,53816.7,53804.2,53810.7,302
2026-08-12T22:30:00Z,53811.2,53812.2,53802.7,53810.2,194
2026-08-12T22:45:00Z,53810.7,53812.7,53805.7,53806.7,108
2026-08-12T23:00:00Z,53806.2,53827.7,53805.7,53826.7,253
2026-08-12T23:15:00Z,53827.2,53829.2,53823.2,53826.7,105
2026-08-12T23:30:00Z,53826.2,53827.2,53820.2,53823.7,189
2026-08-12T23:45:00Z,53823.2,53823.2,53802.2,53803.7,598
2026-08-13T00:00:00Z,53803.2,53811.7,53781.2,53782.2,1221
2026-08-13T00:15:00Z,53782.7,53784.2,53762.7,53763.2,873
2026-08-13T00:30:00Z,53763.7,53780.7,53754.7,53769.2,734
2026-08-13T00:45:00Z,53769.7,53774.7,53763.2,53771.7,583
2026-08-13T01:00:00Z,53770.2,53773.2,53733.7,53734.7,921
2026-08-13T01:15:00Z,53734.2,53740.7,53729.2,53733.7,587
2026-08-13T01:30:00Z,53734.2,53754.7,53733.2,53744.7,514
2026-08-13T01:45:00Z,53744.2,53763.2,53741.7,53752.7,420
2026-08-13T02:00:00Z,53754.2,53765.7,53752.7,53763.7,446
2026-08-13T02:15:00Z,53763.2,53768.2,53751.7,53754.2,407
2026-08-13T02:30:00Z,53752.7,53768.7,53746.7,53766.7,551
2026-08-13T02:45:00Z,53767.2,53771.2,53762.2,53762.2,267
2026-08-13T03:00:00Z,53760.7,53763.2,53753.7,53763.2,303
2026-08-13T03:15:00Z,53762.7,53763.2,53754.2,53758.2,217
2026-08-13T03:30:00Z,53758.7,53774.2,53752.2,53774.2,288
2026-08-13T03:45:00Z,53772.7,53779.2,53771.7,53773.2,166
2026-08-13T04:00:00Z,53773.7,53782.2,53769.7,53772.2,284
2026-08-13T04:15:00Z,53771.7,53785.7,53765.7,53781.2,315
2026-08-13T04:30:00Z,53781.7,53783.7,53777.7,53780.7,181
2026-08-13T04:45:00Z,53780.2,53793.7,53777.7,53785.2,279
2026-08-13T05:00:00Z,53783.7,53797.7,53783.7,53796.7,358
2026-08-13T05:15:00Z,53797.7,53798.2,53786.2,53796.2,288
2026-08-13T05:30:00Z,53798.2,53804.7,53788.2,53800.7,371
2026-08-13T05:45:00Z,53801.2,53804.2,53796.7,53798.2,249
2026-08-13T06:00:00Z,53799.7,53820.2,53797.7,53815.7,404
2026-08-13T06:15:00Z,53816.2,53826.7,53815.2,53817.7,429
2026-08-13T06:30:00Z,53818.2,53819.7,53807.2,53817.2,484
2026-08-13T06:45:00Z,53817.7,53837.2,53804.7,53833.7,508
2026-08-13T07:00:00Z,53835.2,53845.2,53822.2,53829.7,1009
2026-08-13T07:15:00Z,53830.2,53837.7,53816.7,53835.7,680
2026-08-13T07:30:00Z,53835.2,53860.7,53834.7,53859.2,838
2026-08-13T07:45:00Z,53859.7,53867.2,53847.2,53849.7,626
2026-08-13T08:00:00Z,53850.2,53890.7,53831.7,53883.7,1121
2026-08-13T08:15:00Z,53883.2,53900.7,53861.7,53893.7,872
2026-08-13T08:30:00Z,53893.2,53909.7,53890.7,53903.7,689
2026-08-13T08:45:00Z,53904.2,53912.7,53895.7,53906.7,483
2026-08-13T09:00:00Z,53907.2,53926.7,53903.2,53921.7,672
2026-08-13T09:15:00Z,53921.2,53947.2,53918.2,53936.2,671
2026-08-13T09:30:00Z,53935.7,53937.2,53917.2,53923.2,400
2026-08-13T09:45:00Z,53922.7,53930.7,53911.7,53912.2,543
2026-08-13T10:00:00Z,53915.2,53947.7,53903.7,53904.7,496
2026-08-13T10:15:00Z,53905.2,53916.7,53895.7,53904.2,544
2026-08-13T10:30:00Z,53903.7,53913.2,53900.2,53907.2,425
2026-08-13T10:45:00Z,53906.7,53919.2,53904.2,53914.2,316
2026-08-13T11:00:00Z,53915.7,53924.7,53905.7,53921.7,593
2026-08-13T11:15:00Z,53922.2,53936.2,53916.2,53931.2,517
2026-08-13T11:30:00Z,53931.7,53967.7,53930.7,53967.2,557
2026-08-13T11:45:00Z,53966.7,53970.2,53931.2,53934.2,585
2026-08-13T12:00:00Z,53937.7,53971.7,53935.7,53952.7,1266
2026-08-13T12:15:00Z,53954.7,53959.2,53906.7,53933.2,1197
2026-08-13T12:30:00Z,53933.2,53980.7,53901.2,53961.7,2556
2026-08-13T12:45:00Z,53961.2,53984.2,53959.7,53983.7,1463
2026-08-13T13:00:00Z,53984.2,53995.7,53946.2,53956.7,1855
2026-08-13T13:15:00Z,53957.2,53983.2,53931.7,53952.2,1573
2026-08-13T13:30:00Z,53952.7,54009.8,53871.8,53914.8,9866
2026-08-13T13:45:00Z,53915.2,53979.8,53861.2,53923.8,9693
2026-08-13T14:00:00Z,53923.2,54038.2,53922.2,53988.8,7429
2026-08-13T14:15:00Z,53989.2,54074.2,53928.2,54036.2,5535
2026-08-13T14:30:00Z,54036.8,54040.8,53929.2,53930.2,5349
2026-08-13T14:45:00Z,53922.2,53930.8,53830.2,53864.2,6425
2026-08-13T15:00:00Z,53864.8,53893.2,53758.2,53765.2,5647
2026-08-13T15:15:00Z,53765.8,53770.2,53641.2,53666.2,5386
2026-08-13T15:30:00Z,53667.8,53731.2,53660.2,53709.2,5545
2026-08-13T15:45:00Z,53708.8,53739.8,53686.4,53691.0,3902
2026-08-13T16:00:00Z,53691.4,53730.0,53688.0,53705.0,3312
2026-08-13T16:15:00Z,53707.0,53746.0,53697.0,53745.0,2882
2026-08-13T16:30:00Z,53744.4,53769.0,53732.4,53744.0,2400
2026-08-13T16:45:00Z,53744.4,53764.4,53739.4,53754.0,2334
2026-08-13T17:00:00Z,53753.4,53790.0,53749.4,53773.0,2089
2026-08-13T17:15:00Z,53773.4,53796.0,53773.0,53777.0,1758
2026-08-13T17:30:00Z,53778.4,53782.0,53739.0,53754.4,2201
2026-08-13T17:45:00Z,53755.0,53784.4,53754.0,53774.4,1859
2026-08-13T18:00:00Z,53775.0,53825.0,53775.0,53820.0,1903
2026-08-13T18:15:00Z,53819.4,53823.0,53779.4,53792.0,1698
2026-08-13T18:30:00Z,53792.4,53848.0,53785.0,53841.4,2152
2026-08-13T18:45:00Z,53842.0,53846.0,53799.0,53806.0,1884
2026-08-13T19:00:00Z,53805.4,53845.0,53805.0,53826.0,1883
2026-08-13T19:15:00Z,53825.4,53874.0,53817.4,53856.4,2093
2026-08-13T19:30:00Z,53856.0,53875.0,53845.0,53845.4,2274
2026-08-13T19:45:00Z,53845.0,53884.4,53835.0,53867.0,3033
2026-08-13T20:00:00Z,53869.4,53884.4,53852.9,53863.9,1128
2026-08-13T20:15:00Z,53863.4,53870.4,53852.9,53860.9,397
2026-08-13T20:30:00Z,53862.4,53880.9,53861.4,53877.9,370
2026-08-13T20:45:00Z,53877.4,53899.4,53877.4,53888.4,419
2026-08-13T22:00:00Z,53894.2,53901.7,53868.7,53871.7,375
2026-08-13T22:15:00Z,53869.7,53882.7,53868.2,53878.7,280
2026-08-13T22:30:00Z,53876.7,53879.2,53872.2,53873.2,138
2026-08-13T22:45:00Z,53872.7,53874.2,53862.2,53873.2,84
2026-08-13T23:00:00Z,53872.7,53881.2,53870.2,53878.2,35
2026-08-13T23:15:00Z,53879.7,53886.2,53872.7,53881.2,112
2026-08-13T23:30:00Z,53882.7,53892.2,53879.7,53889.2,172
2026-08-13T23:45:00Z,53889.7,53894.2,53880.2,53880.7,368
2026-08-14T00:00:00Z,53883.2,53887.2,53874.7,53875.2,473
2026-08-14T00:15:00Z,53875.7,53890.7,53870.7,53870.7,326
2026-08-14T00:30:00Z,53872.2,53876.7,53855.7,53855.7,234
2026-08-14T00:45:00Z,53856.2,53893.2,53852.7,53889.7,368
2026-08-14T01:00:00Z,53889.2,53899.7,53885.2,53889.2,543
2026-08-14T01:15:00Z,53889.7,53893.2,53882.7,53892.2,332
2026-08-14T01:30:00Z,53891.7,53918.2,53889.7,53911.7,328
2026-08-14T01:45:00Z,53909.7,53915.2,53905.7,53914.7,171
2026-08-14T02:00:00Z,53915.2,53925.7,53913.2,53924.7,255
2026-08-14T02:15:00Z,53925.2,53927.7,53916.2,53918.2,195
2026-08-14T02:30:00Z,53918.7,53920.7,53905.2,53908.2,262
2026-08-14T02:45:00Z,53908.7,53911.7,53897.7,53902.7,205
2026-08-14T03:00:00Z,53902.2,53916.2,53900.2,53912.2,163
2026-08-14T03:15:00Z,53912.7,53921.7,53912.7,53917.7,149
2026-08-14T03:30:00Z,53918.2,53919.7,53905.7,53908.2,180
2026-08-14T03:45:00Z,53908.7,53909.2,53895.2,53897.7,154
2026-08-14T04:00:00Z,53896.2,53905.2,53896.2,53904.7,162
2026-08-14T04:15:00Z,53905.2,53905.7,53897.7,53899.7,145
2026-08-14T04:30:00Z,53899.2,53901.7,53891.7,53894.7,217
2026-08-14T04:45:00Z,53896.2,53899.7,53893.2,53895.7,152
2026-08-14T05:00:00Z,53897.2,53898.7,53888.2,53894.2,287
2026-08-14T05:15:00Z,53893.7,53894.7,53885.2,53889.7,206
2026-08-14T05:30:00Z,53889.2,53890.2,53877.2,53882.2,214
2026-08-14T05:45:00Z,53882.7,53886.2,53870.2,53870.7,129
2026-08-14T06:00:00Z,53873.2,53873.2,53853.7,53857.7,382
2026-08-14T06:15:00Z,53858.2,53859.2,53842.7,53845.2,278
2026-08-14T06:30:00Z,53845.7,53852.7,53837.2,53845.2,220
2026-08-14T06:45:00Z,53844.7,53845.7,53824.7,53826.7,245
2026-08-14T07:00:00Z,53827.2,53834.2,53777.7,53781.2,925
2026-08-14T07:15:00Z,53783.2,53797.7,53779.2,53787.2,581
2026-08-14T07:30:00Z,53787.7,53814.2,53783.2,53812.7,463
2026-08-14T07:45:00Z,53811.2,53824.2,53803.2,53805.7,532
2026-08-14T08:00:00Z,53805.2,53809.2,53757.7,53768.2,1108
2026-08-14T08:15:00Z,53767.7,53795.7,53752.7,53788.2,679
2026-08-14T08:30:00Z,53787.7,53795.7,53777.2,53786.7,648
2026-08-14T08:45:00Z,53786.2,53809.7,53785.2,53791.7,424
2026-08-14T09:00:00Z,53791.2,53802.2,53777.2,53795.2,526
2026-08-14T09:15:00Z,53796.7,53809.7,53775.2,53783.7,518
2026-08-14T09:30:00Z,53783.2,53787.2,53762.2,53786.2,457
2026-08-14T09:45:00Z,53786.7,53800.2,53786.2,53800.2,579
2026-08-14T10:00:00Z,53799.7,53808.2,53790.2,53801.2,449
2026-08-14T10:15:00Z,53800.7,53816.2,53796.7,53800.7,365
2026-08-14T10:30:00Z,53799.2,53804.2,53783.2,53787.7,389
2026-08-14T10:45:00Z,53787.2,53790.7,53773.2,53787.7,472
2026-08-14T11:00:00Z,53788.2,53789.2,53730.2,53734.2,678
2026-08-14T11:15:00Z,53733.7,53764.7,53727.7,53758.2,453
2026-08-14T11:30:00Z,53758.7,53805.2,53758.7,53804.7,620
2026-08-14T11:45:00Z,53802.2,53802.7,53770.7,53776.2,464
2026-08-14T12:00:00Z,53775.7,53779.2,53722.7,53772.2,1074
2026-08-14T12:15:00Z,53771.7,53791.2,53760.7,53785.7,1289
2026-08-14T12:30:00Z,53786.2,53802.2,53766.2,53776.2,1466
2026-08-14T12:45:00Z,53774.7,53806.2,53773.7,53795.2,707
2026-08-14T13:00:00Z,53795.7,53800.7,53732.2,53733.7,1014
2026-08-14T13:15:00Z,53733.2,53811.2,53733.2,53791.7,1412
2026-08-14T13:30:00Z,53792.2,53851.8,53686.8,53810.2,12589
2026-08-14T13:45:00Z,53810.8,53885.2,53798.8,53858.8,8051
2026-08-14T14:00:00Z,53858.2,53871.2,53789.2,53813.8,5862
2026-08-14T14:15:00Z,53814.2,53857.8,53797.8,53817.8,5849
2026-08-14T14:30:00Z,53820.2,53823.8,53742.2,53750.8,4738
2026-08-14T14:45:00Z,53751.2,53776.8,53728.8,53746.8,3642
2026-08-14T15:00:00Z,53745.2,53788.8,53739.8,53742.8,3215
2026-08-14T15:15:00Z,53743.2,53759.2,53726.6,53739.6,3177
2026-08-14T15:30:00Z,53741.2,53762.2,53711.2,53725.6,2819
2026-08-14T15:45:00Z,53726.2,53736.6,53690.6,53696.6,2379
2026-08-14T16:00:00Z,53697.2,53740.6,53697.2,53740.6,2168
2026-08-14T16:15:00Z,53740.2,53751.6,53722.2,53729.6,1600
2026-08-14T16:30:00Z,53729.2,53756.2,53720.2,53737.6,1967
2026-08-14T16:45:00Z,53737.2,53740.2,53679.2,53687.6,1589
2026-08-14T17:00:00Z,53687.2,53731.6,53686.6,53731.2,2078
2026-08-14T17:15:00Z,53730.6,53743.6,53717.2,53735.2,1630
2026-08-14T17:30:00Z,53734.6,53746.6,53697.6,53709.6,1779
2026-08-14T17:45:00Z,53709.2,53740.6,53701.2,53734.6,1333
2026-08-14T18:00:00Z,53736.2,53778.6,53726.6,53771.2,1417
2026-08-14T18:15:00Z,53772.6,53787.6,53764.6,53778.6,1232
2026-08-14T18:30:00Z,53779.2,53793.6,53772.6,53783.6,1332
2026-08-14T18:45:00Z,53785.6,53821.2,53779.2,53801.6,1218
2026-08-14T19:00:00Z,53802.2,53804.6,53763.2,53780.6,1411
2026-08-14T19:15:00Z,53781.2,53791.6,53766.6,53771.6,1451
2026-08-14T19:30:00Z,53773.2,53785.6,53756.2,53759.6,1683
2026-08-14T19:45:00Z,53757.6,53769.6,53714.2,53749.6,2595
2026-08-14T20:00:00Z,53748.2,53750.1,53710.1,53715.6,831
2026-08-14T20:15:00Z,53717.1,53722.1,53710.6,53716.1,249
2026-08-14T20:30:00Z,53716.6,53732.1,53712.1,53724.1,293
2026-08-14T20:45:00Z,53723.6,53724.6,53714.1,53720.1,179
2026-08-16T22:00:00Z,53731.6,53761.1,53716.6,53759.6,800
2026-08-16T22:15:00Z,53759.1,53766.6,53754.1,53763.1,233
2026-08-16T22:30:00Z,53763.6,53765.6,53754.6,53759.6,292
2026-08-16T22:45:00Z,53760.1,53763.6,53750.6,53756.1,380
2026-08-16T23:00:00Z,53756.6,53757.1,53748.1,53750.1,245
2026-08-16T23:15:00Z,53749.6,53756.6,53749.1,53751.6,114
2026-08-16T23:30:00Z,53752.1,53757.1,53744.1,53755.6,172
2026-08-16T23:45:00Z,53754.1,53763.6,53751.1,53751.6,307
2026-08-17T00:00:00Z,53749.6,53763.1,53736.6,53744.1,520
2026-08-17T00:15:00Z,53744.6,53751.6,53716.1,53720.6,453
2026-08-17T00:30:00Z,53720.1,53721.1,53706.6,53714.6,371
2026-08-17T00:45:00Z,53715.1,53722.1,53714.6,53721.1,382
2026-08-17T01:00:00Z,53720.6,53724.6,53695.6,53696.1,643
2026-08-17T01:15:00Z,53695.6,53709.6,53693.1,53703.6,528
2026-08-17T01:30:00Z,53704.1,53706.1,53676.1,53681.1,528
2026-08-17T01:45:00Z,53681.6,53681.6,53665.1,53668.6,382
2026-08-17T02:00:00Z,53669.1,53674.1,53656.1,53661.1,357
2026-08-17T02:15:00Z,53660.6,53672.1,53659.1,53666.6,280
2026-08-17T02:30:00Z,53667.1,53667.6,53659.1,53663.1,290
2026-08-17T02:45:00Z,53662.6,53665.1,53655.1,53656.6,229
2026-08-17T03:00:00Z,53656.1,53665.1,53654.6,53661.1,264
2026-08-17T03:15:00Z,53661.6,53673.6,53657.6,53672.1,223
2026-08-17T03:30:00Z,53672.6,53679.6,53665.1,53675.6,219
2026-08-17T03:45:00Z,53677.1,53683.1,53674.1,53683.1,236
2026-08-17T04:00:00Z,53682.6,53690.6,53679.1,53682.1,252
2026-08-17T04:15:00Z,53681.6,53686.6,53673.1,53680.1,196
2026-08-17T04:30:00Z,53679.6,53692.6,53675.1,53691.1,178
2026-08-17T04:45:00Z,53692.6,53692.6,53683.6,53685.6,204
2026-08-17T05:00:00Z,53685.1,53692.1,53684.1,53689.1,263
2026-08-17T05:15:00Z,53689.6,53689.6,53679.1,53685.1,159
2026-08-17T05:30:00Z,53685.6,53701.6,53684.1,53697.1,253
2026-08-17T05:45:00Z,53697.6,53707.1,53697.6,53706.1,192
2026-08-17T06:00:00Z,53706.6,53724.6,53702.1,53719.6,403
2026-08-17T06:15:00Z,53720.1,53721.1,53708.6,53718.6,352
2026-08-17T06:30:00Z,53718.1,53719.1,53692.1,53694.1,420
2026-08-17T06:45:00Z,53694.6,53713.1,53688.6,53709.6,460
2026-08-17T07:00:00Z,53709.1,53719.1,53689.6,53691.6,877
2026-08-17T07:15:00Z,53690.1,53701.1,53661.1,53700.1,692
2026-08-17T07:30:00Z,53700.6,53709.1,53678.1,53700.1,637
2026-08-17T07:45:00Z,53698.6,53715.1,53691.1,53701.1,473
2026-08-17T08:00:00Z,53701.6,53708.6,53645.6,53658.1,808
2026-08-17T08:15:00Z,53658.6,53661.6,53625.6,53630.6,696
2026-08-17T08:30:00Z,53632.1,53656.6,53630.1,53640.1,712
2026-08-17T08:45:00Z,53640.6,53658.1,53625.6,53657.6,573
2026-08-17T09:00:00Z,53655.1,53673.6,53645.6,53669.1,722
2026-08-17T09:15:00Z,53667.6,53691.1,53667.6,53674.6,480
2026-08-17T09:30:00Z,53675.1,53681.1,53661.1,53671.1,495
2026-08-17T09:45:00Z,53672.6,53680.1,53642.6,53655.1,408
2026-08-17T10:00:00Z,53655.6,53675.1,53654.6,53675.1,361
2026-08-17T10:15:00Z,53674.6,53743.6,53638.1,53737.1,1481
2026-08-17T10:30:00Z,53737.6,53743.6,53667.6,53683.1,2656
2026-08-17T10:45:00Z,53683.6,53687.1,53665.6,53666.1,846
2026-08-17T11:00:00Z,53665.6,53673.1,53648.1,53665.1,1096
2026-08-17T11:15:00Z,53665.6,53665.6,53637.6,53650.1,728
2026-08-17T11:30:00Z,53652.1,53661.1,53640.1,53645.1,755
2026-08-17T11:45:00Z,53646.1,53646.1,53617.1,53627.6,845
2026-08-17T12:00:00Z,53628.1,53632.1,53607.1,53618.1,907
2026-08-17T12:15:00Z,53618.6,53628.1,53539.6,53555.1,2379
2026-08-17T12:30:00Z,53548.6,53574.6,53545.1,53567.6,1878
2026-08-17T12:45:00Z,53566.1,53571.1,53544.6,53558.6,1143
2026-08-17T13:00:00Z,53558.1,53561.6,53520.6,53542.6,1425
2026-08-17T13:15:00Z,53542.1,53570.1,53501.1,53506.6,1148
2026-08-17T13:30:00Z,53506.1,53616.6,53504.2,53590.6,11837
2026-08-17T13:45:00Z,53589.2,53653.6,53546.6,53562.2,8086
2026-08-17T14:00:00Z,53563.6,53652.6,53540.2,53605.2,6757
2026-08-17T14:15:00Z,53605.6,53610.6,53554.6,53568.2,5117
2026-08-17T14:30:00Z,53568.6,53586.6,53486.2,53506.6,4424
2026-08-17T14:45:00Z,53506.2,53545.2,53493.6,53511.2,3857
2026-08-17T15:00:00Z,53510.6,53557.6,53492.2,53530.6,3900
2026-08-17T15:15:00Z,53531.2,53581.2,53525.6,53559.2,3103
2026-08-17T15:30:00Z,53559.6,53566.6,53520.2,53535.6,3138
2026-08-17T15:45:00Z,53536.2,53555.2,53524.6,53535.6,1991
2026-08-17T16:00:00Z,53537.2,53617.6,53533.2,53604.6,2318
2026-08-17T16:15:00Z,53604.2,53635.6,53602.2,53607.2,1701
2026-08-17T16:30:00Z,53607.6,53613.6,53567.6,53569.6,1646
2026-08-17T16:45:00Z,53570.2,53579.2,53522.6,53526.6,1683
2026-08-17T17:00:00Z,53524.6,53566.6,53512.2,53556.6,1960
2026-08-17T17:15:00Z,53556.2,53564.6,53477.6,53492.6,2867
2026-08-17T17:30:00Z,53493.2,53500.6,53416.6,53472.2,3022
2026-08-17T17:45:00Z,53472.6,53483.6,53442.6,53458.6,2095
2026-08-17T18:00:00Z,53456.2,53493.6,53450.6,53487.6,2784
2026-08-17T18:15:00Z,53488.2,53510.2,53471.2,53504.6,2118
2026-08-17T18:30:00Z,53504.2,53508.6,53470.6,53494.6,1760
2026-08-17T18:45:00Z,53494.2,53522.6,53488.6,53489.6,1551
2026-08-17T19:00:00Z,53490.2,53523.6,53481.6,53516.6,1963
2026-08-17T19:15:00Z,53517.2,53532.6,53499.6,53500.6,1483
2026-08-17T19:30:00Z,53501.2,53503.6,53461.2,53473.6,2263
2026-08-17T19:45:00Z,53474.2,53515.2,53463.2,53493.6,3232
2026-08-17T20:00:00Z,53493.6,53496.1,53456.1,53470.1,1152
2026-08-17T20:15:00Z,53469.6,53474.1,53458.1,53460.1,405
2026-08-17T20:30:00Z,53460.6,53467.6,53456.6,53463.1,402
2026-08-17T20:45:00Z,53462.6,53470.6,53455.6,53464.6,324
2026-08-17T22:00:00Z,53461.1,53473.6,53459.6,53464.1,226
2026-08-17T22:15:00Z,53464.6,53465.1,53438.6,53455.1,425
2026-08-17T22:30:00Z,53454.6,53460.6,53449.6,53456.1,308
2026-08-17T22:45:00Z,53455.6,53461.1,53453.6,53458.1,222
2026-08-17T23:00:00Z,53458.6,53465.1,53449.6,53460.6,298
2026-08-17T23:15:00Z,53460.1,53464.6,53454.6,53460.6,170
2026-08-17T23:30:00Z,53460.1,53481.1,53459.6,53481.1,354
2026-08-17T23:45:00Z,53480.6,53487.6,53468.6,53484.6,667
2026-08-18T00:00:00Z,53484.1,53496.6,53468.6,53491.6,747
2026-08-18T00:15:00Z,53491.1,53493.1,53473.6,53476.1,436
2026-08-18T00:30:00Z,53475.6,53477.1,53455.6,53461.6,438
2026-08-18T00:45:00Z,53462.1,53467.6,53455.1,53467.6,375
2026-08-18T01:00:00Z,53468.1,53476.6,53464.1,53473.6,498
2026-08-18T01:15:00Z,53473.1,53494.6,53467.6,53484.6,405
2026-08-18T01:30:00Z,53484.1,53488.1,53467.1,53476.6,461
2026-08-18T01:45:00Z,53476.1,53507.1,53465.1,53507.1,1178
2026-08-18T02:00:00Z,53507.6,53509.1,53478.1,53481.1,791
2026-08-18T02:15:00Z,53480.6,53483.6,53452.1,53461.6,1259
2026-08-18T02:30:00Z,53461.1,53477.6,53457.6,53458.1,768
2026-08-18T02:45:00Z,53458.6,53480.6,53451.6,53477.6,842
2026-08-18T03:00:00Z,53478.1,53483.1,53469.6,53472.6,474
2026-08-18T03:15:00Z,53472.1,53473.1,53444.1,53450.1,684
2026-08-18T03:30:00Z,53449.6,53462.6,53438.6,53454.6,864
2026-08-18T03:45:00Z,53454.1,53460.6,53432.6,53437.1,501
2026-08-18T04:00:00Z,53437.6,53439.6,53420.1,53421.6,737
2026-08-18T04:15:00Z,53422.1,53427.6,53406.6,53417.6,629
2026-08-18T04:30:00Z,53417.1,53425.6,53412.1,53415.6,535
2026-08-18T04:45:00Z,53416.1,53420.6,53408.6,53419.6,374
2026-08-18T05:00:00Z,53418.1,53418.1,53392.1,53403.6,633
2026-08-18T05:15:00Z,53404.1,53423.6,53404.1,53410.6,406
2026-08-18T05:30:00Z,53410.1,53421.1,53403.1,53409.1,617
2026-08-18T05:45:00Z,53408.1,53433.1,53406.6,53416.1,723
2026-08-18T06:00:00Z,53417.6,53424.6,53376.6,53421.6,1686
2026-08-18T06:15:00Z,53421.1,53436.1,53406.1,53422.1,1173
2026-08-18T06:30:00Z,53421.6,53436.1,53407.6,53427.1,909
2026-08-18T06:45:00Z,53427.6,53478.6,53426.6,53476.1,836
2026-08-18T07:00:00Z,53475.6,53476.1,53419.6,53424.6,2045
2026-08-18T07:15:00Z,53425.1,53453.6,53421.1,53425.6,1122
2026-08-18T07:30:00Z,53427.1,53435.6,53399.1,53399.6,1296
2026-08-18T07:45:00Z,53401.6,53404.1,53343.6,53348.6,1772
2026-08-18T08:00:00Z,53350.1,53389.6,53334.1,53381.6,2832
2026-08-18T08:15:00Z,53380.1,53391.6,53358.1,53376.6,1694
2026-08-18T08:30:00Z,53377.1,53440.1,53376.1,53435.1,1676
2026-08-18T08:45:00Z,53435.6,53447.1,53413.1,53446.1,1399
2026-08-18T09:00:00Z,53445.6,53467.6,53424.6,53426.1,1771
2026-08-18T09:15:00Z,53427.6,53448.1,53424.6,53443.6,1551
2026-08-18T09:30:00Z,53442.6,53460.1,53432.6,53444.6,1458
2026-08-18T09:45:00Z,53444.1,53469.6,53430.1,53468.6,1219
2026-08-18T10:00:00Z,53467.1,53538.1,53467.1,53512.6,2092
2026-08-18T10:15:00Z,53513.1,53514.1,53482.1,53495.1,929
2026-08-18T10:30:00Z,53494.6,53517.6,53487.1,53487.6,1073
2026-08-18T10:45:00Z,53489.1,53507.6,53482.6,53483.6,726
2026-08-18T11:00:00Z,53483.1,53501.6,53474.6,53497.1,1178
2026-08-18T11:15:00Z,53496.6,53503.6,53479.1,53482.1,773
2026-08-18T11:30:00Z,53482.6,53486.1,53453.6,53475.1,900
2026-08-18T11:45:00Z,53474.6,53483.6,53433.1,53445.1,984
2026-08-18T12:00:00Z,53443.6,53463.1,53424.6,53444.1,1589
2026-08-18T12:15:00Z,53443.6,53483.6,53430.6,53438.1,1519
2026-08-18T12:30:00Z,53437.6,53447.6,53400.1,53415.1,2068
2026-08-18T12:45:00Z,53415.6,53461.6,53413.1,53457.1,1564
2026-08-18T13:00:00Z,53456.6,53465.6,53423.6,53426.6,1636
2026-08-18T13:15:00Z,53427.1,53451.6,53384.1,53406.6,2059
2026-08-18T13:30:00Z,53403.6,53436.2,53262.6,53391.6,15077
2026-08-18T13:45:00Z,53392.2,53471.6,53372.6,53424.2,10730
2026-08-18T14:00:00Z,53424.6,53456.2,53382.6,53432.2,8835
2026-08-18T14:15:00Z,53431.6,53468.6,53398.6,53401.6,7292
2026-08-18T14:30:00Z,53401.2,53474.6,53400.2,53422.2,6347
2026-08-18T14:45:00Z,53422.6,53492.2,53408.2,53435.2,6883
2026-08-18T15:00:00Z,53434.6,53469.2,53397.6,53398.6,5650
2026-08-18T15:15:00Z,53397.2,53403.2,53315.6,53353.0,4639
2026-08-18T15:30:00Z,53353.4,53402.0,53339.4,53382.0,4122
2026-08-18T15:45:00Z,53382.4,53396.4,53347.4,53363.0,3165
2026-08-18T16:00:00Z,53363.4,53398.4,53358.4,53393.4,2482
2026-08-18T16:15:00Z,53394.0,53431.4,53381.4,53394.4,2441
2026-08-18T16:30:00Z,53394.0,53401.4,53376.4,53398.4,2482
2026-08-18T16:45:00Z,53400.0,53420.0,53389.4,53389.4,2179
2026-08-18T17:00:00Z,53390.0,53420.0,53372.4,53395.4,2059
2026-08-18T17:15:00Z,53395.0,53405.4,53371.4,53381.4,1674
2026-08-18T17:30:00Z,53381.0,53397.4,53369.0,53380.4,1876
2026-08-18T17:45:00Z,53380.0,53389.4,53351.0,53351.4,1500
2026-08-18T18:00:00Z,53349.4,53406.4,53345.0,53402.4,2217
2026-08-18T18:15:00Z,53403.0,53416.0,53387.4,53411.4,2002
2026-08-18T18:30:00Z,53411.0,53437.0,53406.4,53425.4,1612
2026-08-18T18:45:00Z,53425.0,53435.4,53385.0,53386.4,1549
2026-08-18T19:00:00Z,53387.0,53408.0,53380.4,53382.4,1541
2026-08-18T19:15:00Z,53383.0,53434.0,53382.0,53411.4,1658
2026-08-18T19:30:00Z,53411.0,53429.4,53406.4,53409.4,1809
2026-08-18T19:45:00Z,53409.0,53422.0,53340.0,53363.4,3580
2026-08-18T20:00:00Z,53364.0,53370.9,53345.9,53361.4,1172
2026-08-18T20:15:00Z,53362.9,53367.9,53353.9,53364.9,443
2026-08-18T20:30:00Z,53365.4,53378.9,53361.9,53366.4,412
2026-08-18T20:45:00Z,53365.9,53371.4,53348.4,53360.9,517
2026-08-18T22:00:00Z,53358.8,53362.3,53345.8,53349.8,327
2026-08-18T22:15:00Z,53350.3,53366.3,53344.3,53348.3,534
2026-08-18T22:30:00Z,53347.8,53353.8,53342.3,53353.8,304
2026-08-18T22:45:00Z,53353.3,53353.3,53338.3,53342.3,266
2026-08-18T23:00:00Z,53341.8,53356.8,53336.3,53346.3,310
2026-08-18T23:15:00Z,53346.8,53359.3,53338.8,53349.8,295
2026-08-18T23:30:00Z,53349.3,53353.3,53345.3,53349.3,276
2026-08-18T23:45:00Z,53348.8,53360.3,53343.3,53346.8,1279
2026-08-19T00:00:00Z,53346.3,53347.8,53313.3,53315.8,2183
2026-08-19T00:15:00Z,53316.3,53346.3,53310.3,53343.3,1633
2026-08-19T00:30:00Z,53343.8,53356.3,53337.8,53339.3,970
2026-08-19T00:45:00Z,53339.8,53341.8,53324.3,53327.8,804
2026-08-19T01:00:00Z,53326.3,53328.8,53311.8,53320.3,1223
2026-08-19T01:15:00Z,53319.8,53337.3,53308.8,53333.8,1530
2026-08-19T01:30:00Z,53334.3,53335.3,53308.3,53308.8,1349
2026-08-19T01:45:00Z,53308.3,53317.8,53303.8,53305.3,775
2026-08-19T02:00:00Z,53305.8,53310.8,53295.3,53298.3,569
2026-08-19T02:15:00Z,53299.3,53322.8,53295.8,53315.3,1374
2026-08-19T02:30:00Z,53314.8,53317.3,53301.8,53311.8,816
2026-08-19T02:45:00Z,53312.3,53324.8,53303.8,53316.8,615
2026-08-19T03:00:00Z,53318.3,53318.8,53296.8,53302.8,546
2026-08-19T03:15:00Z,53303.3,53311.8,53299.8,53304.8,514
2026-08-19T03:30:00Z,53304.3,53318.8,53303.8,53309.3,753
2026-08-19T03:45:00Z,53307.8,53310.8,53297.8,53298.8,696
2026-08-19T04:00:00Z,53300.3,53303.8,53294.8,53301.8,471
2026-08-19T04:15:00Z,53301.3,53313.8,53297.8,53308.3,759
2026-08-19T04:30:00Z,53308.8,53313.8,53295.8,53299.8,634
2026-08-19T04:45:00Z,53300.3,53305.3,53283.8,53303.3,713
2026-08-19T05:00:00Z,53303.8,53322.3,53300.8,53305.8,968
2026-08-19T05:15:00Z,53306.3,53307.3,53288.3,53305.3,1249
2026-08-19T05:30:00Z,53305.8,53306.8,53287.8,53300.8,761
2026-08-19T05:45:00Z,53300.3,53303.8,53290.3,53298.3,517
2026-08-19T06:00:00Z,53298.8,53304.3,53282.8,53290.8,1392
2026-08-19T06:15:00Z,53291.3,53345.8,53289.3,53338.3,1513
2026-08-19T06:30:00Z,53336.3,53360.3,53332.3,53355.8,1271
2026-08-19T06:45:00Z,53355.3,53399.3,53353.3,53396.3,1130
2026-08-19T07:00:00Z,53395.8,53397.8,53363.8,53385.8,1801
2026-08-19T07:15:00Z,53386.3,53390.3,53369.8,53382.3,1300
2026-08-19T07:30:00Z,53382.8,53414.3,53382.3,53385.3,1280
2026-08-19T07:45:00Z,53383.8,53404.3,53373.8,53402.3,1376
2026-08-19T08:00:00Z,53401.8,53402.3,53350.3,53350.3,1848
2026-08-19T08:15:00Z,53349.8,53402.3,53349.8,53400.3,1528
2026-08-19T08:30:00Z,53399.8,53399.8,53358.8,53358.8,888
2026-08-19T08:45:00Z,53358.3,53359.8,53334.3,53347.3,984
2026-08-19T09:00:00Z,53346.8,53364.3,53336.3,53340.8,1158
2026-08-19T09:15:00Z,53340.3,53344.8,53317.8,53336.3,1306
2026-08-19T09:30:00Z,53336.8,53355.8,53332.8,53349.8,1427
2026-08-19T09:45:00Z,53349.3,53355.8,53336.3,53354.8,1496
2026-08-19T10:00:00Z,53355.3,53368.3,53345.8,53359.8,1338
2026-08-19T10:15:00Z,53359.3,53362.3,53335.8,53357.8,969
2026-08-19T10:30:00Z,53358.3,53361.8,53337.8,53350.3,922
2026-08-19T10:45:00Z,53350.8,53373.3,53345.8,53366.3,816
2026-08-19T11:00:00Z,53366.8,53395.3,53366.8,53384.8,1140
2026-08-19T11:15:00Z,53385.3,53411.3,53384.3,53411.3,718
2026-08-19T11:30:00Z,53410.8,53423.3,53379.3,53405.3,909
2026-08-19T11:45:00Z,53403.8,53422.8,53393.3,53420.8,1113
2026-08-19T12:00:00Z,53421.3,53422.3,53390.3,53401.8,1390
2026-08-19T12:15:00Z,53402.3,53435.8,53387.8,53415.3,1353
2026-08-19T12:30:00Z,53414.8,53611.3,53411.8,53588.8,5327
2026-08-19T12:45:00Z,53588.3,53688.3,53588.3,53627.3,6107
2026-08-19T13:00:00Z,53626.8,53635.8,53577.8,53632.8,3864
2026-08-19T13:15:00Z,53632.3,53640.8,53580.8,53590.8,3258
2026-08-19T13:30:00Z,53590.8,53599.4,53409.8,53493.8,14253
2026-08-19T13:45:00Z,53493.4,53648.8,53437.4,53603.4,12532
2026-08-19T14:00:00Z,53601.8,53652.8,53572.4,53574.8,11304
2026-08-19T14:15:00Z,53574.4,53676.4,53569.8,53622.8,10143
2026-08-19T14:30:00Z,53621.4,53695.8,53603.4,53667.8,7136
2026-08-19T14:45:00Z,53666.4,53706.4,53614.8,53696.8,6268
2026-08-19T15:00:00Z,53697.4,53727.4,53649.4,53690.6,5569
2026-08-19T15:15:00Z,53691.0,53692.6,53563.6,53576.6,5124
2026-08-19T15:30:00Z,53576.0,53585.6,53507.6,53525.6,5565
2026-08-19T15:45:00Z,53526.0,53544.6,53499.6,53515.6,4918
2026-08-19T16:00:00Z,53515.0,53593.6,53506.6,53581.6,4164
2026-08-19T16:15:00Z,53582.0,53605.6,53507.0,53507.6,3458
2026-08-19T16:30:00Z,53507.0,53513.6,53468.6,53474.6,3489
2026-08-19T16:45:00Z,53474.0,53492.0,53433.0,53442.6,3639
2026-08-19T17:00:00Z,53442.0,53483.6,53434.6,53474.6,3712
2026-08-19T17:15:00Z,53474.0,53495.6,53435.0,53488.6,3216
2026-08-19T17:30:00Z,53488.0,53495.6,53462.6,53475.6,3039
2026-08-19T17:45:00Z,53475.0,53495.6,53458.0,53471.0,2698
2026-08-19T18:00:00Z,53471.6,53522.0,53448.6,53488.0,6010
2026-08-19T18:15:00Z,53488.6,53500.0,53468.6,53498.6,3413
2026-08-19T18:30:00Z,53500.6,53518.0,53481.6,53487.6,3139
2026-08-19T18:45:00Z,53487.0,53495.6,53455.6,53458.6,2490
2026-08-19T19:00:00Z,53457.0,53496.6,53447.0,53480.6,2592
2026-08-19T19:15:00Z,53480.0,53510.0,53466.6,53484.6,2933
2026-08-19T19:30:00Z,53486.6,53543.6,53460.6,53463.6,3628
2026-08-19T19:45:00Z,53462.0,53496.6,53439.6,53493.6,4535
2026-08-19T20:00:00Z,53493.0,53506.0,53473.5,53477.5,1579
2026-08-19T20:15:00Z,53478.0,53487.5,53470.5,53487.0,1091
2026-08-19T20:30:00Z,53485.5,53490.5,53476.5,53482.5,888
2026-08-19T20:45:00Z,53482.0,53495.5,53481.0,53484.0,768
2026-08-19T22:00:00Z,53479.6,53520.6,53474.1,53508.1,1160
2026-08-19T22:15:00Z,53506.1,53509.6,53497.1,53505.6,530
2026-08-19T22:30:00Z,53505.1,53525.1,53502.1,53521.1,237
2026-08-19T22:45:00Z,53521.6,53527.1,53506.1,53516.6,235
2026-08-19T23:00:00Z,53514.6,53525.6,53505.6,53515.6,640
2026-08-19T23:15:00Z,53515.1,53519.1,53508.1,53510.6,186
2026-08-19T23:30:00Z,53511.1,53517.1,53502.6,53513.1,212
2026-08-19T23:45:00Z,53512.6,53522.1,53509.1,53509.1,422
2026-08-20T00:00:00Z,53508.1,53508.6,53481.6,53499.6,1440
2026-08-20T00:15:00Z,53499.1,53513.6,53498.6,53500.6,951
2026-08-20T00:30:00Z,53500.1,53507.1,53487.6,53493.1,522
2026-08-20T00:45:00Z,53492.6,53504.6,53491.6,53495.1,466
2026-08-20T01:00:00Z,53494.6,53504.6,53479.6,53489.1,769
2026-08-20T01:15:00Z,53490.6,53505.6,53483.1,53493.6,750
2026-08-20T01:30:00Z,53492.6,53507.6,53488.1,53489.6,1260
2026-08-20T01:45:00Z,53490.1,53496.1,53471.1,53479.1,707
2026-08-20T02:00:00Z,53479.6,53501.6,53478.1,53500.1,691
2026-08-20T02:15:00Z,53499.6,53501.6,53475.6,53476.6,583
2026-08-20T02:30:00Z,53477.1,53497.1,53474.1,53491.6,480
2026-08-20T02:45:00Z,53491.1,53496.1,53480.6,53487.6,485
2026-08-20T03:00:00Z,53488.1,53508.6,53486.6,53497.6,547
2026-08-20T03:15:00Z,53498.1,53508.1,53496.1,53501.6,445
2026-08-20T03:30:00Z,53501.1,53504.1,53489.1,53501.1,482
2026-08-20T03:45:00Z,53500.6,53505.6,53493.6,53501.6,479
2026-08-20T04:00:00Z,53502.1,53513.6,53497.1,53509.1,322
2026-08-20T04:15:00Z,53508.6,53510.1,53497.1,53498.6,232
2026-08-20T04:30:00Z,53499.1,53509.1,53490.6,53503.1,319
2026-08-20T04:45:00Z,53502.6,53511.1,53502.6,53505.6,346
2026-08-20T05:00:00Z,53505.1,53505.1,53486.6,53487.6,340
2026-08-20T05:15:00Z,53487.1,53505.1,53486.6,53494.1,448
2026-08-20T05:30:00Z,53493.6,53501.1,53486.1,53486.6,527
2026-08-20T05:45:00Z,53486.1,53487.6,53463.1,53474.1,413
2026-08-20T06:00:00Z,53474.6,53530.6,53473.1,53510.1,858
2026-08-20T06:15:00Z,53509.6,53514.1,53488.1,53511.6,632
2026-08-20T06:30:00Z,53511.1,53534.6,53505.6,53520.6,636
2026-08-20T06:45:00Z,53521.1,53534.1,53507.1,53507.1,687
2026-08-20T07:00:00Z,53507.6,53507.6,53450.1,53454.6,1814
2026-08-20T07:15:00Z,53454.1,53458.6,53422.1,53431.6,1251
2026-08-20T07:30:00Z,53432.1,53453.1,53407.1,53439.6,1510
2026-08-20T07:45:00Z,53440.1,53451.6,53417.1,53420.1,1006
2026-08-20T08:00:00Z,53419.6,53457.6,53418.1,53438.1,2140
2026-08-20T08:15:00Z,53439.6,53454.1,53399.6,53405.1,1793
2026-08-20T08:30:00Z,53405.6,53407.1,53358.6,53369.6,2309
2026-08-20T08:45:00Z,53369.1,53391.1,53350.6,53376.1,1924
2026-08-20T09:00:00Z,53375.6,53403.1,53369.6,53389.6,1858
2026-08-20T09:15:00Z,53389.1,53401.1,53381.6,53383.1,1696
2026-08-20T09:30:00Z,53383.6,53402.6,53377.6,53401.6,1356
2026-08-20T09:45:00Z,53399.6,53410.1,53377.1,53382.1,983
2026-08-20T10:00:00Z,53381.6,53410.1,53375.6,53406.1,1131
2026-08-20T10:15:00Z,53405.6,53409.1,53394.6,53408.6,878
2026-08-20T10:30:00Z,53409.1,53420.1,53389.6,53391.6,1293
2026-08-20T10:45:00Z,53392.1,53418.1,53388.1,53418.1,869
2026-08-20T11:00:00Z,53417.6,53431.1,53343.6,53362.6,2287
2026-08-20T11:15:00Z,53363.1,53373.1,53289.1,53289.6,1770
2026-08-20T11:30:00Z,53289.1,53301.6,53249.1,53251.6,2216
2026-08-20T11:45:00Z,53252.1,53253.6,53174.6,53182.6,2979
2026-08-20T12:00:00Z,53183.1,53185.6,53067.6,53084.1,5576
2026-08-20T12:15:00Z,53083.6,53104.6,53063.6,53064.1,3541
2026-08-20T12:30:00Z,53065.1,53077.6,53014.1,53041.6,3114
2026-08-20T12:45:00Z,53042.1,53083.6,53034.1,53053.6,2275
2026-08-20T13:00:00Z,53054.1,53099.1,53031.6,53034.1,2544
2026-08-20T13:15:00Z,53033.6,53083.1,52991.1,53077.1,2625
2026-08-20T13:30:00Z,53078.1,53174.2,52996.2,53112.2,14330
2026-08-20T13:45:00Z,53114.2,53210.6,53109.2,53137.6,10857
2026-08-20T14:00:00Z,53137.2,53145.2,53031.6,53034.2,9472
2026-08-20T14:15:00Z,53032.6,53140.2,53020.2,53116.2,9058
2026-08-20T14:30:00Z,53114.6,53152.2,53093.2,53125.6,7510
2026-08-20T14:45:00Z,53125.2,53177.2,53105.6,53169.2,5946
2026-08-20T15:00:00Z,53171.2,53233.6,53108.2,53161.2,10250
2026-08-20T15:15:00Z,53160.6,53179.2,53094.2,53140.2,6736
2026-08-20T15:30:00Z,53138.2,53152.6,53001.6,53004.2,6110
2026-08-20T15:45:00Z,53004.6,53047.6,53004.2,53032.2,4608
2026-08-20T16:00:00Z,53030.2,53057.4,53003.2,53024.4,3861
2026-08-20T16:15:00Z,53023.8,53044.8,53011.4,53026.8,3161
2026-08-20T16:30:00Z,53026.4,53099.8,53007.8,53098.8,3369
2026-08-20T16:45:00Z,53098.4,53104.8,53059.8,53082.8,2724
2026-08-20T17:00:00Z,53083.4,53083.8,53025.8,53031.8,2319
2026-08-20T17:15:00Z,53030.4,53031.8,52971.8,52978.8,3068
2026-08-20T17:30:00Z,52979.4,52982.8,52927.8,52938.4,2381
2026-08-20T17:45:00Z,52937.8,52951.8,52928.8,52931.8,2655
2026-08-20T18:00:00Z,52931.4,52933.4,52868.8,52874.8,2702
2026-08-20T18:15:00Z,52872.8,52891.8,52851.8,52863.8,2566
2026-08-20T18:30:00Z,52863.4,52871.8,52842.4,52861.8,2115
2026-08-20T18:45:00Z,52859.4,52878.4,52831.4,52831.8,1777
2026-08-20T19:00:00Z,52833.8,52859.4,52814.8,52856.8,2224
2026-08-20T19:15:00Z,52856.4,52879.8,52842.8,52844.8,2109
2026-08-20T19:30:00Z,52846.8,52854.8,52812.4,52831.8,2417
2026-08-20T19:45:00Z,52830.4,52866.8,52779.8,52811.8,4420
2026-08-20T20:00:00Z,52812.4,52823.8,52782.8,52784.8,1496
2026-08-20T20:15:00Z,52784.3,52796.8,52763.8,52791.3,675
2026-08-20T20:30:00Z,52789.3,52813.8,52786.3,52804.3,480
2026-08-20T20:45:00Z,52805.8,52816.8,52803.8,52814.8,379
2026-08-20T22:00:00Z,52806.1,52806.6,52779.1,52791.6,808
2026-08-20T22:15:00Z,52790.6,52807.1,52790.6,52799.6,298
2026-08-20T22:30:00Z,52801.1,52803.6,52790.1,52798.6,328
2026-08-20T22:45:00Z,52799.1,52810.6,52797.1,52810.1,194
2026-08-20T23:00:00Z,52809.1,52810.1,52798.1,52800.6,254
2026-08-20T23:15:00Z,52799.1,52805.1,52797.6,52804.1,220
2026-08-20T23:30:00Z,52804.6,52808.1,52797.6,52804.1,208
2026-08-20T23:45:00Z,52803.6,52807.1,52790.1,52805.1,491
2026-08-21T00:00:00Z,52805.6,52831.6,52801.1,52824.6,1346
2026-08-21T00:15:00Z,52824.1,52826.6,52805.6,52814.1,1119
2026-08-21T00:30:00Z,52813.1,52828.1,52809.6,52812.6,1069
2026-08-21T00:45:00Z,52812.1,52817.6,52794.6,52796.6,749
2026-08-21T01:00:00Z,52796.1,52808.6,52786.1,52791.1,1111
2026-08-21T01:15:00Z,52790.6,52802.1,52783.6,52786.6,1306
2026-08-21T01:30:00Z,52787.1,52793.1,52778.1,52783.6,935
2026-08-21T01:45:00Z,52781.6,52786.1,52768.6,52782.6,680
2026-08-21T02:00:00Z,52782.1,52790.6,52777.6,52784.1,595
2026-08-21T02:15:00Z,52783.6,52804.6,52781.6,52793.6,614
2026-08-21T02:30:00Z,52794.1,52801.1,52786.6,52794.6,632
2026-08-21T02:45:00Z,52794.1,52801.6,52789.1,52793.1,522
2026-08-21T03:00:00Z,52793.6,52794.6,52782.1,52782.1,365
2026-08-21T03:15:00Z,52781.6,52792.6,52778.6,52791.6,430
2026-08-21T03:30:00Z,52792.1,52807.6,52791.6,52799.1,543
2026-08-21T03:45:00Z,52799.6,52809.6,52795.1,52806.6,350
2026-08-21T04:00:00Z,52807.1,52818.6,52806.1,52807.6,375
2026-08-21T04:15:00Z,52807.1,52812.1,52797.1,52797.1,408
2026-08-21T04:30:00Z,52795.6,52802.6,52788.1,52795.6,394
2026-08-21T04:45:00Z,52796.1,52818.1,52795.6,52814.6,399
2026-08-21T05:00:00Z,52816.1,52824.6,52813.1,52824.6,308
2026-08-21T05:15:00Z,52824.1,52824.6,52801.6,52802.1,285
2026-08-21T05:30:00Z,52801.6,52820.6,52799.1,52811.1,455
2026-08-21T05:45:00Z,52810.6,52813.6,52798.6,52812.6,420
2026-08-21T06:00:00Z,52812.1,52823.1,52805.1,52821.6,691
2026-08-21T06:15:00Z,52822.1,52830.6,52814.1,52824.6,620
2026-08-21T06:30:00Z,52824.1,52854.6,52824.1,52829.1,598
2026-08-21T06:45:00Z,52829.6,52859.6,52822.6,52854.1,973
2026-08-21T07:00:00Z,52853.6,52871.6,52835.6,52871.1,1317
2026-08-21T07:15:00Z,52871.6,52878.1,52853.1,52876.1,930
2026-08-21T07:30:00Z,52874.6,52918.1,52873.6,52905.1,1039
2026-08-21T07:45:00Z,52905.6,52921.1,52894.6,52909.1,1027
2026-08-21T08:00:00Z,52909.6,52916.1,52880.6,52898.6,1376
2026-08-21T08:15:00Z,52899.1,52948.6,52898.1,52947.6,1206
2026-08-21T08:30:00Z,52947.1,52970.1,52930.1,52966.6,1044
2026-08-21T08:45:00Z,52967.1,52987.1,52958.6,52969.1,831
2026-08-21T09:00:00Z,52968.6,52985.6,52960.6,52981.1,1202
2026-08-21T09:15:00Z,52981.6,52994.6,52957.6,52965.6,893
2026-08-21T09:30:00Z,52966.1,52971.1,52949.6,52961.6,787
2026-08-21T09:45:00Z,52962.1,52963.1,52932.6,52945.6,827
2026-08-21T10:00:00Z,52945.1,52982.1,52935.1,52941.6,1189
2026-08-21T10:15:00Z,52942.1,52976.1,52939.1,52969.1,742
2026-08-21T10:30:00Z,52970.6,52974.1,52957.1,52957.6,613
2026-08-21T10:45:00Z,52959.6,52971.6,52952.6,52968.6,700
2026-08-21T11:00:00Z,52967.1,52988.6,52960.1,52976.6,962
2026-08-21T11:15:00Z,52976.1,53060.1,52976.1,53048.1,1986
2026-08-21T11:30:00Z,53048.6,53069.6,53029.1,53046.6,1843
2026-08-21T11:45:00Z,53049.1,53054.1,53033.1,53048.1,1000
2026-08-21T12:00:00Z,53048.6,53083.6,53048.6,53064.1,1387
2026-08-21T12:15:00Z,53065.6,53123.1,53063.1,53122.1,1389
2026-08-21T12:30:00Z,53122.6,53162.6,53100.1,53156.6,1756
2026-08-21T12:45:00Z,53157.1,53162.1,53113.6,53122.6,1271
2026-08-21T13:00:00Z,53124.6,53142.1,53070.6,53078.6,1979
2026-08-21T13:15:00Z,53078.1,53090.6,53042.1,53072.6,2827
2026-08-21T13:30:00Z,53069.1,53127.6,53007.6,53124.2,11162
2026-08-21T13:45:00Z,53121.2,53142.6,53073.6,53086.6,7706
2026-08-21T14:00:00Z,53084.6,53168.6,53077.2,53138.6,7119
2026-08-21T14:15:00Z,53138.2,53195.6,53124.6,53139.6,5731
2026-08-21T14:30:00Z,53140.2,53165.2,53063.6,53095.6,4568
2026-08-21T14:45:00Z,53096.2,53177.6,53087.2,53167.6,4531
2026-08-21T15:00:00Z,53167.2,53219.6,53134.6,53136.6,4007
2026-08-21T15:15:00Z,53136.2,53173.6,53131.6,53168.6,3316
2026-08-21T15:30:00Z,53168.2,53232.6,53146.2,53232.6,3783
2026-08-21T15:45:00Z,53233.2,53257.2,53209.0,53213.6,3092
2026-08-21T16:00:00Z,53214.0,53223.0,53157.6,53157.6,2769
2026-08-21T16:15:00Z,53157.0,53199.0,53126.0,53189.6,4250
2026-08-21T16:30:00Z,53189.0,53203.0,53157.0,53174.6,2246
2026-08-21T16:45:00Z,53175.0,53197.6,53155.6,53196.6,2102
2026-08-21T17:00:00Z,53198.0,53202.6,53162.6,53174.0,2007
2026-08-21T17:15:00Z,53174.6,53183.6,53167.6,53170.0,2274
2026-08-21T17:30:00Z,53170.6,53202.6,53164.0,53193.6,2017
2026-08-21T17:45:00Z,53195.0,53224.0,53188.6,53204.6,1601
2026-08-21T18:00:00Z,53206.6,53222.6,53194.0,53200.6,1774
2026-08-21T18:15:00Z,53200.0,53244.6,53196.0,53241.6,1532
2026-08-21T18:30:00Z,53241.0,53272.6,53226.0,53264.6,1493
2026-08-21T18:45:00Z,53263.0,53318.6,53255.6,53314.6,1586
2026-08-21T19:00:00Z,53316.6,53339.6,53309.6,53327.6,2117
2026-08-21T19:15:00Z,53328.0,53347.0,53297.6,53325.6,1703
2026-08-21T19:30:00Z,53325.0,53337.6,53301.6,53334.0,2121
2026-08-21T19:45:00Z,53333.6,53353.6,53275.6,53281.6,3399
2026-08-21T20:00:00Z,53284.0,53295.5,53263.0,53273.0,1230
2026-08-21T20:15:00Z,53274.0,53277.0,53252.0,53256.0,715
2026-08-21T20:30:00Z,53256.5,53275.0,53256.0,53270.5,467
2026-08-21T20:45:00Z,53270.0,53271.0,53257.0,53264.0,511
2026-08-23T22:00:00Z,53274.9,53279.4,53234.4,53249.4,1187
2026-08-23T22:15:00Z,53248.9,53250.4,53236.4,53241.4,376
2026-08-23T22:30:00Z,53240.9,53253.9,53225.9,53253.4,496
2026-08-23T22:45:00Z,53252.9,53260.9,53244.9,53257.9,450
2026-08-23T23:00:00Z,53257.4,53270.4,53253.9,53269.9,232
2026-08-23T23:15:00Z,53269.4,53288.4,53264.9,53288.4,293
2026-08-23T23:30:00Z,53285.9,53293.4,53275.9,53275.9,434
2026-08-23T23:45:00Z,53277.4,53320.4,53275.9,53320.4,556
2026-08-24T00:00:00Z,53320.9,53321.4,53270.4,53271.9,1221
2026-08-24T00:15:00Z,53271.4,53279.4,53236.9,53264.4,1695
2026-08-24T00:30:00Z,53264.9,53265.9,53229.4,53234.9,1332
2026-08-24T00:45:00Z,53234.4,53273.9,53225.9,53271.4,1008
2026-08-24T01:00:00Z,53270.9,53310.9,53270.9,53303.9,1525
2026-08-24T01:15:00Z,53303.4,53311.9,53292.9,53295.4,984
2026-08-24T01:30:00Z,53295.9,53313.4,53283.9,53310.9,1232
2026-08-24T01:45:00Z,53309.4,53325.9,53295.9,53299.4,1039
2026-08-24T02:00:00Z,53299.9,53321.4,53278.4,53318.4,1503
2026-08-24T02:15:00Z,53317.9,53327.4,53305.9,53311.4,842
2026-08-24T02:30:00Z,53310.9,53311.9,53304.4,53311.9,830
2026-08-24T02:45:00Z,53313.9,53317.9,53298.4,53317.4,727
2026-08-24T03:00:00Z,53316.9,53316.9,53286.4,53298.9,630
2026-08-24T03:15:00Z,53297.4,53309.9,53293.4,53300.4,648
2026-08-24T03:30:00Z,53300.9,53300.9,53270.4,53270.9,977
2026-08-24T03:45:00Z,53270.4,53276.4,53255.9,53261.9,727
2026-08-24T04:00:00Z,53262.4,53267.4,53251.9,53259.4,665
2026-08-24T04:15:00Z,53259.9,53260.9,53241.9,53256.4,713
2026-08-24T04:30:00Z,53256.9,53262.9,53233.4,53248.4,880
2026-08-24T04:45:00Z,53248.9,53249.4,53235.4,53235.9,603
2026-08-24T05:00:00Z,53235.4,53267.9,53235.4,53266.4,692
2026-08-24T05:15:00Z,53265.9,53266.4,53255.4,53256.4,519
2026-08-24T05:30:00Z,53254.4,53257.4,53229.4,53230.9,803
2026-08-24T05:45:00Z,53229.4,53250.4,53217.9,53248.9,819
2026-08-24T06:00:00Z,53247.4,53262.9,53238.4,53257.4,1301
2026-08-24T06:15:00Z,53256.9,53270.9,53227.4,53234.4,1277
2026-08-24T06:30:00Z,53234.9,53258.4,53232.9,53233.4,863
2026-08-24T06:45:00Z,53233.9,53254.9,53230.4,53242.4,817
2026-08-24T07:00:00Z,53241.9,53270.4,53238.4,53258.9,1542
2026-08-24T07:15:00Z,53258.4,53268.9,53234.4,53234.9,840
2026-08-24T07:30:00Z,53234.4,53257.4,53218.4,53219.4,1027
2026-08-24T07:45:00Z,53220.9,53238.9,53211.4,53216.4,1222
2026-08-24T08:00:00Z,53217.9,53296.4,53211.4,53252.4,2276
2026-08-24T08:15:00Z,53251.9,53277.4,53247.9,53269.9,1335
2026-08-24T08:30:00Z,53270.4,53315.9,53268.9,53306.4,1188
2026-08-24T08:45:00Z,53306.9,53316.9,53295.4,53295.9,940
2026-08-24T09:00:00Z,53296.4,53308.9,53283.9,53297.4,1032
2026-08-24T09:15:00Z,53299.4,53300.9,53267.4,53273.4,801
2026-08-24T09:30:00Z,53272.9,53281.9,53261.4,53270.9,1066
2026-08-24T09:45:00Z,53271.4,53278.9,53263.4,53272.4,816
2026-08-24T10:00:00Z,53271.9,53276.4,53249.9,53254.4,791
2026-08-24T10:15:00Z,53254.9,53266.4,53247.9,53253.9,661
2026-08-24T10:30:00Z,53253.4,53270.4,53232.9,53235.4,1071
2026-08-24T10:45:00Z,53234.9,53238.4,53191.4,53191.9,1267
2026-08-24T11:00:00Z,53193.4,53198.9,53146.4,53162.4,1590
2026-08-24T11:15:00Z,53160.9,53168.4,53142.4,53161.9,1310
2026-08-24T11:30:00Z,53162.4,53256.4,53161.4,53230.9,4226
2026-08-24T11:45:00Z,53231.4,53234.4,53202.4,53234.4,1338
2026-08-24T12:00:00Z,53233.9,53245.4,53212.9,53237.9,1187
2026-08-24T12:15:00Z,53237.4,53264.9,53223.4,53259.4,1308
2026-08-24T12:30:00Z,53257.4,53266.4,53178.9,53222.9,3292
2026-08-24T12:45:00Z,53223.4,53237.9,53213.9,53227.4,1470
2026-08-24T13:00:00Z,53225.4,53247.4,53195.9,53199.4,1405
2026-08-24T13:15:00Z,53199.9,53246.4,53187.4,53234.9,1510
2026-08-24T13:30:00Z,53235.4,53398.0,53232.9,53323.0,14249
2026-08-24T13:45:00Z,53322.4,53474.4,53321.0,53426.4,10772
2026-08-24T14:00:00Z,53427.0,53477.0,53373.4,53407.0,7439
2026-08-24T14:15:00Z,53407.4,53435.0,53390.0,53413.4,6062
2026-08-24T14:30:00Z,53413.0,53444.4,53382.0,53392.0,5271
2026-08-24T14:45:00Z,53389.0,53430.4,53385.4,53414.0,4075
2026-08-24T15:00:00Z,53415.4,53417.4,53339.0,53348.0,4146
2026-08-24T15:15:00Z,53346.4,53454.6,53325.0,53433.0,4075
2026-08-24T15:30:00Z,53432.6,53451.0,53404.6,53422.0,4818
2026-08-24T15:45:00Z,53422.6,53449.6,53414.6,53448.0,3096
2026-08-24T16:00:00Z,53448.6,53503.0,53439.0,53448.0,3639
2026-08-24T16:15:00Z,53447.6,53471.0,53432.0,53444.6,2223
2026-08-24T16:30:00Z,53444.0,53451.6,53384.0,53393.6,2006
2026-08-24T16:45:00Z,53394.0,53401.0,53380.6,53391.0,1798
2026-08-24T17:00:00Z,53391.6,53421.0,53371.6,53402.0,3303
2026-08-24T17:15:00Z,53405.0,53419.0,53326.0,53328.0,4136
2026-08-24T17:30:00Z,53330.0,53343.0,53312.0,53314.0,2548
2026-08-24T17:45:00Z,53314.6,53349.0,53307.0,53348.0,1997
2026-08-24T18:00:00Z,53347.6,53393.0,53336.0,53392.0,2239
2026-08-24T18:15:00Z,53393.6,53439.0,53388.6,53438.6,2599
2026-08-24T18:30:00Z,53436.6,53455.6,53409.0,53427.6,2079
2026-08-24T18:45:00Z,53427.0,53447.0,53417.0,53427.0,1533
2026-08-24T19:00:00Z,53426.6,53454.6,53421.0,53452.0,1641
2026-08-24T19:15:00Z,53452.6,53463.0,53433.0,53441.0,1263
2026-08-24T19:30:00Z,53441.6,53455.6,53433.6,53449.0,1639
2026-08-24T19:45:00Z,53449.6,53466.6,53420.6,53427.0,3179
2026-08-24T20:00:00Z,53425.6,53442.5,53418.5,53436.0,881
2026-08-24T20:15:00Z,53435.5,53442.5,53427.5,53431.5,353
2026-08-24T20:30:00Z,53431.0,53452.5,53426.5,53448.5,258
2026-08-24T20:45:00Z,53449.0,53464.5,53443.0,53462.0,322
2026-08-24T22:00:00Z,53458.5,53464.5,53447.5,53457.5,714
2026-08-24T22:15:00Z,53458.0,53461.0,53450.5,53454.5,206
2026-08-24T22:30:00Z,53454.0,53458.5,53438.0,53447.0,218
2026-08-24T22:45:00Z,53448.0,53461.0,53448.0,53456.5,137
2026-08-24T23:00:00Z,53458.0,53461.0,53452.0,53456.5,152
2026-08-24T23:15:00Z,53456.0,53456.0,53438.0,53441.5,259
2026-08-24T23:30:00Z,53441.0,53442.5,53417.5,53420.5,374
2026-08-24T23:45:00Z,53420.0,53429.0,53415.0,53428.5,376
2026-08-25T00:00:00Z,53427.0,53437.0,53405.5,53412.5,712
2026-08-25T00:15:00Z,53412.0,53417.0,53391.5,53415.5,1085
2026-08-25T00:30:00Z,53415.0,53428.0,53409.5,53423.0,864
2026-08-25T00:45:00Z,53421.5,53434.5,53417.0,53420.5,644
2026-08-25T01:00:00Z,53420.0,53426.0,53408.5,53420.0,647
2026-08-25T01:15:00Z,53419.5,53435.0,53417.5,53420.5,355
2026-08-25T01:30:00Z,53420.0,53452.0,53419.5,53442.5,595
2026-08-25T01:45:00Z,53442.0,53448.0,53438.0,53440.0,371
2026-08-25T02:00:00Z,53440.5,53445.5,53398.0,53401.0,565
2026-08-25T02:15:00Z,53400.5,53401.0,53377.0,53391.5,648
2026-08-25T02:30:00Z,53391.0,53417.5,53386.5,53409.0,681
2026-08-25T02:45:00Z,53409.5,53412.5,53384.5,53392.5,685
2026-08-25T03:00:00Z,53392.0,53445.5,53391.5,53432.5,831
2026-08-25T03:15:00Z,53433.0,53455.5,53431.0,53450.0,728
2026-08-25T03:30:00Z,53449.5,53456.5,53437.5,53438.5,430
2026-08-25T03:45:00Z,53439.0,53439.5,53418.5,53421.0,309
2026-08-25T04:00:00Z,53420.5,53433.5,53416.5,53430.5,361
2026-08-25T04:15:00Z,53429.0,53429.5,53411.5,53412.0,239
2026-08-25T04:30:00Z,53411.5,53423.0,53410.5,53416.0,279
2026-08-25T04:45:00Z,53417.5,53420.0,53396.5,53404.5,379
2026-08-25T05:00:00Z,53405.0,53425.5,53402.5,53422.0,439
2026-08-25T05:15:00Z,53422.5,53433.0,53418.0,53418.0,371
2026-08-25T05:30:00Z,53418.5,53425.5,53412.5,53414.0,377
2026-08-25T05:45:00Z,53412.5,53437.0,53409.5,53432.0,456
2026-08-25T06:00:00Z,53433.5,53453.0,53427.0,53442.5,818
2026-08-25T06:15:00Z,53443.0,53482.0,53435.5,53475.5,699
2026-08-25T06:30:00Z,53476.0,53497.0,53464.0,53495.5,719
2026-08-25T06:45:00Z,53495.0,53529.0,53490.0,53528.0,711
2026-08-25T07:00:00Z,53527.5,53547.0,53489.0,53503.0,1602
2026-08-25T07:15:00Z,53503.5,53513.5,53447.0,53465.5,1173
2026-08-25T07:30:00Z,53465.0,53490.5,53460.5,53486.5,893
2026-08-25T07:45:00Z,53487.0,53488.5,53449.5,53462.5,1060
2026-08-25T08:00:00Z,53462.0,53470.0,53440.0,53456.5,1464
2026-08-25T08:15:00Z,53457.0,53584.0,53456.5,53520.5,4226
2026-08-25T08:30:00Z,53521.0,53565.0,53512.5,53535.0,2693
2026-08-25T08:45:00Z,53535.5,53566.5,53533.5,53566.5,1414
2026-08-25T09:00:00Z,53566.0,53608.5,53553.5,53591.5,1383
2026-08-25T09:15:00Z,53591.0,53610.0,53586.5,53605.5,1386
2026-08-25T09:30:00Z,53606.0,53680.5,53602.0,53651.5,3101
2026-08-25T09:45:00Z,53651.0,53704.0,53647.0,53686.5,1506
2026-08-25T10:00:00Z,53685.0,53698.0,53659.5,53678.5,1069
2026-08-25T10:15:00Z,53679.0,53680.5,53659.0,53660.5,775
2026-08-25T10:30:00Z,53662.5,53663.5,53632.5,53632.5,838
2026-08-25T10:45:00Z,53632.0,53657.5,53630.5,53656.5,864
2026-08-25T11:00:00Z,53657.0,53659.0,53603.5,53631.0,1162
2026-08-25T11:15:00Z,53630.5,53642.5,53625.0,53640.5,1028
2026-08-25T11:30:00Z,53641.0,53691.5,53641.0,53689.0,897
2026-08-25T11:45:00Z,53688.5,53725.5,53687.5,53721.5,1302
2026-08-25T12:00:00Z,53722.0,53732.0,53674.5,53683.5,1532
2026-08-25T12:15:00Z,53683.0,53711.0,53680.0,53706.5,1253
2026-08-25T12:30:00Z,53706.0,53707.0,53625.5,53629.0,1214
2026-08-25T12:45:00Z,53628.5,53668.5,53625.0,53658.5,865
2026-08-25T13:00:00Z,53659.0,53671.5,53638.0,53662.5,1942
2026-08-25T13:15:00Z,53663.0,53699.0,53642.5,53685.0,1618
2026-08-25T13:30:00Z,53686.5,53707.0,53459.0,53472.6,13620
2026-08-25T13:45:00Z,53473.0,53485.6,53410.6,53433.0,7937
2026-08-25T14:00:00Z,53431.6,53481.0,53416.0,53479.0,6728
2026-08-25T14:15:00Z,53478.6,53509.6,53470.0,53478.6,4614
2026-08-25T14:30:00Z,53478.0,53493.0,53365.6,53434.0,5757
2026-08-25T14:45:00Z,53432.6,53466.0,53406.0,53456.0,3757
2026-08-25T15:00:00Z,53455.6,53493.0,53443.0,53466.0,3529
2026-08-25T15:15:00Z,53465.6,53501.0,53447.6,53469.6,2772
2026-08-25T15:30:00Z,53470.0,53498.6,53438.0,53479.0,4248
2026-08-25T15:45:00Z,53479.6,53547.0,53463.6,53534.0,2884
2026-08-25T16:00:00Z,53534.6,53554.6,53489.6,53499.0,2240
2026-08-25T16:15:00Z,53498.6,53503.6,53469.0,53500.6,1816
2026-08-25T16:30:00Z,53500.0,53530.6,53497.0,53519.0,1674
2026-08-25T16:45:00Z,53519.6,53546.6,53500.6,53534.0,1662
2026-08-25T17:00:00Z,53533.6,53534.0,53483.0,53498.0,2096
2026-08-25T17:15:00Z,53497.6,53514.0,53479.0,53489.0,1590
2026-08-25T17:30:00Z,53490.6,53525.0,53485.0,53512.0,1610
2026-08-25T17:45:00Z,53511.6,53543.0,53507.6,53529.0,1162
2026-08-25T18:00:00Z,53528.6,53544.6,53520.0,53532.6,1335
2026-08-25T18:15:00Z,53533.0,53544.8,53527.0,53538.8,1093
2026-08-25T18:30:00Z,53539.4,53572.8,53538.8,53572.8,1237
2026-08-25T18:45:00Z,53573.4,53594.4,53569.4,53586.8,1425
2026-08-25T19:00:00Z,53587.4,53595.4,53545.8,53548.8,1403
2026-08-25T19:15:00Z,53548.4,53579.8,53541.8,53576.8,1305
2026-08-25T19:30:00Z,53576.4,53606.4,53569.8,53595.8,1424
2026-08-25T19:45:00Z,53593.8,53618.8,53571.8,53581.8,2989
2026-08-25T20:00:00Z,53582.4,53600.8,53577.3,53595.3,868
2026-08-25T20:15:00Z,53595.8,53608.8,53588.8,53601.3,384
2026-08-25T20:30:00Z,53601.8,53612.8,53596.3,53597.3,192
2026-08-25T20:45:00Z,53596.8,53596.8,53581.3,53584.3,220
2026-08-25T22:00:00Z,53581.3,53586.8,53567.3,53569.3,670
2026-08-25T22:15:00Z,53569.8,53582.8,53568.8,53581.3,166
2026-08-25T22:30:00Z,53580.8,53587.3,53580.3,53583.3,197
2026-08-25T22:45:00Z,53583.8,53585.8,53578.8,53581.8,275
2026-08-25T23:00:00Z,53581.8,53586.3,53576.3,53577.8,138
2026-08-25T23:15:00Z,53578.3,53578.8,53566.3,53571.3,177
2026-08-25T23:30:00Z,53571.8,53574.3,53556.3,53558.3,344
2026-08-25T23:45:00Z,53557.8,53558.8,53539.8,53555.3,1247
2026-08-26T00:00:00Z,53554.8,53577.8,53548.3,53558.3,2822
2026-08-26T00:15:00Z,53558.8,53577.8,53557.8,53567.8,1508
2026-08-26T00:30:00Z,53567.3,53570.3,53557.3,53564.8,1317
2026-08-26T00:45:00Z,53564.3,53573.8,53562.3,53565.3,1202
2026-08-26T01:00:00Z,53565.8,53615.8,53565.3,53611.8,895
2026-08-26T01:15:00Z,53612.3,53613.3,53573.3,53573.8,655
2026-08-26T01:30:00Z,53575.8,53578.8,53548.3,53556.3,1275
2026-08-26T01:45:00Z,53555.8,53561.3,53545.8,53559.3,1506
2026-08-26T02:00:00Z,53559.8,53571.3,53547.8,53558.3,1059
2026-08-26T02:15:00Z,53557.8,53570.3,53553.8,53569.3,785
2026-08-26T02:30:00Z,53568.8,53603.8,53568.8,53602.8,912
2026-08-26T02:45:00Z,53602.3,53622.3,53597.8,53605.8,1079
2026-08-26T03:00:00Z,53606.3,53619.8,53596.8,53618.8,1074
2026-08-26T03:15:00Z,53619.3,53619.8,53606.8,53611.3,780
2026-08-26T03:30:00Z,53610.8,53628.3,53606.3,53625.8,1318
2026-08-26T03:45:00Z,53626.3,53636.8,53618.8,53618.8,1067
2026-08-26T04:00:00Z,53619.3,53628.3,53613.3,53621.3,812
2026-08-26T04:15:00Z,53621.8,53622.3,53611.8,53611.8,795
2026-08-26T04:30:00Z,53612.3,53612.8,53595.8,53596.8,493
2026-08-26T04:45:00Z,53594.3,53595.3,53564.3,53571.8,741
2026-08-26T05:00:00Z,53572.3,53605.8,53572.3,53598.3,930
2026-08-26T05:15:00Z,53597.8,53599.3,53577.3,53591.8,857
2026-08-26T05:30:00Z,53592.3,53595.8,53574.8,53585.8,1089
2026-08-26T05:45:00Z,53585.3,53587.3,53574.3,53584.8,1021
2026-08-26T06:00:00Z,53584.3,53597.3,53563.3,53588.8,1412
2026-08-26T06:15:00Z,53588.3,53602.3,53582.3,53591.3,1346
2026-08-26T06:30:00Z,53590.8,53637.3,53583.3,53635.8,1220
2026-08-26T06:45:00Z,53635.3,53643.8,53613.3,53630.3,971
2026-08-26T07:00:00Z,53629.8,53630.3,53591.8,53626.3,1945
2026-08-26T07:15:00Z,53625.8,53630.8,53582.3,53587.8,1812
2026-08-26T07:30:00Z,53587.3,53599.3,53569.8,53597.3,1900
2026-08-26T07:45:00Z,53597.8,53640.8,53595.8,53639.8,1751
2026-08-26T08:00:00Z,53639.3,53656.3,53619.8,53630.8,1547
2026-08-26T08:15:00Z,53631.8,53654.3,53614.3,53650.3,1925
2026-08-26T08:30:00Z,53650.8,53657.8,53627.8,53647.3,1554
2026-08-26T08:45:00Z,53647.8,53661.3,53627.8,53645.3,1368
2026-08-26T09:00:00Z,53644.8,53656.3,53626.8,53628.3,2022
2026-08-26T09:15:00Z,53627.8,53639.8,53609.8,53619.3,1747
2026-08-26T09:30:00Z,53620.8,53639.3,53618.8,53627.3,1256
2026-08-26T09:45:00Z,53626.8,53642.8,53617.3,53627.8,1208
2026-08-26T10:00:00Z,53626.3,53630.3,53596.3,53600.8,1095
2026-08-26T10:15:00Z,53601.3,53608.3,53581.3,53581.8,1293
2026-08-26T10:30:00Z,53583.3,53628.8,53573.3,53600.8,1287
2026-08-26T10:45:00Z,53600.3,53602.3,53576.8,53584.3,1028
2026-08-26T11:00:00Z,53583.8,53603.8,53577.8,53598.8,1846
2026-08-26T11:15:00Z,53599.3,53631.3,53597.3,53618.3,1824
2026-08-26T11:30:00Z,53617.8,53635.3,53597.3,53611.8,2075
2026-08-26T11:45:00Z,53612.3,53615.8,53589.3,53605.3,1775
2026-08-26T12:00:00Z,53604.8,53646.8,53593.3,53643.8,1667
2026-08-26T12:15:00Z,53643.3,53714.8,53633.8,53714.8,1802
2026-08-26T12:30:00Z,53715.8,53715.8,53587.3,53597.3,6189
2026-08-26T12:45:00Z,53597.8,53625.3,53567.8,53572.3,4397
2026-08-26T13:00:00Z,53572.8,53594.3,53561.3,53583.3,2918
2026-08-26T13:15:00Z,53583.8,53610.3,53566.8,53591.3,2631
2026-08-26T13:30:00Z,53591.4,53650.4,53500.4,53625.4,13099
2026-08-26T13:45:00Z,53624.8,53639.4,53524.8,53604.4,8271
2026-08-26T14:00:00Z,53606.4,53608.4,53547.8,53557.4,6510
2026-08-26T14:15:00Z,53557.8,53562.4,53447.4,53455.8,6631
2026-08-26T14:30:00Z,53452.8,53510.8,53438.8,53489.8,5613
2026-08-26T14:45:00Z,53490.4,53493.8,53446.8,53466.4,4784
2026-08-26T15:00:00Z,53466.8,53506.8,53461.8,53484.8,3804
2026-08-26T15:15:00Z,53484.4,53487.8,53442.8,53449.8,4097
2026-08-26T15:30:00Z,53451.4,53474.4,53412.8,53472.8,4066
2026-08-26T15:45:00Z,53473.4,53498.4,53440.4,53474.6,4816
2026-08-26T16:00:00Z,53475.0,53482.0,53443.0,53443.0,3915
2026-08-26T16:15:00Z,53443.6,53450.6,53421.0,53430.0,2349
2026-08-26T16:30:00Z,53430.6,53442.0,53383.6,53392.0,2945
2026-08-26T16:45:00Z,53391.6,53427.0,53383.0,53424.6,3373
2026-08-26T17:00:00Z,53424.0,53449.6,53415.0,53448.0,2664
2026-08-26T17:15:00Z,53450.0,53489.0,53450.0,53487.0,2306
2026-08-26T17:30:00Z,53487.6,53498.0,53459.0,53470.0,2558
2026-08-26T17:45:00Z,53471.6,53475.6,53453.0,53461.0,1949
2026-08-26T18:00:00Z,53461.6,53467.6,53446.0,53455.0,2197
2026-08-26T18:15:00Z,53453.6,53480.0,53443.0,53445.6,1858
2026-08-26T18:30:00Z,53445.0,53460.0,53432.6,53457.6,1613
2026-08-26T18:45:00Z,53458.0,53487.6,53456.6,53478.0,1802
2026-08-26T19:00:00Z,53477.6,53523.6,53477.0,53503.6,2418
2026-08-26T19:15:00Z,53503.0,53526.6,53500.6,53516.6,1803
2026-08-26T19:30:00Z,53517.0,53533.0,53503.0,53526.6,2321
2026-08-26T19:45:00Z,53526.0,53540.6,53456.6,53483.6,3724
2026-08-26T20:00:00Z,53483.0,53632.5,53480.0,53615.0,3302
2026-08-26T20:15:00Z,53615.5,53663.0,53611.0,53660.5,5380
2026-08-26T20:30:00Z,53661.0,53663.5,53636.0,53648.0,2416
2026-08-26T20:45:00Z,53648.5,53677.0,53642.5,53675.5,1620
2026-08-26T22:00:00Z,53641.5,53692.0,53641.5,53689.5,1803
2026-08-26T22:15:00Z,53690.0,53741.0,53685.5,53739.0,1070
2026-08-26T22:30:00Z,53737.5,53764.5,53734.5,53759.5,773
2026-08-26T22:45:00Z,53759.0,53761.0,53721.5,53723.0,651
2026-08-26T23:00:00Z,53722.5,53727.5,53714.0,53725.0,394
2026-08-26T23:15:00Z,53725.5,53727.0,53709.5,53713.5,299
2026-08-26T23:30:00Z,53715.0,53722.0,53709.5,53709.5,259
2026-08-26T23:45:00Z,53707.5,53716.5,53696.0,53713.0,747
2026-08-27T00:00:00Z,53712.5,53717.0,53681.0,53705.0,1039
2026-08-27T00:15:00Z,53704.5,53724.5,53693.0,53711.0,857
2026-08-27T00:30:00Z,53710.5,53711.0,53666.0,53668.5,850
2026-08-27T00:45:00Z,53669.0,53675.0,53630.5,53635.5,1602
2026-08-27T01:00:00Z,53636.0,53656.5,53628.5,53649.5,1731
2026-08-27T01:15:00Z,53650.0,53669.0,53636.0,53668.5,996
2026-08-27T01:30:00Z,53669.0,53673.5,53636.0,53637.5,1072
2026-08-27T01:45:00Z,53638.0,53659.0,53636.0,53643.5,875
2026-08-27T02:00:00Z,53643.0,53664.5,53642.0,53662.5,755
2026-08-27T02:15:00Z,53661.0,53661.0,53647.0,53652.5,502
2026-08-27T02:30:00Z,53652.0,53661.0,53649.0,53653.5,473
2026-08-27T02:45:00Z,53654.0,53663.5,53653.5,53659.0,357
2026-08-27T03:00:00Z,53658.5,53658.5,53643.5,53652.5,392
2026-08-27T03:15:00Z,53653.0,53670.5,53650.5,53669.5,436
2026-08-27T03:30:00Z,53668.0,53674.0,53656.0,53656.5,515
2026-08-27T03:45:00Z,53657.0,53663.5,53643.0,53645.5,503
2026-08-27T04:00:00Z,53645.0,53648.5,53641.0,53644.5,381
2026-08-27T04:15:00Z,53646.5,53647.5,53625.0,53625.0,334
2026-08-27T04:30:00Z,53624.5,53624.5,53604.5,53611.5,469
2026-08-27T04:45:00Z,53612.0,53618.0,53604.0,53613.5,398
2026-08-27T05:00:00Z,53614.0,53618.5,53577.0,53583.0,601
2026-08-27T05:15:00Z,53582.5,53594.0,53573.5,53581.5,692
2026-08-27T05:30:00Z,53581.0,53582.5,53556.5,53557.5,795
2026-08-27T05:45:00Z,53557.0,53572.5,53554.5,53572.0,688
2026-08-27T06:00:00Z,53572.5,53577.5,53551.5,53571.5,1192
2026-08-27T06:15:00Z,53570.0,53591.0,53570.0,53579.0,819
2026-08-27T06:30:00Z,53578.5,53600.5,53577.5,53597.5,886
2026-08-27T06:45:00Z,53597.0,53614.5,53593.0,53611.5,780
2026-08-27T07:00:00Z,53611.0,53612.5,53574.0,53599.0,2054
2026-08-27T07:15:00Z,53599.5,53604.0,53573.5,53586.0,1411
2026-08-27T07:30:00Z,53586.5,53596.5,53570.5,53580.0,1463
2026-08-27T07:45:00Z,53580.5,53600.0,53576.0,53587.0,1333
2026-08-27T08:00:00Z,53587.5,53614.5,53566.0,53591.0,1691
2026-08-27T08:15:00Z,53590.5,53591.5,53539.5,53545.0,1615
2026-08-27T08:30:00Z,53544.5,53548.0,53493.0,53496.0,1516
2026-08-27T08:45:00Z,53495.5,53509.5,53465.0,53466.5,1186
2026-08-27T09:00:00Z,53467.0,53469.0,53420.5,53437.0,1817
2026-08-27T09:15:00Z,53437.5,53482.0,53428.0,53480.0,1350
2026-08-27T09:30:00Z,53480.5,53495.5,53467.5,53470.0,1088
2026-08-27T09:45:00Z,53471.5,53478.0,53449.5,53451.0,1170
2026-08-27T10:00:00Z,53451.5,53453.0,53418.0,53426.0,1414
2026-08-27T10:15:00Z,53426.5,53441.0,53399.5,53417.0,971
2026-08-27T10:30:00Z,53417.5,53431.0,53402.0,53429.0,1032
2026-08-27T10:45:00Z,53429.5,53451.5,53418.5,53451.5,1126
2026-08-27T11:00:00Z,53448.0,53456.5,53423.0,53445.0,1731
2026-08-27T11:15:00Z,53445.5,53464.5,53438.5,53442.5,1230
2026-08-27T11:30:00Z,53442.0,53462.0,53422.0,53442.0,2151
2026-08-27T11:45:00Z,53440.5,53476.0,53418.5,53474.5,1810
2026-08-27T12:00:00Z,53471.5,53476.5,53456.5,53462.5,1616
2026-08-27T12:15:00Z,53462.0,53462.5,53426.5,53435.0,1567
2026-08-27T12:30:00Z,53437.5,53446.0,53370.5,53372.5,1184
2026-08-27T12:45:00Z,53373.0,53384.0,53344.0,53345.0,1104
2026-08-27T13:00:00Z,53345.5,53374.5,53319.5,53342.5,1921
2026-08-27T13:15:00Z,53342.0,53428.5,53340.0,53413.5,1865
2026-08-27T13:30:00Z,53412.5,53550.6,53340.0,53499.0,13077
2026-08-27T13:45:00Z,53498.6,53527.0,53454.0,53470.6,11249
2026-08-27T14:00:00Z,53471.0,53482.0,53396.0,53422.6,9207
2026-08-27T14:15:00Z,53423.0,53494.6,53417.6,53480.6,5815
2026-08-27T14:30:00Z,53480.0,53602.6,53464.6,53597.6,5283
2026-08-27T14:45:00Z,53597.0,53648.0,53591.0,53604.0,4557
2026-08-27T15:00:00Z,53603.6,53662.6,53591.6,53660.0,3481
2026-08-27T15:15:00Z,53659.6,53721.4,53655.0,53660.8,3468
2026-08-27T15:30:00Z,53660.4,53664.4,53606.4,53611.8,4269
2026-08-27T15:45:00Z,53614.4,53665.8,53601.4,53630.8,3374
2026-08-27T16:00:00Z,53631.4,53637.4,53599.8,53625.8,2845
2026-08-27T16:15:00Z,53625.4,53653.4,53619.4,53651.8,2176
2026-08-27T16:30:00Z,53651.4,53682.4,53643.8,53675.8,2089
2026-08-27T16:45:00Z,53676.4,53696.4,53662.4,53690.4,1828
2026-08-27T17:00:00Z,53690.8,53696.4,53661.4,53674.8,1874
2026-08-27T17:15:00Z,53676.8,53685.8,53662.8,53669.8,1681
2026-08-27T17:30:00Z,53671.4,53692.4,53666.8,53671.8,1611
2026-08-27T17:45:00Z,53672.4,53673.8,53618.4,53621.8,2243
2026-08-27T18:00:00Z,53623.4,53629.8,53540.4,53563.4,3606
2026-08-27T18:15:00Z,53563.8,53580.8,53519.4,53530.8,3400
2026-08-27T18:30:00Z,53533.4,53560.8,53525.4,53544.8,2811
2026-08-27T18:45:00Z,53545.4,53571.4,53514.8,53533.4,2617
2026-08-27T19:00:00Z,53532.8,53569.8,53531.8,53548.8,2349
2026-08-27T19:15:00Z,53549.4,53558.8,53519.8,53529.8,2144
2026-08-27T19:30:00Z,53530.4,53561.4,53527.8,53560.8,2245
2026-08-27T19:45:00Z,53558.4,53598.4,53540.4,53577.4,3336
2026-08-27T20:00:00Z,53577.8,53589.8,53561.3,53567.3,1455
2026-08-27T20:15:00Z,53569.3,53575.8,53551.8,53559.3,430
2026-08-27T20:30:00Z,53560.8,53563.3,53554.8,53556.3,347
2026-08-27T20:45:00Z,53556.8,53563.8,53553.3,53559.3,338
2026-08-27T22:00:00Z,53560.3,53563.8,53539.8,53555.3,824
2026-08-27T22:15:00Z,53557.3,53561.8,53547.8,53553.3,346
2026-08-27T22:30:00Z,53552.8,53555.8,53549.3,53551.8,208
2026-08-27T22:45:00Z,53551.3,53556.3,53547.8,53551.8,198
2026-08-27T23:00:00Z,53552.3,53559.3,53548.3,53551.3,230
2026-08-27T23:15:00Z,53551.8,53552.3,53544.8,53545.3,151
2026-08-27T23:30:00Z,53545.8,53547.8,53539.8,53543.3,259
2026-08-27T23:45:00Z,53543.8,53543.8,53527.3,53536.8,634
2026-08-28T00:00:00Z,53537.3,53563.3,53532.3,53561.3,1254
2026-08-28T00:15:00Z,53561.8,53574.8,53553.3,53574.8,809
2026-08-28T00:30:00Z,53574.3,53587.8,53566.8,53584.3,555
2026-08-28T00:45:00Z,53583.8,53598.8,53580.8,53597.3,657
2026-08-28T01:00:00Z,53596.8,53622.3,53596.8,53616.8,469
2026-08-28T01:15:00Z,53617.3,53619.8,53606.3,53617.3,329
2026-08-28T01:30:00Z,53616.8,53626.3,53608.8,53615.3,605
2026-08-28T01:45:00Z,53615.8,53650.8,53615.8,53650.8,456
2026-08-28T02:00:00Z,53652.8,53678.3,53649.8,53672.3,784
2026-08-28T02:15:00Z,53671.8,53684.8,53670.8,53674.3,486
2026-08-28T02:30:00Z,53673.8,53675.8,53646.8,53646.8,665
2026-08-28T02:45:00Z,53647.3,53647.3,53630.8,53644.8,437
2026-08-28T03:00:00Z,53646.3,53671.8,53644.3,53666.8,690
2026-08-28T03:15:00Z,53666.3,53679.3,53663.8,53670.8,473
2026-08-28T03:30:00Z,53671.3,53672.3,53631.3,53633.3,619
2026-08-28T03:45:00Z,53632.8,53651.3,53630.3,53647.8,649
2026-08-28T04:00:00Z,53647.3,53649.8,53627.3,53646.3,630
2026-08-28T04:15:00Z,53646.8,53649.3,53638.3,53639.3,538
2026-08-28T04:30:00Z,53638.8,53643.3,53631.8,53637.8,442
2026-08-28T04:45:00Z,53638.3,53639.3,53629.3,53633.3,502
2026-08-28T05:00:00Z,53633.8,53635.8,53624.3,53626.3,666
2026-08-28T05:15:00Z,53625.8,53629.8,53617.3,53622.3,530
2026-08-28T05:30:00Z,53620.8,53631.8,53611.3,53622.3,772
2026-08-28T05:45:00Z,53620.8,53624.3,53606.8,53606.8,561
2026-08-28T06:00:00Z,53606.3,53634.8,53597.8,53629.3,1198
2026-08-28T06:15:00Z,53628.8,53652.8,53622.8,53625.3,1155
2026-08-28T06:30:00Z,53625.8,53684.3,53625.3,53680.3,1717
2026-08-28T06:45:00Z,53678.3,53698.3,53675.3,53697.3,1226
2026-08-28T07:00:00Z,53696.8,53706.8,53670.3,53691.3,2137
2026-08-28T07:15:00Z,53690.8,53702.8,53685.8,53691.3,1313
2026-08-28T07:30:00Z,53691.8,53707.3,53674.3,53682.3,1146
2026-08-28T07:45:00Z,53682.8,53704.8,53681.3,53692.8,1189
2026-08-28T08:00:00Z,53692.3,53693.8,53661.3,53680.3,1865
2026-08-28T08:15:00Z,53681.8,53684.8,53663.8,53675.8,1666
2026-08-28T08:30:00Z,53676.3,53713.8,53670.3,53680.3,1108
2026-08-28T08:45:00Z,53679.8,53681.3,53638.3,53655.8,1071
2026-08-28T09:00:00Z,53656.3,53659.8,53629.8,53637.3,1148
2026-08-28T09:15:00Z,53636.8,53653.3,53617.8,53639.8,1299
2026-08-28T09:30:00Z,53639.3,53641.8,53623.3,53629.3,1137
2026-08-28T09:45:00Z,53628.8,53647.8,53624.8,53634.3,1215
2026-08-28T10:00:00Z,53633.8,53637.3,53612.3,53625.3,1367
2026-08-28T10:15:00Z,53624.8,53630.3,53611.8,53618.8,990
2026-08-28T10:30:00Z,53618.3,53628.8,53590.3,53592.8,1029
2026-08-28T10:45:00Z,53591.3,53600.3,53585.3,53594.8,1148
2026-08-28T11:00:00Z,53594.3,53601.3,53570.8,53594.8,1450
2026-08-28T11:15:00Z,53595.3,53605.8,53581.8,53587.8,1179
2026-08-28T11:30:00Z,53588.3,53603.3,53568.8,53578.8,1284
2026-08-28T11:45:00Z,53578.3,53616.8,53576.3,53610.3,1497
2026-08-28T12:00:00Z,53610.8,53645.3,53602.8,53644.3,1729
2026-08-28T12:15:00Z,53643.8,53678.8,53640.3,53674.8,1547
2026-08-28T12:30:00Z,53674.3,53677.3,53633.3,53674.8,1886
2026-08-28T12:45:00Z,53674.3,53687.8,53666.8,53668.3,1522
2026-08-28T13:00:00Z,53668.8,53706.8,53651.8,53659.3,2487
2026-08-28T13:15:00Z,53658.8,53701.3,53645.3,53697.8,2164
2026-08-28T13:30:00Z,53697.8,53737.4,53602.8,53619.8,12106
2026-08-28T13:45:00Z,53620.4,53691.8,53613.4,53640.8,8257
2026-08-28T14:00:00Z,53640.4,53740.8,53531.8,53570.8,15319
2026-08-28T14:15:00Z,53568.8,53639.8,53487.4,53529.4,14116
2026-08-28T14:30:00Z,53528.8,53684.8,53503.8,53671.4,11651
2026-08-28T14:45:00Z,53671.8,53761.4,53647.8,53753.4,9614
2026-08-28T15:00:00Z,53752.8,53800.8,53711.8,53738.4,8836
2026-08-28T15:15:00Z,53738.8,53820.6,53736.8,53795.6,7425
2026-08-28T15:30:00Z,53797.2,53801.2,53641.2,53647.2,9099
2026-08-28T15:45:00Z,53647.6,53688.2,53601.6,53623.6,10997
2026-08-28T16:00:00Z,53624.2,53680.6,53607.6,53609.2,9415
2026-08-28T16:15:00Z,53608.6,53625.6,53496.6,53519.2,11384
2026-08-28T16:30:00Z,53519.6,53598.6,53517.2,53550.2,8657
2026-08-28T16:45:00Z,53549.6,53595.6,53541.2,53542.2,7349
2026-08-28T17:00:00Z,53542.6,53545.2,53473.6,53529.6,9649
2026-08-28T17:15:00Z,53529.2,53536.6,53490.6,53504.6,6590
2026-08-28T17:30:00Z,53504.2,53548.6,53491.2,53528.2,5619
2026-08-28T17:45:00Z,53527.6,53551.6,53510.6,53539.6,3916
2026-08-28T18:00:00Z,53539.2,53562.2,53512.6,53515.6,4659
2026-08-28T18:15:00Z,53517.2,53544.2,53493.6,53506.2,3985
2026-08-28T18:30:00Z,53505.6,53546.2,53503.6,53535.2,3550
2026-08-28T18:45:00Z,53534.6,53541.6,53498.6,53529.2,4192
2026-08-28T19:00:00Z,53528.6,53574.2,53511.2,53570.6,4294
2026-08-28T19:15:00Z,53568.6,53581.2,53552.6,53571.6,2988
2026-08-28T19:30:00Z,53571.2,53573.2,53530.2,53560.6,3449
2026-08-28T19:45:00Z,53561.2,53577.6,53531.2,53544.6,5582
2026-08-28T20:00:00Z,53546.2,53557.6,53520.6,53527.1,2007
2026-08-28T20:15:00Z,53527.6,53530.6,53521.1,53526.6,842
2026-08-28T20:30:00Z,53526.1,53546.6,53517.6,53542.6,779
2026-08-28T20:45:00Z,53543.1,53555.6,53542.1,53553.1,829
2026-08-30T22:00:00Z,53472.6,53506.1,53406.6,53478.1,2106
2026-08-30T22:15:00Z,53478.6,53495.6,53475.1,53481.1,665
2026-08-30T22:30:00Z,53481.6,53487.6,53454.1,53460.6,992
2026-08-30T22:45:00Z,53459.6,53490.1,53459.6,53490.1,460
2026-08-30T23:00:00Z,53490.1,53492.6,53461.6,53461.6,480
2026-08-30T23:15:00Z,53462.1,53468.1,53446.1,53448.6,813
2026-08-30T23:30:00Z,53447.1,53447.1,53423.1,53437.1,1670
2026-08-30T23:45:00Z,53436.6,53442.1,53388.6,53392.6,2502
2026-08-31T00:00:00Z,53393.1,53432.1,53369.6,53425.1,1991
2026-08-31T00:15:00Z,53425.6,53449.1,53420.1,53447.1,1240
2026-08-31T00:30:00Z,53445.6,53473.6,53442.6,53458.1,1091
2026-08-31T00:45:00Z,53458.6,53468.6,53441.1,53449.1,815
2026-08-31T01:00:00Z,53449.6,53449.6,53374.1,53394.1,2047
2026-08-31T01:15:00Z,53393.6,53400.1,53365.1,53375.1,1839
2026-08-31T01:30:00Z,53376.6,53386.1,53363.1,53370.1,1545
2026-08-31T01:45:00Z,53369.6,53382.1,53363.6,53378.1,1745
2026-08-31T02:00:00Z,53377.6,53410.6,53364.6,53406.1,1930
2026-08-31T02:15:00Z,53406.6,53408.1,53362.6,53382.1,1740
2026-08-31T02:30:00Z,53383.6,53389.1,53347.1,53356.6,1923
2026-08-31T02:45:00Z,53357.1,53381.1,53348.1,53380.6,1171
2026-08-31T03:00:00Z,53381.1,53411.1,53377.1,53402.6,934
2026-08-31T03:15:00Z,53403.1,53406.6,53397.1,53401.1,638
2026-08-31T03:30:00Z,53400.6,53401.1,53381.1,53386.1,627
2026-08-31T03:45:00Z,53385.6,53393.1,53381.6,53392.1,371
2026-08-31T04:00:00Z,53392.6,53392.6,53378.6,53382.6,365
2026-08-31T04:15:00Z,53382.1,53385.1,53377.1,53383.1,326
2026-08-31T04:30:00Z,53382.6,53396.6,53372.6,53395.1,537
2026-08-31T04:45:00Z,53394.6,53413.6,53379.1,53405.1,564
2026-08-31T05:00:00Z,53404.6,53431.6,53397.1,53430.1,889
2026-08-31T05:15:00Z,53429.6,53455.6,53425.6,53436.1,826
2026-08-31T05:30:00Z,53436.6,53437.6,53384.6,53397.6,1017
2026-08-31T05:45:00Z,53398.1,53409.6,53395.1,53409.6,794
2026-08-31T06:00:00Z,53411.1,53417.1,53395.1,53413.1,947
2026-08-31T06:15:00Z,53414.6,53469.6,53414.1,53469.6,779
2026-08-31T06:30:00Z,53468.1,53474.1,53456.1,53464.6,676
2026-08-31T06:45:00Z,53464.1,53502.6,53462.1,53496.6,511
2026-08-31T07:00:00Z,53494.6,53498.6,53452.6,53475.1,1161
2026-08-31T07:15:00Z,53477.1,53486.6,53455.1,53461.1,998
2026-08-31T07:30:00Z,53461.6,53469.1,53448.1,53469.1,819
2026-08-31T07:45:00Z,53468.6,53470.1,53442.6,53462.6,715
2026-08-31T08:00:00Z,53463.1,53499.6,53437.1,53438.1,1780
2026-08-31T08:15:00Z,53438.6,53483.6,53434.1,53482.1,1362
2026-08-31T08:30:00Z,53481.6,53484.6,53462.6,53472.1,982
2026-08-31T08:45:00Z,53472.6,53492.1,53470.1,53481.1,829
2026-08-31T09:00:00Z,53479.6,53498.6,53476.1,53488.1,1063
2026-08-31T09:15:00Z,53488.6,53508.1,53484.1,53485.1,865
2026-08-31T09:30:00Z,53484.6,53487.1,53465.1,53474.1,763
2026-08-31T09:45:00Z,53473.6,53479.1,53454.6,53455.6,625
2026-08-31T10:00:00Z,53455.1,53468.1,53442.1,53455.6,1005
2026-08-31T10:15:00Z,53456.1,53461.1,53436.1,53446.1,715
2026-08-31T10:30:00Z,53445.6,53452.1,53430.1,53447.1,834
2026-08-31T10:45:00Z,53447.6,53474.6,53443.6,53470.1,771
2026-08-31T11:00:00Z,53470.6,53499.1,53470.6,53479.6,858
2026-08-31T11:15:00Z,53479.1,53484.6,53465.1,53474.1,826
2026-08-31T11:30:00Z,53473.6,53474.6,53415.1,53418.1,1077
2026-08-31T11:45:00Z,53418.6,53430.6,53401.1,53424.1,943
2026-08-31T12:00:00Z,53423.6,53475.1,53387.1,53454.1,2133
2026-08-31T12:15:00Z,53454.6,53467.1,53369.6,53376.6,2533
2026-08-31T12:30:00Z,53377.1,53389.1,53333.1,53343.1,2406
2026-08-31T12:45:00Z,53341.6,53356.6,53323.1,53350.1,1361
2026-08-31T13:00:00Z,53349.6,53417.6,53331.6,53414.6,1777
2026-08-31T13:15:00Z,53416.1,53437.6,53381.6,53390.1,1618
2026-08-31T13:30:00Z,53389.1,53389.2,53192.6,53205.6,13488
2026-08-31T13:45:00Z,53206.2,53250.2,53169.6,53202.6,8504
2026-08-31T14:00:00Z,53203.2,53229.6,53166.6,53186.6,7205
2026-08-31T14:15:00Z,53187.2,53196.6,53112.6,53115.6,6181
2026-08-31T14:30:00Z,53116.2,53218.2,53110.2,53178.2,5552
2026-08-31T14:45:00Z,53177.6,53250.6,53163.2,53208.6,4775
2026-08-31T15:00:00Z,53206.2,53243.6,53192.6,53205.6,5104
2026-08-31T15:15:00Z,53206.2,53216.6,53175.6,53206.2,3965
2026-08-31T15:30:00Z,53205.6,53250.6,53187.2,53247.0,3897
2026-08-31T15:45:00Z,53247.6,53271.0,53217.0,53222.6,3488
2026-08-31T16:00:00Z,53223.0,53232.0,53200.0,53229.0,3696
2026-08-31T16:15:00Z,53229.6,53232.6,53188.0,53223.0,2523
2026-08-31T16:30:00Z,53223.6,53234.6,53180.0,53210.0,2673
2026-08-31T16:45:00Z,53210.6,53246.0,53210.0,53227.6,1875
2026-08-31T17:00:00Z,53228.0,53243.6,53207.0,53242.0,1998
2026-08-31T17:15:00Z,53240.6,53251.0,53199.0,53204.0,1942
2026-08-31T17:30:00Z,53203.6,53233.0,53187.0,53233.0,2065
2026-08-31T17:45:00Z,53232.6,53269.6,53223.6,53251.0,2162
2026-08-31T18:00:00Z,53251.6,53276.0,53237.0,53275.6,2354
2026-08-31T18:15:00Z,53276.0,53276.0,53228.6,53240.0,1704
2026-08-31T18:30:00Z,53239.6,53251.6,53181.6,53196.0,2738
2026-08-31T18:45:00Z,53196.6,53235.6,53186.0,53227.0,2180
2026-08-31T19:00:00Z,53226.6,53243.6,53214.0,53225.0,2081
2026-08-31T19:15:00Z,53225.6,53251.0,53206.0,53249.6,1827
2026-08-31T19:30:00Z,53250.0,53286.0,53220.6,53272.0,2250
2026-08-31T19:45:00Z,53270.0,53280.0,53191.6,53210.6,5374
2026-08-31T20:00:00Z,53211.0,53259.0,53209.0,53244.5,1460
2026-08-31T20:15:00Z,53244.0,53251.5,53238.0,53250.5,316
2026-08-31T20:30:00Z,53250.0,53252.5,53241.0,53251.0,167
2026-08-31T20:45:00Z,53249.0,53250.0,53235.0,53238.5,241
2026-08-31T22:00:00Z,53192.8,53211.3,53181.3,53207.8,435
2026-08-31T22:15:00Z,53209.3,53209.8,53202.8,53207.3,189
2026-08-31T22:30:00Z,53206.8,53212.8,53205.8,53207.3,146
2026-08-31T22:45:00Z,53209.3,53212.8,53200.8,53203.3,216
2026-08-31T23:00:00Z,53203.3,53219.3,53198.3,53215.3,307
2026-08-31T23:15:00Z,53213.8,53218.8,53208.8,53217.8,167
2026-08-31T23:30:00Z,53217.3,53228.8,53214.3,53222.3,315
2026-08-31T23:45:00Z,53222.8,53224.3,53209.8,53221.3,659
2026-09-01T00:00:00Z,53222.8,53258.8,53207.3,53250.8,1418
2026-09-01T00:15:00Z,53250.3,53277.8,53244.8,53268.3,727
2026-09-01T00:30:00Z,53268.8,53268.8,53245.8,53252.3,732
2026-09-01T00:45:00Z,53252.8,53255.8,53236.8,53238.8,513
2026-09-01T01:00:00Z,53238.3,53244.8,53216.3,53231.8,1057
2026-09-01T01:15:00Z,53232.3,53233.3,53210.8,53211.8,868
2026-09-01T01:30:00Z,53210.3,53243.3,53197.8,53243.3,934
2026-09-01T01:45:00Z,53243.8,53252.8,53236.3,53246.3,957
2026-09-01T02:00:00Z,53246.8,53248.8,53219.8,53221.3,686
2026-09-01T02:15:00Z,53221.8,53223.3,53208.3,53214.3,480
