time,open,high,low,close,volume
2026-07-23T22:30:00Z,4049.985,4050.635,4048.995,4049.615,2213
2026-07-23T22:45:00Z,4049.575,4050.655,4048.665,4049.785,1454
2026-07-23T23:00:00Z,4049.78,4050.035,4047.505,4048.57,1536
2026-07-23T23:15:00Z,4048.59,4050.205,4047.155,4049.245,1286
2026-07-23T23:30:00Z,4049.16,4050.825,4047.065,4048.355,2045
2026-07-23T23:45:00Z,4048.37,4049.91,4046.71,4047.29,1786
2026-07-24T00:00:00Z,4047.33,4050.16,4041.4,4041.71,6143
2026-07-24T00:15:00Z,4041.73,4047.995,4041.375,4046.815,5700
2026-07-24T00:30:00Z,4046.855,4050.43,4045.025,4049.31,3775
2026-07-24T00:45:00Z,4049.305,4051.01,4048.56,4049.88,4510
2026-07-24T01:00:00Z,4049.89,4050.39,4039.97,4042.685,11660
2026-07-24T01:15:00Z,4042.7,4046.24,4041.645,4042.915,6714
2026-07-24T01:30:00Z,4042.88,4050.37,4041.725,4049.965,5943
2026-07-24T01:45:00Z,4049.955,4050.17,4041.49,4043.68,7418
2026-07-24T02:00:00Z,4043.64,4046.075,4041.185,4045.885,5290
2026-07-24T02:15:00Z,4045.88,4048.59,4042.665,4046.59,3724
2026-07-24T02:30:00Z,4046.585,4048.215,4041.285,4041.74,6652
2026-07-24T02:45:00Z,4041.745,4041.955,4023.07,4024.54,15935
2026-07-24T03:00:00Z,4024.535,4032.55,4023.04,4031.935,8269
2026-07-24T03:15:00Z,4031.925,4033.84,4028.295,4030.47,6139
2026-07-24T03:30:00Z,4030.465,4033.405,4030.465,4031.57,4340
2026-07-24T03:45:00Z,4031.585,4032.28,4028.475,4029.54,3521
2026-07-24T04:00:00Z,4029.52,4030.42,4027.195,4028.365,3582
2026-07-24T04:15:00Z,4028.37,4030.54,4027.715,4029.885,2595
2026-07-24T04:30:00Z,4029.925,4030.495,4026.02,4026.96,2518
2026-07-24T04:45:00Z,4026.975,4028.935,4025.72,4027.12,2341
2026-07-24T05:00:00Z,4027.13,4032.335,4025.43,4027.7,4244
2026-07-24T05:15:00Z,4027.545,4029.98,4022.495,4026.33,4629
2026-07-24T05:30:00Z,4026.31,4031.645,4024.085,4025.065,8491
2026-07-24T05:45:00Z,4025.055,4029.36,4022.06,4023.135,6262
2026-07-24T06:00:00Z,4023.195,4031.505,4023.055,4030.975,8163
2026-07-24T06:15:00Z,4030.99,4039.185,4029.29,4036.72,8153
2026-07-24T06:30:00Z,4036.73,4037.28,4033.445,4033.965,8279
2026-07-24T06:45:00Z,4033.95,4038.985,4031.79,4035.845,7406
2026-07-24T07:00:00Z,4035.855,4047.49,4035.245,4045.535,9004
2026-07-24T07:15:00Z,4045.455,4051.06,4044.125,4048.945,6898
2026-07-24T07:30:00Z,4048.955,4053.84,4045.905,4048.46,6298
2026-07-24T07:45:00Z,4048.49,4049.875,4045.98,4048.415,5334
2026-07-24T08:00:00Z,4048.435,4049.265,4045.395,4047.02,4496
2026-07-24T08:15:00Z,4046.99,4052.78,4045.28,4052.78,4516
2026-07-24T08:30:00Z,4052.775,4055.665,4049.005,4054.665,4954
2026-07-24T08:45:00Z,4054.615,4058.775,4052.33,4057.65,6229
2026-07-24T09:00:00Z,4057.645,4060.74,4053.36,4054.31,6034
2026-07-24T09:15:00Z,4054.28,4056.815,4052.59,4053.125,4329
2026-07-24T09:30:00Z,4053.1,4056.405,4051.84,4055.82,4006
2026-07-24T09:45:00Z,4055.85,4059.975,4054.79,4059.885,3446
2026-07-24T10:00:00Z,4059.935,4061.605,4057.84,4058.23,3642
2026-07-24T10:15:00Z,4058.275,4063.825,4057.635,4062.18,3925
2026-07-24T10:30:00Z,4062.165,4064.025,4058.285,4058.44,3596
2026-07-24T10:45:00Z,4058.47,4060.355,4057.165,4060.205,3432
2026-07-24T11:00:00Z,4060.2,4063.495,4058.64,4061.305,3822
2026-07-24T11:15:00Z,4061.415,4062.17,4059.28,4059.28,3015
2026-07-24T11:30:00Z,4059.18,4060.61,4055.41,4055.425,3981
2026-07-24T11:45:00Z,4055.435,4061.77,4051.49,4057.795,5238
2026-07-24T12:00:00Z,4057.81,4058.66,4052.47,4056.71,6565
2026-07-24T12:15:00Z,4056.68,4060.285,4055.0,4059.855,5025
2026-07-24T12:30:00Z,4059.835,4059.84,4052.12,4055.28,6336
2026-07-24T12:45:00Z,4055.29,4056.49,4051.815,4056.095,4633
2026-07-24T13:00:00Z,4056.07,4058.54,4044.92,4048.3,8306
2026-07-24T13:15:00Z,4048.23,4049.475,4044.81,4046.525,5942
2026-07-24T13:30:00Z,4046.515,4056.96,4044.835,4052.3,12146
2026-07-24T13:45:00Z,4051.805,4068.68,4048.555,4067.865,11089
2026-07-24T14:00:00Z,4067.86,4069.98,4057.43,4059.075,14811
2026-07-24T14:15:00Z,4059.09,4069.53,4056.115,4066.26,13016
2026-07-24T14:30:00Z,4066.245,4068.185,4059.355,4060.52,11601
2026-07-24T14:45:00Z,4060.525,4066.58,4058.64,4063.35,10040
2026-07-24T15:00:00Z,4063.4,4076.77,4061.955,4074.795,15507
2026-07-24T15:15:00Z,4074.745,4082.16,4071.96,4075.245,18730
2026-07-24T15:30:00Z,4075.26,4079.775,4071.61,4072.24,9488
2026-07-24T15:45:00Z,4072.265,4078.075,4070.93,4077.535,7358
2026-07-24T16:00:00Z,4077.575,4077.61,4074.485,4074.925,6097
2026-07-24T16:15:00Z,4074.975,4078.245,4073.56,4073.74,6272
2026-07-24T16:30:00Z,4073.73,4074.095,4066.855,4067.85,7162
2026-07-24T16:45:00Z,4067.84,4067.905,4064.285,4067.175,4264
2026-07-24T17:00:00Z,4067.18,4068.515,4062.985,4064.215,6289
2026-07-24T17:15:00Z,4064.22,4069.94,4063.645,4068.455,7328
2026-07-24T17:30:00Z,4068.365,4069.96,4066.23,4066.605,3704
2026-07-24T17:45:00Z,4066.54,4067.455,4063.16,4063.505,3119
2026-07-24T18:00:00Z,4063.555,4064.615,4061.375,4061.73,3299
2026-07-24T18:15:00Z,4061.72,4063.11,4054.985,4055.46,4472
2026-07-24T18:30:00Z,4055.52,4057.14,4051.255,4052.275,3649
2026-07-24T18:45:00Z,4052.28,4056.105,4051.945,4054.47,2959
2026-07-24T19:00:00Z,4054.52,4056.385,4052.245,4052.37,3291
2026-07-24T19:15:00Z,4052.385,4052.48,4049.38,4051.625,3439
2026-07-24T19:30:00Z,4051.6,4058.01,4051.415,4056.975,6403
2026-07-24T19:45:00Z,4057.0,4057.52,4052.865,4053.895,5088
2026-07-24T20:00:00Z,4053.875,4055.35,4052.34,4052.64,2101
2026-07-24T20:15:00Z,4052.66,4054.835,4052.155,4053.775,1616
2026-07-24T20:30:00Z,4053.755,4056.225,4051.665,4055.55,2406
2026-07-24T20:45:00Z,4055.45,4056.465,4052.28,4052.81,2527
2026-07-26T22:00:00Z,4090.16,4091.89,4086.54,4088.16,2099
2026-07-26T22:15:00Z,4088.295,4090.28,4084.03,4086.85,3196
2026-07-26T22:30:00Z,4086.675,4093.17,4085.83,4091.365,2665
2026-07-26T22:45:00Z,4091.305,4093.84,4088.955,4089.575,1912
2026-07-26T23:00:00Z,4089.795,4091.435,4084.53,4084.895,1982
2026-07-26T23:15:00Z,4084.985,4086.485,4083.8,4084.905,2260
2026-07-26T23:30:00Z,4084.865,4089.55,4084.69,4089.195,2073
2026-07-26T23:45:00Z,4089.205,4096.515,4088.415,4094.11,6904
2026-07-27T00:00:00Z,4094.105,4116.185,4093.88,4115.58,13629
2026-07-27T00:15:00Z,4115.57,4115.57,4090.64,4094.74,11808
2026-07-27T00:30:00Z,4094.715,4102.645,4093.755,4100.085,8063
2026-07-27T00:45:00Z,4100.075,4109.37,4099.075,4100.815,10000
2026-07-27T01:00:00Z,4100.83,4112.48,4100.71,4107.37,17430
2026-07-27T01:15:00Z,4107.365,4109.23,4097.13,4100.2,10970
2026-07-27T01:30:00Z,4100.22,4104.23,4098.015,4102.88,9813
2026-07-27T01:45:00Z,4102.855,4110.265,4102.855,4110.255,9117
2026-07-27T02:00:00Z,4110.3,4111.105,4103.455,4105.72,7963
2026-07-27T02:15:00Z,4105.695,4106.08,4102.065,4103.305,3997
2026-07-27T02:30:00Z,4103.3,4103.3,4095.63,4096.61,6411
2026-07-27T02:45:00Z,4096.545,4097.76,4093.75,4093.765,4084
2026-07-27T03:00:00Z,4093.68,4095.955,4089.32,4092.0,5340
2026-07-27T03:15:00Z,4092.08,4093.675,4085.435,4085.685,5533
2026-07-27T03:30:00Z,4085.555,4091.03,4085.23,4089.685,5119
2026-07-27T03:45:00Z,4089.735,4091.315,4088.725,4091.045,3025
2026-07-27T04:00:00Z,4091.055,4092.925,4088.785,4090.135,4186
2026-07-27T04:15:00Z,4090.14,4090.545,4087.08,4089.15,3896
2026-07-27T04:30:00Z,4089.115,4092.53,4089.115,4090.585,3759
2026-07-27T04:45:00Z,4090.55,4091.375,4089.32,4090.39,3228
2026-07-27T05:00:00Z,4090.395,4094.99,4088.665,4094.95,5094
2026-07-27T05:15:00Z,4094.935,4094.935,4086.22,4087.235,3840
2026-07-27T05:30:00Z,4087.1,4090.395,4085.805,4088.305,8625
2026-07-27T05:45:00Z,4088.37,4093.84,4084.49,4093.365,6763
2026-07-27T06:00:00Z,4093.33,4096.505,4091.81,4094.555,5730
2026-07-27T06:15:00Z,4094.505,4096.545,4091.36,4096.285,4371
2026-07-27T06:30:00Z,4096.24,4099.365,4094.38,4098.76,4569
2026-07-27T06:45:00Z,4098.7,4099.22,4095.21,4096.02,3257
2026-07-27T07:00:00Z,4095.98,4102.13,4095.98,4102.105,5257
2026-07-27T07:15:00Z,4102.115,4106.24,4099.96,4103.24,6105
2026-07-27T07:30:00Z,4103.27,4103.85,4096.03,4097.445,5430
2026-07-27T07:45:00Z,4097.44,4099.41,4088.635,4088.885,5446
2026-07-27T08:00:00Z,4088.98,4093.21,4087.24,4091.405,6323
2026-07-27T08:15:00Z,4091.395,4092.68,4089.155,4090.93,5131
2026-07-27T08:30:00Z,4090.925,4093.075,4087.435,4091.475,4699
2026-07-27T08:45:00Z,4091.49,4096.985,4090.99,4095.28,3389
2026-07-27T09:00:00Z,4095.215,4098.485,4093.145,4094.135,3762
2026-07-27T09:15:00Z,4094.165,4096.025,4091.26,4091.71,4474
2026-07-27T09:30:00Z,4091.675,4094.94,4090.575,4094.275,4579
2026-07-27T09:45:00Z,4094.275,4100.38,4093.8,4096.14,5146
2026-07-27T10:00:00Z,4096.12,4096.42,4086.62,4091.08,6001
2026-07-27T10:15:00Z,4091.06,4094.015,4089.37,4093.09,4429
2026-07-27T10:30:00Z,4093.085,4101.885,4093.085,4100.355,4858
2026-07-27T10:45:00Z,4100.375,4102.45,4098.94,4099.625,3727
2026-07-27T11:00:00Z,4099.66,4104.205,4097.08,4101.955,5435
2026-07-27T11:15:00Z,4101.995,4103.385,4096.94,4097.055,4374
2026-07-27T11:30:00Z,4097.115,4100.105,4094.665,4095.68,6433
2026-07-27T11:45:00Z,4095.7,4097.415,4093.695,4094.015,5034
2026-07-27T12:00:00Z,4094.03,4097.845,4086.505,4087.825,8111
2026-07-27T12:15:00Z,4087.83,4089.195,4081.835,4086.795,8296
2026-07-27T12:30:00Z,4086.725,4088.73,4083.25,4086.77,5719
2026-07-27T12:45:00Z,4086.74,4089.18,4081.73,4083.82,7059
2026-07-27T13:00:00Z,4083.875,4088.895,4080.965,4085.03,11354
2026-07-27T13:15:00Z,4085.025,4087.255,4076.035,4076.275,10353
2026-07-27T13:30:00Z,4076.32,4089.36,4075.695,4086.9,17564
2026-07-27T13:45:00Z,4086.91,4089.59,4070.495,4074.445,12737
2026-07-27T14:00:00Z,4074.48,4079.23,4071.31,4077.075,13138
2026-07-27T14:15:00Z,4077.115,4078.735,4067.27,4068.345,12724
2026-07-27T14:30:00Z,4068.335,4070.71,4065.415,4068.915,15908
2026-07-27T14:45:00Z,4068.91,4077.63,4068.91,4076.335,10951
2026-07-27T15:00:00Z,4076.315,4076.655,4071.915,4076.07,10568
2026-07-27T15:15:00Z,4076.005,4079.495,4074.675,4076.66,9227
2026-07-27T15:30:00Z,4076.69,4078.135,4072.825,4076.16,7259
2026-07-27T15:45:00Z,4076.13,4080.05,4074.8,4078.61,6397
2026-07-27T16:00:00Z,4078.62,4085.005,4077.965,4081.55,8722
2026-07-27T16:15:00Z,4081.565,4088.895,4079.84,4085.235,11827
2026-07-27T16:30:00Z,4085.26,4094.105,4085.155,4088.24,9514
2026-07-27T16:45:00Z,4088.245,4088.65,4080.915,4082.56,7476
2026-07-27T17:00:00Z,4082.565,4082.565,4070.785,4073.78,9385
2026-07-27T17:15:00Z,4073.775,4076.995,4072.47,4074.855,7864
2026-07-27T17:30:00Z,4074.865,4076.075,4072.34,4074.7,6582
2026-07-27T17:45:00Z,4074.705,4077.28,4073.445,4076.505,5987
2026-07-27T18:00:00Z,4076.51,4079.31,4076.145,4076.79,6318
2026-07-27T18:15:00Z,4076.775,4077.14,4074.3,4076.945,7447
2026-07-27T18:30:00Z,4076.955,4079.58,4073.0,4076.34,8820
2026-07-27T18:45:00Z,4076.33,4079.53,4075.065,4078.005,5743
2026-07-27T19:00:00Z,4078.04,4081.895,4076.22,4080.435,5949
2026-07-27T19:15:00Z,4080.44,4088.815,4079.505,4085.765,4048
2026-07-27T19:30:00Z,4085.77,4087.3,4083.875,4086.945,4646
2026-07-27T19:45:00Z,4086.94,4089.485,4082.505,4083.5,8945
2026-07-27T20:00:00Z,4083.535,4084.21,4081.56,4082.23,2157
2026-07-27T20:15:00Z,4082.225,4082.28,4078.3,4078.755,1758
2026-07-27T20:30:00Z,4078.79,4079.225,4075.825,4077.185,2262
2026-07-27T20:45:00Z,4077.16,4077.395,4075.325,4076.425,1116
2026-07-27T22:00:00Z,4080.685,4081.415,4076.6,4077.62,1263
2026-07-27T22:15:00Z,4077.32,4077.32,4071.16,4072.545,2445
2026-07-27T22:30:00Z,4072.585,4075.155,4072.445,4075.03,2282
2026-07-27T22:45:00Z,4075.08,4075.08,4073.725,4074.32,1732
2026-07-27T23:00:00Z,4074.22,4075.14,4071.96,4074.195,2144
2026-07-27T23:15:00Z,4074.2,4074.715,4072.2,4073.32,1790
2026-07-27T23:30:00Z,4073.27,4073.755,4071.73,4072.17,1479
2026-07-27T23:45:00Z,4072.21,4073.455,4070.035,4073.385,4731
2026-07-28T00:00:00Z,4073.365,4074.26,4062.11,4067.08,9049
2026-07-28T00:15:00Z,4067.07,4067.495,4059.245,4062.08,7298
2026-07-28T00:30:00Z,4062.145,4066.405,4060.675,4065.67,6209
2026-07-28T00:45:00Z,4065.65,4065.73,4057.665,4058.245,7071
2026-07-28T01:00:00Z,4058.23,4060.43,4053.975,4058.185,14811
2026-07-28T01:15:00Z,4058.17,4059.215,4046.57,4047.57,9335
2026-07-28T01:30:00Z,4047.535,4050.58,4043.46,4048.985,10150
2026-07-28T01:45:00Z,4049.015,4049.04,4042.77,4045.23,7812
2026-07-28T02:00:00Z,4045.245,4047.745,4042.555,4046.54,7033
2026-07-28T02:15:00Z,4046.3,4049.215,4045.41,4046.26,5615
2026-07-28T02:30:00Z,4046.235,4048.095,4041.645,4044.425,6953
2026-07-28T02:45:00Z,4044.4,4045.715,4040.935,4042.115,5528
2026-07-28T03:00:00Z,4042.11,4047.465,4040.455,4045.96,4957
2026-07-28T03:15:00Z,4045.965,4049.48,4045.425,4047.83,4486
2026-07-28T03:30:00Z,4047.825,4051.24,4047.41,4048.52,4329
2026-07-28T03:45:00Z,4048.525,4050.855,4048.135,4049.615,4425
2026-07-28T04:00:00Z,4049.605,4049.7,4043.53,4044.195,4755
2026-07-28T04:15:00Z,4044.15,4047.99,4043.715,4045.725,3441
2026-07-28T04:30:00Z,4045.735,4047.915,4043.995,4047.745,2634
2026-07-28T04:45:00Z,4047.75,4048.06,4041.395,4042.305,4191
2026-07-28T05:00:00Z,4042.3,4044.03,4040.045,4042.575,5891
2026-07-28T05:15:00Z,4042.57,4043.865,4041.055,4043.195,6967
2026-07-28T05:30:00Z,4043.2,4045.695,4034.795,4041.8,11715
2026-07-28T05:45:00Z,4041.805,4046.625,4039.66,4045.2,7268
2026-07-28T06:00:00Z,4045.195,4047.9,4043.015,4044.34,7030
2026-07-28T06:15:00Z,4044.345,4049.055,4044.105,4047.87,6998
2026-07-28T06:30:00Z,4047.885,4052.405,4047.0,4049.89,5956
2026-07-28T06:45:00Z,4049.865,4051.54,4047.985,4048.425,5156
2026-07-28T07:00:00Z,4048.395,4051.3,4047.58,4048.97,5848
2026-07-28T07:15:00Z,4048.985,4052.425,4048.715,4050.275,3669
2026-07-28T07:30:00Z,4050.355,4051.175,4048.5,4049.42,3800
2026-07-28T07:45:00Z,4049.415,4049.94,4046.235,4047.395,6013
2026-07-28T08:00:00Z,4047.355,4055.21,4043.15,4044.355,9958
2026-07-28T08:15:00Z,4044.36,4051.225,4044.25,4049.54,9294
2026-07-28T08:30:00Z,4049.58,4049.86,4041.95,4043.1,8277
2026-07-28T08:45:00Z,4043.095,4046.195,4041.72,4045.56,5205
2026-07-28T09:00:00Z,4045.46,4045.955,4040.83,4041.105,5116
2026-07-28T09:15:00Z,4041.12,4044.13,4039.155,4040.415,4395
2026-07-28T09:30:00Z,4040.425,4040.44,4029.8,4033.475,9293
2026-07-28T09:45:00Z,4033.45,4034.375,4019.575,4023.42,8347
2026-07-28T10:00:00Z,4023.49,4027.055,4020.64,4024.375,8512
2026-07-28T10:15:00Z,4024.12,4026.06,4017.115,4017.705,9758
2026-07-28T10:30:00Z,4017.685,4023.76,4017.29,4022.61,7919
2026-07-28T10:45:00Z,4022.66,4028.63,4022.315,4026.67,7918
2026-07-28T11:00:00Z,4026.66,4028.96,4023.275,4024.075,8201
2026-07-28T11:15:00Z,4024.03,4032.555,4023.975,4027.585,8805
2026-07-28T11:30:00Z,4027.61,4031.625,4026.54,4027.135,8182
2026-07-28T11:45:00Z,4027.155,4028.36,4024.03,4028.19,5898
2026-07-28T12:00:00Z,4028.195,4028.905,4022.965,4027.9,9044
2026-07-28T12:15:00Z,4027.91,4034.935,4026.19,4034.585,7421
2026-07-28T12:30:00Z,4034.65,4035.0,4026.005,4033.645,8251
2026-07-28T12:45:00Z,4033.71,4038.22,4028.35,4029.69,7897
2026-07-28T13:00:00Z,4029.74,4035.725,4029.615,4032.945,9680
2026-07-28T13:15:00Z,4032.97,4036.04,4028.56,4029.07,6433
2026-07-28T13:30:00Z,4028.99,4032.91,4020.33,4025.325,14574
2026-07-28T13:45:00Z,4025.33,4029.135,4021.75,4022.11,13103
2026-07-28T14:00:00Z,4022.16,4033.6,4021.95,4025.93,18707
2026-07-28T14:15:00Z,4025.965,4026.855,4011.765,4022.465,20012
2026-07-28T14:30:00Z,4022.455,4025.27,4019.035,4022.94,13203
2026-07-28T14:45:00Z,4022.935,4029.6,4021.415,4024.375,9649
2026-07-28T15:00:00Z,4024.43,4036.5,4022.16,4033.735,16565
2026-07-28T15:15:00Z,4033.73,4040.87,4031.78,4035.405,18801
2026-07-28T15:30:00Z,4035.44,4042.02,4032.36,4041.415,12059
2026-07-28T15:45:00Z,4041.365,4047.195,4041.175,4046.13,10551
2026-07-28T16:00:00Z,4046.145,4046.68,4042.185,4044.79,8994
2026-07-28T16:15:00Z,4044.725,4045.88,4042.115,4042.285,7765
2026-07-28T16:30:00Z,4042.305,4043.885,4040.49,4040.72,4619
2026-07-28T16:45:00Z,4040.61,4041.235,4036.715,4037.605,6375
2026-07-28T17:00:00Z,4037.69,4041.16,4035.575,4037.105,6875
2026-07-28T17:15:00Z,4037.115,4041.73,4035.36,4037.835,11099
2026-07-28T17:30:00Z,4037.845,4037.93,4027.765,4028.425,8035
2026-07-28T17:45:00Z,4028.38,4029.695,4025.755,4027.935,7661
2026-07-28T18:00:00Z,4027.985,4030.58,4027.145,4028.385,9484
2026-07-28T18:15:00Z,4028.435,4030.155,4026.025,4027.215,9857
2026-07-28T18:30:00Z,4027.18,4027.65,4023.115,4024.345,7339
2026-07-28T18:45:00Z,4024.355,4026.18,4021.715,4023.15,8573
2026-07-28T19:00:00Z,4023.19,4025.935,4022.53,4024.195,8259
2026-07-28T19:15:00Z,4024.185,4025.315,4021.935,4023.45,6785
2026-07-28T19:30:00Z,4023.49,4027.89,4023.12,4026.315,7854
2026-07-28T19:45:00Z,4026.32,4028.07,4025.48,4026.465,7737
2026-07-28T20:00:00Z,4026.455,4026.56,4022.6,4023.7,3780
2026-07-28T20:15:00Z,4023.68,4027.845,4023.645,4027.41,2211
2026-07-28T20:30:00Z,4027.42,4030.33,4027.41,4029.97,2939
2026-07-28T20:45:00Z,4030.005,4030.555,4026.565,4028.67,2468
2026-07-28T22:00:00Z,4026.565,4028.165,4024.525,4024.535,1004
2026-07-28T22:15:00Z,4024.685,4025.295,4017.415,4021.0,2729
2026-07-28T22:30:00Z,4021.025,4021.265,4013.975,4018.545,4033
2026-07-28T22:45:00Z,4018.48,4019.815,4015.365,4018.44,2933
2026-07-28T23:00:00Z,4018.45,4023.24,4016.465,4022.165,3598
2026-07-28T23:15:00Z,4022.15,4022.245,4015.21,4018.72,2985
2026-07-28T23:30:00Z,4018.775,4023.52,4017.475,4022.81,2010
2026-07-28T23:45:00Z,4022.82,4026.345,4019.085,4024.945,9604
2026-07-29T00:00:00Z,4024.99,4026.265,4017.57,4020.755,10574
2026-07-29T00:15:00Z,4020.685,4029.815,4020.64,4022.625,9365
2026-07-29T00:30:00Z,4022.62,4027.995,4021.485,4026.085,6786
2026-07-29T00:45:00Z,4025.955,4026.105,4020.57,4022.08,8664
2026-07-29T01:00:00Z,4022.075,4022.075,4010.41,4013.37,16096
2026-07-29T01:15:00Z,4013.345,4020.46,4011.78,4018.635,13273
2026-07-29T01:30:00Z,4018.62,4030.675,4015.18,4027.715,13796
2026-07-29T01:45:00Z,4027.765,4028.61,4022.105,4026.165,10456
2026-07-29T02:00:00Z,4026.16,4029.32,4023.265,4028.325,7712
2026-07-29T02:15:00Z,4028.36,4035.51,4026.545,4033.17,6306
2026-07-29T02:30:00Z,4033.105,4038.08,4030.665,4035.05,6868
2026-07-29T02:45:00Z,4034.945,4035.35,4029.245,4029.435,5731
2026-07-29T03:00:00Z,4029.42,4032.84,4027.415,4027.86,5626
2026-07-29T03:15:00Z,4027.885,4028.96,4025.755,4027.26,5362
2026-07-29T03:30:00Z,4027.25,4029.69,4024.765,4026.22,5083
2026-07-29T03:45:00Z,4026.21,4027.05,4023.25,4023.73,3573
2026-07-29T04:00:00Z,4023.74,4025.09,4021.52,4021.91,4779
2026-07-29T04:15:00Z,4021.935,4025.635,4020.655,4023.71,4194
2026-07-29T04:30:00Z,4023.665,4027.44,4023.585,4027.25,4265
2026-07-29T04:45:00Z,4027.265,4027.845,4023.62,4027.4,5751
2026-07-29T05:00:00Z,4027.425,4031.835,4026.735,4030.655,4571
2026-07-29T05:15:00Z,4030.62,4031.46,4027.155,4030.6,3601
2026-07-29T05:30:00Z,4030.545,4039.825,4029.855,4039.225,8335
2026-07-29T05:45:00Z,4039.235,4040.15,4031.655,4033.135,6525
2026-07-29T06:00:00Z,4033.14,4038.345,4033.08,4037.465,5593
2026-07-29T06:15:00Z,4037.435,4043.225,4035.91,4041.065,5468
2026-07-29T06:30:00Z,4041.08,4044.845,4040.86,4042.83,5508
2026-07-29T06:45:00Z,4042.825,4043.035,4039.705,4041.25,4520
2026-07-29T07:00:00Z,4041.2,4046.67,4041.2,4045.51,5853
2026-07-29T07:15:00Z,4045.505,4047.88,4044.205,4046.11,4676
2026-07-29T07:30:00Z,4046.075,4047.515,4044.705,4045.92,5523
2026-07-29T07:45:00Z,4045.91,4046.945,4042.72,4043.825,4962
2026-07-29T08:00:00Z,4043.82,4044.555,4039.105,4039.105,3927
2026-07-29T08:15:00Z,4039.115,4042.155,4035.67,4037.235,3895
2026-07-29T08:30:00Z,4037.25,4039.35,4035.8,4038.415,3540
2026-07-29T08:45:00Z,4038.465,4040.225,4037.125,4037.64,3499
2026-07-29T09:00:00Z,4037.73,4038.38,4035.58,4036.4,4917
2026-07-29T09:15:00Z,4036.335,4037.85,4033.55,4033.915,4852
2026-07-29T09:30:00Z,4033.9,4035.04,4031.36,4034.48,5201
2026-07-29T09:45:00Z,4034.435,4036.46,4031.95,4032.695,3670
2026-07-29T10:00:00Z,4032.68,4034.245,4030.93,4032.01,5163
2026-07-29T10:15:00Z,4031.99,4033.43,4030.2,4033.21,3907
2026-07-29T10:30:00Z,4033.165,4034.57,4026.355,4027.44,4239
2026-07-29T10:45:00Z,4027.435,4028.665,4026.065,4027.535,3791
2026-07-29T11:00:00Z,4027.555,4029.74,4025.105,4029.725,4556
2026-07-29T11:15:00Z,4029.86,4033.59,4028.42,4032.935,3938
2026-07-29T11:30:00Z,4032.95,4033.135,4030.15,4030.99,2813
2026-07-29T11:45:00Z,4031.0,4036.195,4030.62,4032.845,5404
2026-07-29T12:00:00Z,4032.85,4033.5,4026.105,4027.22,6138
2026-07-29T12:15:00Z,4027.225,4027.71,4012.7,4013.305,18138
2026-07-29T12:30:00Z,4013.29,4022.68,4009.39,4021.15,8854
2026-07-29T12:45:00Z,4021.105,4023.815,4019.035,4022.65,6134
2026-07-29T13:00:00Z,4022.82,4026.565,4015.22,4015.78,9063
2026-07-29T13:15:00Z,4015.775,4023.24,4013.68,4014.695,8195
2026-07-29T13:30:00Z,4014.725,4018.12,4010.265,4013.64,17072
2026-07-29T13:45:00Z,4013.62,4015.99,4002.6,4007.445,16502
2026-07-29T14:00:00Z,4007.455,4008.845,3996.055,3999.46,18777
2026-07-29T14:15:00Z,3999.415,4010.215,3999.04,4005.665,14777
2026-07-29T14:30:00Z,4005.675,4009.42,3999.09,4001.275,11339
2026-07-29T14:45:00Z,4001.195,4005.855,3998.44,4004.875,10553
2026-07-29T15:00:00Z,4004.93,4009.8,4003.4,4006.93,8303
2026-07-29T15:15:00Z,4006.975,4011.365,4003.815,4010.72,9060
2026-07-29T15:30:00Z,4010.795,4013.68,4007.26,4010.69,7511
2026-07-29T15:45:00Z,4010.645,4013.815,4008.36,4009.975,6424
2026-07-29T16:00:00Z,4010.015,4015.73,4007.63,4009.525,8922
2026-07-29T16:15:00Z,4009.485,4017.59,4007.84,4016.595,6388
2026-07-29T16:30:00Z,4016.585,4019.145,4015.065,4017.1,6138
2026-07-29T16:45:00Z,4017.055,4032.915,4015.285,4027.46,12977
2026-07-29T17:00:00Z,4027.455,4050.745,4027.405,4042.205,16625
2026-07-29T17:15:00Z,4042.22,4050.63,4037.375,4039.245,15221
2026-07-29T17:30:00Z,4039.24,4047.475,4036.335,4045.84,10427
2026-07-29T17:45:00Z,4045.885,4048.155,4041.41,4044.285,12795
2026-07-29T18:00:00Z,4044.29,4086.225,4042.775,4081.105,39024
2026-07-29T18:15:00Z,4081.115,4083.96,4064.01,4067.93,22315
2026-07-29T18:30:00Z,4067.92,4086.99,4052.175,4083.39,31412
2026-07-29T18:45:00Z,4083.47,4110.12,4082.05,4106.75,32382
2026-07-29T19:00:00Z,4106.74,4116.415,4090.125,4099.63,32230
2026-07-29T19:15:00Z,4099.65,4104.72,4080.93,4084.265,32358
2026-07-29T19:30:00Z,4084.195,4088.69,4065.415,4069.42,32951
2026-07-29T19:45:00Z,4069.385,4072.14,4044.375,4044.74,31303
2026-07-29T20:00:00Z,4044.74,4056.185,4042.955,4052.14,23919
2026-07-29T20:15:00Z,4052.17,4057.54,4043.95,4055.895,11798
2026-07-29T20:30:00Z,4055.835,4069.475,4054.185,4067.285,6993
2026-07-29T20:45:00Z,4067.265,4070.195,4063.555,4066.34,4866
2026-07-29T22:00:00Z,4074.84,4077.825,4064.505,4076.295,4883
2026-07-29T22:15:00Z,4076.27,4077.575,4072.605,4075.0,4925
2026-07-29T22:30:00Z,4074.985,4081.45,4072.96,4081.41,4781
2026-07-29T22:45:00Z,4081.5,4090.65,4079.885,4088.58,4287
2026-07-29T23:00:00Z,4088.61,4100.485,4088.375,4091.7,5504
2026-07-29T23:15:00Z,4091.76,4094.86,4090.505,4093.59,4669
2026-07-29T23:30:00Z,4093.595,4094.58,4089.235,4090.19,4504
2026-07-29T23:45:00Z,4090.21,4093.01,4084.4,4084.585,12807
2026-07-30T00:00:00Z,4084.59,4086.735,4079.18,4081.465,14201
2026-07-30T00:15:00Z,4081.585,4083.735,4073.02,4075.355,14629
2026-07-30T00:30:00Z,4075.385,4077.0,4065.065,4066.225,11264
2026-07-30T00:45:00Z,4066.21,4073.025,4064.96,4072.27,8959
2026-07-30T01:00:00Z,4072.285,4092.955,4070.36,4075.52,20313
2026-07-30T01:15:00Z,4075.485,4084.85,4073.4,4081.27,15259
2026-07-30T01:30:00Z,4081.3,4089.89,4080.74,4086.785,10014
2026-07-30T01:45:00Z,4086.855,4091.155,4084.005,4084.59,8248
2026-07-30T02:00:00Z,4084.46,4090.45,4082.335,4082.535,7024
2026-07-30T02:15:00Z,4082.55,4083.78,4080.075,4082.725,7073
2026-07-30T02:30:00Z,4082.715,4082.82,4073.7,4076.86,12821
2026-07-30T02:45:00Z,4076.875,4077.005,4063.435,4063.71,9887
2026-07-30T03:00:00Z,4063.705,4070.345,4060.495,4063.125,8540
2026-07-30T03:15:00Z,4063.12,4064.175,4052.74,4054.01,7146
2026-07-30T03:30:00Z,4054.02,4056.12,4050.81,4052.505,7466
2026-07-30T03:45:00Z,4052.5,4059.865,4052.32,4058.88,5409
2026-07-30T04:00:00Z,4058.94,4060.385,4053.0,4053.45,5690
2026-07-30T04:15:00Z,4053.425,4055.475,4051.135,4054.105,5304
2026-07-30T04:30:00Z,4054.125,4054.125,4047.775,4048.88,5875
2026-07-30T04:45:00Z,4048.845,4052.045,4044.34,4046.045,6695
2026-07-30T05:00:00Z,4046.05,4046.205,4041.83,4045.895,7740
2026-07-30T05:15:00Z,4045.9,4047.385,4037.6,4047.005,7214
2026-07-30T05:30:00Z,4046.955,4051.445,4028.69,4033.325,17642
2026-07-30T05:45:00Z,4033.32,4038.57,4030.05,4033.825,11138
2026-07-30T06:00:00Z,4033.82,4039.505,4031.39,4032.435,10904
2026-07-30T06:15:00Z,4032.425,4039.545,4029.4,4033.215,9235
2026-07-30T06:30:00Z,4033.265,4038.285,4031.015,4035.745,8964
2026-07-30T06:45:00Z,4035.76,4040.63,4034.19,4036.68,7030
2026-07-30T07:00:00Z,4036.54,4047.97,4035.41,4046.91,12222
2026-07-30T07:15:00Z,4046.92,4051.43,4043.015,4045.965,8438
2026-07-30T07:30:00Z,4045.975,4047.365,4036.065,4045.88,8935
2026-07-30T07:45:00Z,4045.875,4046.58,4038.155,4038.935,8348
2026-07-30T08:00:00Z,4038.825,4056.32,4036.81,4053.31,13934
2026-07-30T08:15:00Z,4053.295,4068.525,4052.27,4064.54,13858
2026-07-30T08:30:00Z,4064.48,4073.01,4063.055,4065.905,14383
2026-07-30T08:45:00Z,4065.9,4070.97,4059.475,4061.49,8002
2026-07-30T09:00:00Z,4061.485,4068.995,4060.305,4066.025,8654
2026-07-30T09:15:00Z,4066.025,4072.505,4064.54,4067.53,9147
2026-07-30T09:30:00Z,4067.525,4069.34,4060.515,4065.635,9631
2026-07-30T09:45:00Z,4065.67,4073.155,4062.34,4063.405,8219
2026-07-30T10:00:00Z,4063.495,4074.855,4063.065,4068.43,11420
2026-07-30T10:15:00Z,4068.425,4077.74,4067.82,4076.52,10021
2026-07-30T10:30:00Z,4076.4,4082.785,4075.165,4081.275,8753
2026-07-30T10:45:00Z,4081.31,4083.23,4078.085,4078.155,9356
2026-07-30T11:00:00Z,4078.105,4082.945,4077.7,4079.695,7312
2026-07-30T11:15:00Z,4079.69,4081.94,4076.645,4077.89,8104
2026-07-30T11:30:00Z,4078.1,4079.585,4076.23,4077.595,8867
2026-07-30T11:45:00Z,4077.61,4080.845,4075.77,4077.815,7931
2026-07-30T12:00:00Z,4077.79,4082.555,4074.78,4078.855,10149
2026-07-30T12:15:00Z,4078.88,4081.45,4071.75,4076.81,12201
2026-07-30T12:30:00Z,4076.865,4086.785,4071.82,4077.245,16734
2026-07-30T12:45:00Z,4077.225,4079.41,4067.285,4069.03,16285
2026-07-30T13:00:00Z,4069.04,4076.785,4065.315,4076.73,18934
2026-07-30T13:15:00Z,4076.735,4084.08,4072.165,4080.03,12780
2026-07-30T13:30:00Z,4080.01,4098.765,4074.96,4088.875,34701
2026-07-30T13:45:00Z,4088.895,4112.825,4085.63,4112.345,30665
2026-07-30T14:00:00Z,4112.34,4120.495,4094.11,4098.325,32297
2026-07-30T14:15:00Z,4098.29,4100.295,4087.195,4096.315,26768
2026-07-30T14:30:00Z,4096.33,4111.325,4094.9,4110.725,18687
2026-07-30T14:45:00Z,4110.68,4113.255,4096.64,4100.01,15602
2026-07-30T15:00:00Z,4100.075,4100.27,4083.27,4085.735,14635
2026-07-30T15:15:00Z,4085.645,4097.315,4084.99,4096.11,16032
2026-07-30T15:30:00Z,4096.105,4106.975,4092.61,4105.555,15257
2026-07-30T15:45:00Z,4105.57,4110.23,4103.605,4108.25,10993
2026-07-30T16:00:00Z,4108.2,4115.97,4107.86,4114.195,10166
2026-07-30T16:15:00Z,4114.095,4119.285,4113.595,4116.0,11230
2026-07-30T16:30:00Z,4115.995,4116.42,4108.305,4108.535,12592
2026-07-30T16:45:00Z,4108.53,4110.785,4106.645,4110.78,8714
2026-07-30T17:00:00Z,4110.75,4111.325,4104.855,4104.945,10334
2026-07-30T17:15:00Z,4104.93,4108.28,4098.505,4101.65,9459
2026-07-30T17:30:00Z,4101.64,4108.235,4100.055,4106.08,13549
2026-07-30T17:45:00Z,4106.145,4108.57,4101.25,4102.765,10586
2026-07-30T18:00:00Z,4102.75,4106.89,4102.75,4106.525,8150
2026-07-30T18:15:00Z,4106.505,4106.8,4100.75,4103.49,9811
2026-07-30T18:30:00Z,4103.45,4107.855,4102.965,4104.81,9278
2026-07-30T18:45:00Z,4104.82,4105.175,4098.785,4099.74,8032
2026-07-30T19:00:00Z,4099.745,4105.645,4098.77,4104.64,11324
2026-07-30T19:15:00Z,4104.62,4114.915,4102.96,4112.915,12038
2026-07-30T19:30:00Z,4112.94,4115.375,4111.505,4112.3,8689
2026-07-30T19:45:00Z,4112.285,4113.245,4109.33,4112.065,11825
2026-07-30T20:00:00Z,4112.2,4117.515,4110.045,4113.96,6971
2026-07-30T20:15:00Z,4113.985,4114.99,4111.71,4111.935,4066
2026-07-30T20:30:00Z,4111.935,4112.64,4102.41,4102.87,8089
2026-07-30T20:45:00Z,4102.905,4103.885,4099.235,4103.27,3724
2026-07-30T22:00:00Z,4103.36,4107.97,4102.63,4107.01,1438
2026-07-30T22:15:00Z,4106.99,4108.715,4106.65,4107.905,3097
2026-07-30T22:30:00Z,4107.855,4110.69,4107.155,4110.405,1828
2026-07-30T22:45:00Z,4110.53,4111.455,4109.2,4109.385,1797
2026-07-30T23:00:00Z,4109.335,4112.01,4106.595,4107.46,2136
2026-07-30T23:15:00Z,4107.415,4107.575,4104.06,4104.41,2160
2026-07-30T23:30:00Z,4104.405,4107.59,4102.345,4106.055,2980
2026-07-30T23:45:00Z,4106.115,4110.145,4105.535,4105.985,2908
2026-07-31T00:00:00Z,4106.065,4107.225,4100.805,4101.405,7253
2026-07-31T00:15:00Z,4101.365,4103.725,4096.24,4096.58,5741
2026-07-31T00:30:00Z,4096.53,4097.605,4090.585,4093.165,5065
2026-07-31T00:45:00Z,4093.12,4096.15,4090.745,4094.855,5363
2026-07-31T01:00:00Z,4094.835,4101.71,4088.705,4088.94,10965
2026-07-31T01:15:00Z,4088.965,4095.045,4086.63,4092.03,5997
2026-07-31T01:30:00Z,4092.095,4092.145,4083.965,4085.71,5864
2026-07-31T01:45:00Z,4085.65,4089.46,4082.15,4084.325,6794
2026-07-31T02:00:00Z,4084.39,4090.405,4081.78,4085.575,5566
2026-07-31T02:15:00Z,4085.58,4085.58,4081.57,4082.21,3742
2026-07-31T02:30:00Z,4082.13,4084.375,4075.355,4075.375,4926
2026-07-31T02:45:00Z,4075.37,4078.575,4074.27,4076.275,4808
2026-07-31T03:00:00Z,4076.07,4076.52,4072.145,4073.585,4996
2026-07-31T03:15:00Z,4073.585,4076.305,4072.42,4075.48,5427
2026-07-31T03:30:00Z,4075.5,4079.65,4075.2,4076.47,4392
2026-07-31T03:45:00Z,4076.43,4077.545,4074.305,4075.14,1754
2026-07-31T04:00:00Z,4075.07,4077.14,4073.32,4076.94,2696
2026-07-31T04:15:00Z,4076.925,4080.105,4074.59,4080.075,3356
2026-07-31T04:30:00Z,4080.09,4081.535,4079.29,4079.345,2137
2026-07-31T04:45:00Z,4079.265,4080.215,4074.79,4080.16,2583
2026-07-31T05:00:00Z,4080.17,4083.315,4079.75,4079.91,2268
2026-07-31T05:15:00Z,4079.975,4083.04,4079.54,4080.975,1836
2026-07-31T05:30:00Z,4080.955,4081.835,4075.9,4076.445,4890
2026-07-31T05:45:00Z,4076.44,4076.46,4073.44,4074.43,4993
2026-07-31T06:00:00Z,4074.45,4082.895,4072.785,4082.445,6726
2026-07-31T06:15:00Z,4082.44,4087.665,4081.18,4084.965,5547
2026-07-31T06:30:00Z,4084.97,4085.09,4077.275,4078.245,7928
2026-07-31T06:45:00Z,4078.24,4081.755,4076.57,4077.765,10600
2026-07-31T07:00:00Z,4077.735,4079.3,4075.445,4077.525,8228
2026-07-31T07:15:00Z,4077.52,4079.315,4072.13,4072.725,6275
2026-07-31T07:30:00Z,4072.8,4073.925,4068.16,4072.255,5217
2026-07-31T07:45:00Z,4072.365,4074.415,4067.62,4067.81,5260
2026-07-31T08:00:00Z,4067.795,4067.89,4061.245,4062.255,8561
2026-07-31T08:15:00Z,4062.25,4067.39,4057.98,4058.615,9121
2026-07-31T08:30:00Z,4058.605,4061.645,4054.175,4059.445,9084
2026-07-31T08:45:00Z,4059.44,4064.6,4057.95,4061.11,10376
2026-07-31T09:00:00Z,4060.98,4064.115,4055.04,4056.9,10796
2026-07-31T09:15:00Z,4056.955,4057.625,4051.53,4052.565,7220
2026-07-31T09:30:00Z,4052.57,4054.85,4050.315,4053.305,7977
2026-07-31T09:45:00Z,4053.285,4057.355,4052.375,4055.25,5670
2026-07-31T10:00:00Z,4055.185,4058.435,4053.37,4055.875,4847
2026-07-31T10:15:00Z,4055.91,4056.03,4052.015,4053.315,3570
2026-07-31T10:30:00Z,4053.265,4056.565,4052.94,4054.76,4021
2026-07-31T10:45:00Z,4054.755,4057.115,4053.725,4054.565,3866
2026-07-31T11:00:00Z,4054.58,4059.515,4052.17,4057.095,5869
2026-07-31T11:15:00Z,4057.175,4061.15,4054.28,4058.97,7917
2026-07-31T11:30:00Z,4058.98,4058.98,4050.69,4052.225,7269
2026-07-31T11:45:00Z,4052.155,4055.525,4051.345,4053.84,4422
2026-07-31T12:00:00Z,4053.83,4059.475,4052.56,4059.32,6986
2026-07-31T12:15:00Z,4059.325,4059.495,4047.16,4047.415,7900
2026-07-31T12:30:00Z,4047.38,4051.705,4042.745,4044.75,10082
2026-07-31T12:45:00Z,4044.705,4046.515,4040.575,4040.765,8380
2026-07-31T13:00:00Z,4040.75,4042.84,4034.805,4036.405,13304
2026-07-31T13:15:00Z,4036.435,4047.035,4035.695,4042.665,13909
2026-07-31T13:30:00Z,4042.58,4043.885,4022.545,4025.155,23352
2026-07-31T13:45:00Z,4025.205,4032.405,4022.13,4025.57,20469
2026-07-31T14:00:00Z,4025.51,4032.57,4020.975,4032.25,22736
2026-07-31T14:15:00Z,4032.21,4040.28,4029.925,4038.925,17227
2026-07-31T14:30:00Z,4038.905,4043.21,4036.765,4041.48,12984
2026-07-31T14:45:00Z,4041.52,4050.435,4041.075,4049.315,11724
2026-07-31T15:00:00Z,4049.345,4050.9,4042.81,4046.96,13168
2026-07-31T15:15:00Z,4046.955,4052.695,4040.24,4041.295,12676
2026-07-31T15:30:00Z,4041.295,4043.675,4036.82,4042.32,12033
2026-07-31T15:45:00Z,4042.35,4046.825,4039.89,4045.58,11253
2026-07-31T16:00:00Z,4045.585,4046.98,4041.34,4046.395,8661
2026-07-31T16:15:00Z,4046.415,4048.52,4043.18,4047.55,9011
2026-07-31T16:30:00Z,4047.56,4049.995,4041.3,4042.615,6453
2026-07-31T16:45:00Z,4042.68,4045.27,4042.265,4043.415,6365
2026-07-31T17:00:00Z,4043.41,4046.45,4041.6,4045.615,5884
2026-07-31T17:15:00Z,4045.62,4053.485,4044.895,4050.525,7603
2026-07-31T17:30:00Z,4050.755,4053.325,4047.755,4051.98,7462
2026-07-31T17:45:00Z,4051.995,4054.805,4050.365,4053.665,7960
2026-07-31T18:00:00Z,4053.66,4055.245,4047.18,4048.23,7762
2026-07-31T18:15:00Z,4048.24,4051.81,4047.725,4051.145,5205
2026-07-31T18:30:00Z,4051.115,4051.765,4048.085,4049.545,3976
2026-07-31T18:45:00Z,4049.525,4051.68,4048.25,4050.82,3603
2026-07-31T19:00:00Z,4050.785,4052.98,4046.955,4048.09,3505
2026-07-31T19:15:00Z,4048.095,4050.645,4047.195,4050.61,3231
2026-07-31T19:30:00Z,4050.585,4054.77,4049.035,4054.19,3680
2026-07-31T19:45:00Z,4054.185,4055.665,4050.195,4050.935,9413
2026-07-31T20:00:00Z,4050.915,4051.88,4045.285,4047.995,6362
2026-07-31T20:15:00Z,4048.01,4049.05,4046.45,4048.205,3474
2026-07-31T20:30:00Z,4048.045,4053.105,4047.35,4051.315,4880
2026-07-31T20:45:00Z,4051.335,4052.55,4043.04,4045.165,9136
2026-08-02T22:00:00Z,4075.055,4078.785,4071.54,4076.56,3002
2026-08-02T22:15:00Z,4076.565,4077.31,4063.965,4066.03,4654
2026-08-02T22:30:00Z,4066.045,4068.555,4064.165,4066.86,4201
2026-08-02T22:45:00Z,4066.805,4067.215,4063.515,4063.755,3612
2026-08-02T23:00:00Z,4063.705,4067.275,4063.3,4066.585,3305
2026-08-02T23:15:00Z,4066.575,4072.77,4066.25,4072.19,3289
2026-08-02T23:30:00Z,4072.2,4072.5,4068.04,4069.795,2240
2026-08-02T23:45:00Z,4069.775,4075.09,4068.34,4075.065,6722
2026-08-03T00:00:00Z,4075.07,4079.185,4070.085,4072.11,11845
2026-08-03T00:15:00Z,4072.105,4073.015,4061.48,4064.435,11316
2026-08-03T00:30:00Z,4064.445,4070.125,4057.02,4058.31,11163
2026-08-03T00:45:00Z,4058.29,4060.87,4055.88,4057.35,10449
2026-08-03T01:00:00Z,4057.355,4063.7,4051.465,4052.34,17970
2026-08-03T01:15:00Z,4052.38,4055.33,4047.345,4052.86,9377
2026-08-03T01:30:00Z,4052.875,4057.245,4047.49,4051.325,7382
2026-08-03T01:45:00Z,4051.37,4057.485,4050.145,4056.77,7990
2026-08-03T02:00:00Z,4056.775,4061.04,4053.315,4055.785,6657
2026-08-03T02:15:00Z,4055.735,4060.86,4052.11,4058.23,5023
2026-08-03T02:30:00Z,4058.305,4060.875,4052.46,4059.695,6656
2026-08-03T02:45:00Z,4059.7,4067.275,4058.57,4062.605,4890
2026-08-03T03:00:00Z,4062.51,4065.595,4061.03,4064.425,3834
2026-08-03T03:15:00Z,4064.385,4068.1,4061.63,4063.925,5125
2026-08-03T03:30:00Z,4063.97,4064.98,4060.785,4060.815,5444
2026-08-03T03:45:00Z,4060.82,4066.96,4059.5,4065.115,3330
2026-08-03T04:00:00Z,4065.145,4068.375,4064.365,4066.68,3328
2026-08-03T04:15:00Z,4066.69,4071.16,4066.165,4068.295,3567
2026-08-03T04:30:00Z,4068.295,4071.375,4068.295,4070.68,3939
2026-08-03T04:45:00Z,4070.645,4072.055,4064.0,4064.045,3184
2026-08-03T05:00:00Z,4063.99,4065.31,4056.85,4057.675,4687
2026-08-03T05:15:00Z,4057.65,4062.815,4054.17,4060.5,3484
2026-08-03T05:30:00Z,4060.35,4064.865,4055.26,4063.53,5991
2026-08-03T05:45:00Z,4063.575,4070.045,4058.875,4069.035,4577
2026-08-03T06:00:00Z,4069.03,4071.275,4066.115,4066.175,7721
2026-08-03T06:15:00Z,4066.16,4072.185,4065.55,4068.595,8393
2026-08-03T06:30:00Z,4068.605,4068.95,4060.51,4065.575,8338
2026-08-03T06:45:00Z,4065.425,4067.005,4062.83,4063.94,5041
2026-08-03T07:00:00Z,4063.95,4065.305,4059.665,4061.595,6990
2026-08-03T07:15:00Z,4061.515,4062.305,4052.19,4058.17,9126
2026-08-03T07:30:00Z,4058.195,4061.29,4056.685,4059.77,3832
2026-08-03T07:45:00Z,4059.775,4063.425,4058.52,4061.155,5507
2026-08-03T08:00:00Z,4061.1,4062.26,4058.485,4061.96,7010
2026-08-03T08:15:00Z,4061.955,4062.595,4054.335,4056.24,4750
2026-08-03T08:30:00Z,4056.235,4060.81,4054.895,4058.46,4615
2026-08-03T08:45:00Z,4058.485,4061.155,4057.67,4059.42,4911
2026-08-03T09:00:00Z,4059.43,4062.21,4057.305,4061.65,4402
2026-08-03T09:15:00Z,4061.565,4061.645,4052.25,4052.62,6109
2026-08-03T09:30:00Z,4052.645,4054.835,4046.685,4053.57,8666
2026-08-03T09:45:00Z,4053.565,4058.28,4053.42,4055.355,7170
2026-08-03T10:00:00Z,4055.375,4057.07,4053.2,4056.295,5417
2026-08-03T10:15:00Z,4056.265,4057.13,4051.91,4053.495,5396
2026-08-03T10:30:00Z,4053.535,4053.76,4048.73,4049.29,5286
2026-08-03T10:45:00Z,4049.305,4050.79,4045.84,4049.495,4979
2026-08-03T11:00:00Z,4049.485,4052.925,4047.58,4049.875,6474
2026-08-03T11:15:00Z,4049.8,4050.09,4045.57,4048.505,6334
2026-08-03T11:30:00Z,4048.485,4055.085,4048.015,4053.56,5284
2026-08-03T11:45:00Z,4053.545,4063.245,4052.72,4062.505,7628
2026-08-03T12:00:00Z,4062.465,4064.74,4054.75,4056.02,7372
2026-08-03T12:15:00Z,4056.06,4056.565,4048.725,4050.985,7886
2026-08-03T12:30:00Z,4051.025,4053.005,4042.34,4045.165,7086
2026-08-03T12:45:00Z,4045.16,4049.07,4043.445,4047.85,6699
2026-08-03T13:00:00Z,4047.865,4053.855,4038.945,4038.99,19885
2026-08-03T13:15:00Z,4039.005,4040.66,4031.63,4034.355,13377
2026-08-03T13:30:00Z,4034.35,4035.715,4019.24,4032.165,26119
2026-08-03T13:45:00Z,4032.195,4035.525,4028.465,4032.35,16295
2026-08-03T14:00:00Z,4031.91,4036.165,4026.75,4033.44,13405
2026-08-03T14:15:00Z,4033.33,4036.12,4029.915,4032.685,9660
2026-08-03T14:30:00Z,4032.61,4038.22,4032.1,4036.485,8940
2026-08-03T14:45:00Z,4036.645,4039.16,4033.79,4036.375,7334
2026-08-03T15:00:00Z,4036.475,4037.245,4030.54,4033.435,8381
2026-08-03T15:15:00Z,4033.395,4038.52,4030.73,4032.805,8578
2026-08-03T15:30:00Z,4032.81,4039.025,4031.1,4036.905,4817
2026-08-03T15:45:00Z,4037.06,4041.03,4035.46,4036.135,5001
2026-08-03T16:00:00Z,4036.14,4037.735,4034.805,4036.635,4397
2026-08-03T16:15:00Z,4036.63,4038.73,4034.965,4037.075,4292
2026-08-03T16:30:00Z,4036.975,4039.335,4035.66,4038.725,3683
2026-08-03T16:45:00Z,4038.82,4038.885,4035.75,4037.03,3177
2026-08-03T17:00:00Z,4037.06,4037.71,4033.365,4034.435,3249
2026-08-03T17:15:00Z,4034.43,4037.8,4033.99,4034.42,4466
2026-08-03T17:30:00Z,4034.53,4037.005,4034.16,4036.09,3189
2026-08-03T17:45:00Z,4036.11,4036.47,4030.27,4030.565,3211
2026-08-03T18:00:00Z,4030.57,4038.695,4029.675,4035.14,5712
2026-08-03T18:15:00Z,4035.185,4039.025,4035.06,4038.005,3493
2026-08-03T18:30:00Z,4037.95,4041.61,4036.655,4041.55,2732
2026-08-03T18:45:00Z,4041.495,4045.12,4040.645,4043.535,3700
2026-08-03T19:00:00Z,4043.53,4049.57,4043.485,4046.345,5320
2026-08-03T19:15:00Z,4046.345,4054.38,4046.345,4053.025,4995
2026-08-03T19:30:00Z,4053.07,4055.815,4052.08,4054.11,5470
2026-08-03T19:45:00Z,4054.145,4055.7,4051.72,4052.08,5634
2026-08-03T20:00:00Z,4052.145,4053.06,4050.325,4052.745,2977
2026-08-03T20:15:00Z,4052.755,4055.995,4051.635,4054.495,1835
2026-08-03T20:30:00Z,4054.555,4058.215,4054.09,4056.37,2800
2026-08-03T20:45:00Z,4056.315,4057.295,4054.54,4055.135,2160
2026-08-03T22:00:00Z,4052.12,4052.24,4049.04,4051.305,979
2026-08-03T22:15:00Z,4051.315,4052.805,4050.725,4052.285,1261
2026-08-03T22:30:00Z,4052.28,4053.58,4051.73,4052.82,1576
2026-08-03T22:45:00Z,4052.815,4053.52,4051.22,4052.765,2022
2026-08-03T23:00:00Z,4052.725,4055.22,4050.22,4051.53,2129
2026-08-03T23:15:00Z,4051.505,4054.75,4050.72,4051.805,1797
2026-08-03T23:30:00Z,4051.815,4052.9,4051.205,4052.475,1096
2026-08-03T23:45:00Z,4052.435,4054.19,4051.38,4053.96,2007
2026-08-04T00:00:00Z,4053.93,4069.465,4053.06,4063.715,7810
2026-08-04T00:15:00Z,4063.59,4064.545,4058.17,4059.145,3449
2026-08-04T00:30:00Z,4059.17,4060.835,4055.705,4056.62,2624
2026-08-04T00:45:00Z,4056.645,4058.08,4048.64,4049.43,4693
2026-08-04T01:00:00Z,4049.425,4050.85,4042.72,4047.025,10009
2026-08-04T01:15:00Z,4047.045,4052.65,4047.045,4049.36,5025
2026-08-04T01:30:00Z,4049.395,4060.375,4048.575,4059.36,6023
2026-08-04T01:45:00Z,4059.375,4061.97,4056.715,4058.82,6379
2026-08-04T02:00:00Z,4058.825,4061.3,4055.74,4058.365,4397
2026-08-04T02:15:00Z,4058.41,4059.96,4055.88,4056.88,3423
2026-08-04T02:30:00Z,4056.925,4065.235,4055.62,4061.885,5455
2026-08-04T02:45:00Z,4061.865,4062.475,4058.195,4059.08,4457
2026-08-04T03:00:00Z,4059.0,4060.8,4056.54,4058.27,3970
2026-08-04T03:15:00Z,4058.11,4061.855,4057.715,4057.815,4359
2026-08-04T03:30:00Z,4057.81,4058.89,4052.705,4052.94,3024
2026-08-04T03:45:00Z,4052.91,4055.63,4052.25,4052.56,1901
2026-08-04T04:00:00Z,4052.61,4056.97,4051.25,4056.935,2555
2026-08-04T04:15:00Z,4057.0,4061.76,4056.055,4061.52,2784
2026-08-04T04:30:00Z,4061.57,4064.37,4060.655,4062.815,2744
2026-08-04T04:45:00Z,4062.82,4066.425,4062.62,4063.765,2335
2026-08-04T05:00:00Z,4063.785,4064.825,4057.2,4058.075,2992
2026-08-04T05:15:00Z,4058.035,4064.04,4057.48,4063.36,2270
2026-08-04T05:30:00Z,4063.315,4067.835,4059.29,4062.955,5277
2026-08-04T05:45:00Z,4063.005,4064.495,4058.775,4061.975,4269
2026-08-04T06:00:00Z,4061.96,4066.215,4061.875,4064.34,4923
2026-08-04T06:15:00Z,4064.215,4065.03,4059.55,4059.89,4252
2026-08-04T06:30:00Z,4059.895,4060.195,4055.7,4060.16,4673
2026-08-04T06:45:00Z,4060.18,4063.85,4058.855,4063.515,4689
2026-08-04T07:00:00Z,4063.58,4065.895,4060.845,4061.07,4869
2026-08-04T07:15:00Z,4061.055,4065.62,4060.94,4063.015,5217
2026-08-04T07:30:00Z,4063.03,4066.79,4061.505,4062.855,5459
2026-08-04T07:45:00Z,4062.86,4066.21,4062.27,4065.535,2812
2026-08-04T08:00:00Z,4065.635,4072.97,4064.58,4068.165,7140
2026-08-04T08:15:00Z,4068.15,4068.755,4060.44,4063.505,4295
2026-08-04T08:30:00Z,4063.44,4064.59,4058.47,4059.45,6322
2026-08-04T08:45:00Z,4059.39,4059.66,4054.455,4055.19,6064
2026-08-04T09:00:00Z,4055.16,4055.505,4048.67,4050.835,5090
2026-08-04T09:15:00Z,4050.79,4052.23,4048.74,4050.44,5542
2026-08-04T09:30:00Z,4050.475,4051.395,4046.255,4050.51,4712
2026-08-04T09:45:00Z,4050.46,4051.095,4047.52,4049.93,4086
2026-08-04T10:00:00Z,4049.935,4049.95,4047.025,4049.145,3928
2026-08-04T10:15:00Z,4049.13,4050.07,4045.62,4049.13,3052
2026-08-04T10:30:00Z,4049.185,4054.25,4046.645,4052.8,4382
2026-08-04T10:45:00Z,4052.765,4060.84,4052.475,4053.99,12371
2026-08-04T11:00:00Z,4053.995,4058.93,4052.44,4056.89,6238
2026-08-04T11:15:00Z,4056.9,4061.07,4055.565,4060.97,4746
2026-08-04T11:30:00Z,4060.985,4070.405,4059.92,4069.735,8133
2026-08-04T11:45:00Z,4069.715,4084.345,4067.17,4074.995,16531
2026-08-04T12:00:00Z,4075.055,4076.03,4061.115,4062.185,11435
2026-08-04T12:15:00Z,4062.22,4070.32,4061.165,4068.235,8710
2026-08-04T12:30:00Z,4068.215,4084.56,4068.215,4078.015,10877
2026-08-04T12:45:00Z,4078.115,4079.3,4069.565,4070.945,8688
2026-08-04T13:00:00Z,4070.925,4071.76,4061.23,4064.015,11673
2026-08-04T13:15:00Z,4063.915,4091.44,4062.5,4078.65,15114
2026-08-04T13:30:00Z,4078.58,4091.83,4076.045,4083.305,20107
2026-08-04T13:45:00Z,4083.29,4093.88,4081.945,4083.955,14820
2026-08-04T14:00:00Z,4083.995,4091.495,4083.18,4090.265,11390
2026-08-04T14:15:00Z,4090.255,4092.075,4080.75,4083.85,12312
2026-08-04T14:30:00Z,4083.835,4086.785,4074.55,4079.76,14442
2026-08-04T14:45:00Z,4079.75,4084.905,4077.79,4083.64,7703
2026-08-04T15:00:00Z,4083.645,4085.695,4079.835,4084.145,7282
2026-08-04T15:15:00Z,4084.23,4084.47,4074.735,4078.52,11574
2026-08-04T15:30:00Z,4078.465,4087.36,4076.605,4084.01,11079
2026-08-04T15:45:00Z,4083.96,4088.885,4082.765,4087.35,7674
2026-08-04T16:00:00Z,4087.44,4088.565,4084.44,4085.155,6515
2026-08-04T16:15:00Z,4085.145,4089.95,4083.195,4087.665,5994
2026-08-04T16:30:00Z,4087.73,4089.425,4084.985,4089.13,4817
2026-08-04T16:45:00Z,4089.12,4093.685,4088.78,4093.41,4936
2026-08-04T17:00:00Z,4093.36,4106.475,4092.59,4100.105,10707
2026-08-04T17:15:00Z,4100.145,4101.31,4094.32,4094.8,8189
2026-08-04T17:30:00Z,4094.795,4096.27,4091.765,4095.575,4554
2026-08-04T17:45:00Z,4095.495,4096.495,4086.205,4086.21,5233
2026-08-04T18:00:00Z,4086.18,4089.06,4084.995,4088.795,6849
2026-08-04T18:15:00Z,4088.655,4088.945,4084.53,4084.71,5625
2026-08-04T18:30:00Z,4084.725,4085.905,4076.295,4076.66,6354
2026-08-04T18:45:00Z,4076.65,4081.305,4075.285,4079.945,5447
2026-08-04T19:00:00Z,4079.995,4084.345,4078.86,4081.76,4178
2026-08-04T19:15:00Z,4081.75,4084.86,4079.465,4080.33,4984
2026-08-04T19:30:00Z,4080.315,4082.58,4078.98,4081.53,4879
2026-08-04T19:45:00Z,4081.49,4082.365,4076.39,4078.615,5642
2026-08-04T20:00:00Z,4078.61,4080.295,4078.225,4079.05,2587
2026-08-04T20:15:00Z,4078.985,4078.985,4074.69,4075.625,3296
2026-08-04T20:30:00Z,4075.6,4078.645,4075.44,4077.72,2576
2026-08-04T20:45:00Z,4077.7,4078.33,4076.205,4077.055,2179
2026-08-04T22:00:00Z,4078.39,4078.755,4076.57,4077.035,1083
2026-08-04T22:15:00Z,4076.87,4080.07,4075.755,4079.875,2722
2026-08-04T22:30:00Z,4079.965,4085.87,4079.36,4084.11,2087
2026-08-04T22:45:00Z,4084.105,4084.61,4075.735,4075.75,2959
2026-08-04T23:00:00Z,4075.805,4077.205,4068.64,4073.73,5726
2026-08-04T23:15:00Z,4073.755,4074.95,4065.33,4067.23,3589
2026-08-04T23:30:00Z,4067.235,4070.27,4066.095,4069.425,3180
2026-08-04T23:45:00Z,4069.485,4073.77,4069.245,4072.605,3970
2026-08-05T00:00:00Z,4072.6,4074.305,4070.505,4071.885,4254
2026-08-05T00:15:00Z,4071.885,4078.95,4071.495,4078.605,3581
2026-08-05T00:30:00Z,4078.61,4083.18,4078.16,4078.265,3801
2026-08-05T00:45:00Z,4078.33,4083.63,4077.845,4082.55,4435
2026-08-05T01:00:00Z,4082.57,4087.105,4077.725,4085.895,9396
2026-08-05T01:15:00Z,4085.91,4088.635,4082.785,4084.555,6484
2026-08-05T01:30:00Z,4084.605,4093.22,4080.33,4093.04,5871
2026-08-05T01:45:00Z,4093.115,4102.58,4092.74,4101.43,5421
2026-08-05T02:00:00Z,4101.44,4102.865,4096.52,4100.085,6552
2026-08-05T02:15:00Z,4100.14,4108.66,4095.42,4103.51,7628
2026-08-05T02:30:00Z,4103.725,4128.965,4101.53,4128.44,17066
2026-08-05T02:45:00Z,4128.445,4135.435,4124.65,4129.195,13539
2026-08-05T03:00:00Z,4129.2,4136.24,4126.92,4136.04,7943
2026-08-05T03:15:00Z,4136.09,4136.69,4129.89,4130.56,5675
2026-08-05T03:30:00Z,4130.565,4130.935,4127.51,4128.745,4710
2026-08-05T03:45:00Z,4128.75,4130.365,4127.545,4128.33,2802
2026-08-05T04:00:00Z,4128.335,4141.505,4128.26,4138.495,5085
2026-08-05T04:15:00Z,4138.515,4141.17,4137.895,4138.585,3374
2026-08-05T04:30:00Z,4138.735,4138.775,4133.4,4134.645,3049
2026-08-05T04:45:00Z,4134.625,4136.195,4132.355,4135.595,2392
2026-08-05T05:00:00Z,4135.575,4138.17,4134.885,4137.265,3269
2026-08-05T05:15:00Z,4137.235,4142.215,4135.41,4139.63,4091
2026-08-05T05:30:00Z,4139.71,4159.405,4139.71,4157.385,14241
2026-08-05T05:45:00Z,4157.365,4173.1,4157.02,4161.545,13768
2026-08-05T06:00:00Z,4161.535,4174.45,4160.3,4173.3,8213
2026-08-05T06:15:00Z,4173.32,4173.49,4161.31,4168.85,8505
2026-08-05T06:30:00Z,4168.845,4178.565,4167.145,4175.85,9418
2026-08-05T06:45:00Z,4175.845,4178.49,4172.42,4177.565,7684
2026-08-05T07:00:00Z,4177.645,4179.555,4166.335,4166.41,9193
2026-08-05T07:15:00Z,4166.415,4169.365,4163.09,4164.3,9879
2026-08-05T07:30:00Z,4164.345,4166.88,4162.225,4166.765,7126
2026-08-05T07:45:00Z,4166.77,4172.13,4164.29,4170.81,6346
2026-08-05T08:00:00Z,4170.8,4172.68,4164.99,4165.595,7125
2026-08-05T08:15:00Z,4165.62,4168.245,4162.18,4164.46,7922
2026-08-05T08:30:00Z,4164.47,4167.24,4161.495,4166.205,11255
2026-08-05T08:45:00Z,4166.225,4166.34,4159.045,4160.515,10192
2026-08-05T09:00:00Z,4160.64,4167.17,4160.51,4162.955,9721
2026-08-05T09:15:00Z,4162.935,4162.955,4155.275,4157.69,5904
2026-08-05T09:30:00Z,4157.75,4159.2,4154.445,4158.28,7728
2026-08-05T09:45:00Z,4158.275,4159.26,4153.145,4157.98,6412
2026-08-05T10:00:00Z,4157.97,4158.01,4150.42,4151.19,5546
2026-08-05T10:15:00Z,4151.225,4158.645,4150.28,4156.85,4906
2026-08-05T10:30:00Z,4156.865,4157.895,4153.875,4155.155,3722
2026-08-05T10:45:00Z,4155.225,4161.495,4154.05,4161.42,5098
2026-08-05T11:00:00Z,4161.455,4171.045,4160.85,4170.995,7482
2026-08-05T11:15:00Z,4170.985,4180.82,4169.48,4176.07,7922
2026-08-05T11:30:00Z,4176.08,4188.59,4174.155,4184.785,11000
2026-08-05T11:45:00Z,4184.815,4192.625,4182.995,4188.93,9752
2026-08-05T12:00:00Z,4188.945,4199.945,4188.91,4197.675,13174
2026-08-05T12:15:00Z,4197.73,4213.54,4197.675,4205.335,12532
2026-08-05T12:30:00Z,4205.4,4209.035,4192.82,4194.64,13285
2026-08-05T12:45:00Z,4194.655,4195.7,4183.305,4183.985,12136
2026-08-05T13:00:00Z,4183.965,4197.27,4183.795,4188.075,15711
2026-08-05T13:15:00Z,4188.05,4198.245,4185.77,4197.125,11127
2026-08-05T13:30:00Z,4197.15,4204.76,4192.67,4197.53,23583
2026-08-05T13:45:00Z,4197.545,4206.845,4189.59,4206.17,18679
2026-08-05T14:00:00Z,4206.11,4234.915,4203.67,4229.655,26208
2026-08-05T14:15:00Z,4229.65,4240.58,4226.68,4236.865,26547
2026-08-05T14:30:00Z,4236.88,4243.705,4228.805,4243.34,21277
2026-08-05T14:45:00Z,4243.43,4247.64,4233.345,4244.26,19289
2026-08-05T15:00:00Z,4244.3,4261.06,4242.795,4258.195,20417
2026-08-05T15:15:00Z,4258.145,4265.29,4250.275,4257.715,16301
2026-08-05T15:30:00Z,4257.695,4259.835,4252.58,4255.96,10928
2026-08-05T15:45:00Z,4255.94,4255.97,4232.375,4233.0,16434
2026-08-05T16:00:00Z,4233.025,4236.455,4224.89,4234.48,16392
2026-08-05T16:15:00Z,4234.445,4241.755,4232.84,4241.34,14445
2026-08-05T16:30:00Z,4241.395,4247.075,4239.13,4244.745,10798
2026-08-05T16:45:00Z,4244.785,4247.48,4238.445,4242.26,11317
2026-08-05T17:00:00Z,4242.33,4244.495,4239.32,4242.15,9851
2026-08-05T17:15:00Z,4242.08,4246.68,4237.0,4244.915,11289
2026-08-05T17:30:00Z,4244.92,4250.99,4241.03,4248.355,9328
2026-08-05T17:45:00Z,4248.315,4252.555,4247.575,4250.36,6507
2026-08-05T18:00:00Z,4249.95,4257.615,4249.26,4253.265,8484
2026-08-05T18:15:00Z,4253.275,4268.09,4253.035,4263.0,9325
2026-08-05T18:30:00Z,4263.02,4263.86,4254.66,4259.455,8516
2026-08-05T18:45:00Z,4259.46,4263.71,4258.175,4260.985,7145
2026-08-05T19:00:00Z,4261.0,4262.27,4256.235,4258.21,7702
2026-08-05T19:15:00Z,4258.245,4258.38,4250.58,4252.975,7583
2026-08-05T19:30:00Z,4253.085,4254.265,4248.455,4253.25,8523
2026-08-05T19:45:00Z,4253.105,4253.62,4246.405,4247.13,9658
2026-08-05T20:00:00Z,4247.08,4249.695,4246.79,4249.23,3746
2026-08-05T20:15:00Z,4249.35,4249.76,4245.55,4246.305,2473
2026-08-05T20:30:00Z,4246.26,4249.6,4245.23,4245.545,1377
2026-08-05T20:45:00Z,4245.48,4247.335,4243.06,4247.275,1754
2026-08-05T22:00:00Z,4249.5,4249.715,4245.825,4247.795,2060
2026-08-05T22:15:00Z,4247.79,4248.965,4246.99,4248.05,2106
2026-08-05T22:30:00Z,4247.955,4250.37,4247.635,4248.345,2410
2026-08-05T22:45:00Z,4248.325,4250.385,4247.82,4250.045,1834
2026-08-05T23:00:00Z,4250.055,4258.37,4249.12,4256.31,2820
2026-08-05T23:15:00Z,4256.26,4264.3,4256.075,4263.62,3284
2026-08-05T23:30:00Z,4263.64,4282.05,4261.305,4280.73,6817
2026-08-05T23:45:00Z,4280.705,4280.915,4272.155,4278.305,6679
2026-08-06T00:00:00Z,4278.315,4278.315,4264.64,4270.915,12215
2026-08-06T00:15:00Z,4270.995,4284.755,4270.995,4274.185,11818
2026-08-06T00:30:00Z,4274.15,4291.02,4273.98,4286.375,10039
2026-08-06T00:45:00Z,4286.395,4300.39,4286.22,4294.98,12072
2026-08-06T01:00:00Z,4294.985,4302.74,4280.365,4284.915,21911
2026-08-06T01:15:00Z,4284.92,4288.045,4272.98,4276.2,13047
2026-08-06T01:30:00Z,4276.21,4297.39,4275.84,4287.65,15190
2026-08-06T01:45:00Z,4287.68,4297.415,4282.945,4286.64,11413
2026-08-06T02:00:00Z,4286.405,4304.285,4283.515,4295.205,11336
2026-08-06T02:15:00Z,4295.22,4300.23,4291.915,4292.285,6447
2026-08-06T02:30:00Z,4292.275,4292.49,4281.12,4285.91,10206
2026-08-06T02:45:00Z,4285.92,4287.33,4274.93,4278.71,11047
2026-08-06T03:00:00Z,4278.735,4280.95,4273.92,4274.05,9216
2026-08-06T03:15:00Z,4274.035,4274.035,4260.92,4266.26,11115
2026-08-06T03:30:00Z,4266.245,4267.01,4261.575,4262.9,5506
2026-08-06T03:45:00Z,4262.905,4265.86,4260.48,4265.795,5260
2026-08-06T04:00:00Z,4265.78,4267.27,4262.3,4263.425,5555
2026-08-06T04:15:00Z,4263.44,4263.905,4253.045,4255.51,5308
2026-08-06T04:30:00Z,4255.5,4261.3,4255.445,4259.25,5182
2026-08-06T04:45:00Z,4259.285,4263.065,4258.265,4262.265,3815
2026-08-06T05:00:00Z,4262.1,4265.44,4256.56,4259.58,7325
2026-08-06T05:15:00Z,4259.605,4259.635,4253.215,4254.03,6221
2026-08-06T05:30:00Z,4254.08,4266.09,4247.24,4263.745,11490
2026-08-06T05:45:00Z,4263.725,4268.675,4262.21,4267.345,6704
2026-08-06T06:00:00Z,4267.325,4268.64,4256.76,4260.48,6901
2026-08-06T06:15:00Z,4260.485,4261.37,4254.745,4257.66,6191
2026-08-06T06:30:00Z,4257.605,4258.095,4249.39,4256.85,6874
2026-08-06T06:45:00Z,4256.805,4258.335,4251.18,4256.225,7580
2026-08-06T07:00:00Z,4256.22,4263.89,4253.335,4263.34,5902
2026-08-06T07:15:00Z,4263.375,4265.47,4258.385,4261.93,6771
2026-08-06T07:30:00Z,4261.925,4262.085,4254.79,4255.025,4896
2026-08-06T07:45:00Z,4255.085,4262.97,4252.6,4262.79,6531
2026-08-06T08:00:00Z,4262.96,4269.49,4260.345,4269.025,6854
2026-08-06T08:15:00Z,4269.0,4270.605,4263.73,4267.965,6348
2026-08-06T08:30:00Z,4267.975,4275.08,4266.69,4273.37,7520
2026-08-06T08:45:00Z,4273.415,4278.915,4270.615,4278.33,7956
2026-08-06T09:00:00Z,4278.405,4283.745,4276.09,4279.96,8219
2026-08-06T09:15:00Z,4280.11,4284.885,4278.665,4283.5,5441
2026-08-06T09:30:00Z,4283.465,4284.385,4271.905,4271.935,8086
2026-08-06T09:45:00Z,4272.005,4276.315,4271.27,4273.16,4977
2026-08-06T10:00:00Z,4273.11,4273.7,4268.63,4269.655,7610
2026-08-06T10:15:00Z,4269.63,4271.05,4267.3,4269.39,6420
2026-08-06T10:30:00Z,4269.485,4269.885,4264.545,4265.475,4645
2026-08-06T10:45:00Z,4265.525,4271.635,4264.82,4270.915,3916
2026-08-06T11:00:00Z,4270.91,4273.405,4266.68,4269.125,6776
2026-08-06T11:15:00Z,4269.19,4271.635,4260.355,4264.38,6441
2026-08-06T11:30:00Z,4264.39,4267.09,4259.935,4260.74,5330
2026-08-06T11:45:00Z,4260.76,4263.775,4254.26,4263.3,8293
2026-08-06T12:00:00Z,4263.305,4265.755,4255.675,4256.405,7314
2026-08-06T12:15:00Z,4256.42,4263.11,4253.315,4261.62,6827
2026-08-06T12:30:00Z,4261.97,4271.115,4258.245,4266.985,8314
2026-08-06T12:45:00Z,4267.055,4267.625,4249.145,4250.27,10405
2026-08-06T13:00:00Z,4250.235,4255.93,4230.46,4238.605,16666
2026-08-06T13:15:00Z,4238.555,4248.325,4236.01,4247.835,10928
2026-08-06T13:30:00Z,4247.855,4274.29,4245.905,4270.16,20454
2026-08-06T13:45:00Z,4270.13,4270.325,4262.43,4267.025,18545
2026-08-06T14:00:00Z,4267.025,4275.44,4264.12,4268.26,17557
2026-08-06T14:15:00Z,4268.27,4269.01,4260.255,4265.35,11701
2026-08-06T14:30:00Z,4265.355,4274.945,4265.355,4273.635,12239
2026-08-06T14:45:00Z,4273.63,4275.37,4262.78,4273.055,14230
2026-08-06T15:00:00Z,4273.065,4274.39,4261.975,4263.885,12320
2026-08-06T15:15:00Z,4263.965,4263.965,4250.725,4254.995,11373
2026-08-06T15:30:00Z,4255.025,4255.73,4246.07,4251.595,9072
2026-08-06T15:45:00Z,4251.645,4251.8,4229.505,4233.82,14654
2026-08-06T16:00:00Z,4233.815,4243.18,4230.84,4232.97,17033
2026-08-06T16:15:00Z,4232.945,4233.03,4223.505,4230.23,15788
2026-08-06T16:30:00Z,4230.185,4236.225,4230.15,4233.71,9732
2026-08-06T16:45:00Z,4233.715,4242.615,4231.9,4241.525,9115
2026-08-06T17:00:00Z,4241.51,4244.615,4239.54,4240.945,8584
2026-08-06T17:15:00Z,4240.98,4242.745,4238.545,4241.76,9576
2026-08-06T17:30:00Z,4241.785,4243.58,4238.605,4242.04,5920
2026-08-06T17:45:00Z,4242.095,4248.2,4240.455,4247.27,6472
2026-08-06T18:00:00Z,4247.345,4249.165,4244.18,4246.92,6342
2026-08-06T18:15:00Z,4246.975,4249.74,4246.195,4246.84,6216
2026-08-06T18:30:00Z,4246.785,4247.93,4240.755,4241.855,3911
2026-08-06T18:45:00Z,4241.86,4245.745,4240.815,4243.535,3831
2026-08-06T19:00:00Z,4243.56,4251.385,4243.1,4247.57,4008
2026-08-06T19:15:00Z,4247.47,4248.6,4235.245,4237.465,7326
2026-08-06T19:30:00Z,4237.48,4239.79,4233.12,4234.77,8190
2026-08-06T19:45:00Z,4234.76,4250.845,4234.76,4248.95,9198
2026-08-06T20:00:00Z,4248.81,4250.215,4242.835,4244.555,4245
2026-08-06T20:15:00Z,4244.55,4245.61,4240.005,4241.9,2918
2026-08-06T20:30:00Z,4241.935,4242.5,4235.105,4235.365,2426
2026-08-06T20:45:00Z,4235.155,4242.065,4234.78,4240.75,1593
2026-08-06T22:00:00Z,4236.61,4239.195,4236.605,4239.195,686
2026-08-06T22:15:00Z,4239.2,4243.5,4239.12,4242.39,1923
2026-08-06T22:30:00Z,4242.395,4243.445,4239.03,4239.37,1754
2026-08-06T22:45:00Z,4239.36,4242.885,4238.885,4240.83,1258
2026-08-06T23:00:00Z,4240.555,4245.785,4240.36,4245.37,1952
2026-08-06T23:15:00Z,4245.34,4246.265,4243.19,4245.405,1437
2026-08-06T23:30:00Z,4245.415,4248.84,4244.95,4246.725,1645
2026-08-06T23:45:00Z,4246.735,4253.245,4245.88,4252.425,4898
2026-08-07T00:00:00Z,4252.42,4253.015,4243.525,4245.0,7851
2026-08-07T00:15:00Z,4244.98,4246.35,4239.255,4244.025,8040
2026-08-07T00:30:00Z,4244.02,4244.03,4230.395,4234.89,8631
2026-08-07T00:45:00Z,4234.87,4237.06,4229.875,4232.9,7521
2026-08-07T01:00:00Z,4232.925,4246.87,4231.59,4244.34,11170
2026-08-07T01:15:00Z,4244.405,4250.32,4240.245,4243.48,10496
2026-08-07T01:30:00Z,4243.485,4258.905,4239.335,4256.905,12729
2026-08-07T01:45:00Z,4256.9,4259.365,4251.965,4256.97,8720
2026-08-07T02:00:00Z,4256.955,4261.785,4256.245,4258.8,7105
2026-08-07T02:15:00Z,4258.79,4261.355,4257.56,4260.92,3820
2026-08-07T02:30:00Z,4261.0,4261.73,4249.805,4249.805,6450
2026-08-07T02:45:00Z,4249.81,4256.185,4247.21,4250.36,5614
2026-08-07T03:00:00Z,4250.39,4259.505,4249.57,4254.82,5781
2026-08-07T03:15:00Z,4254.75,4258.885,4251.935,4258.775,7044
2026-08-07T03:30:00Z,4258.765,4261.4,4257.725,4260.8,3346
2026-08-07T03:45:00Z,4260.785,4266.545,4259.285,4266.265,4445
2026-08-07T04:00:00Z,4266.245,4269.215,4262.24,4266.125,5563
2026-08-07T04:15:00Z,4266.12,4268.455,4261.945,4265.11,4638
2026-08-07T04:30:00Z,4264.99,4268.635,4260.81,4264.055,4310
2026-08-07T04:45:00Z,4264.09,4267.385,4262.385,4265.045,2048
2026-08-07T05:00:00Z,4264.995,4271.55,4262.1,4269.31,5452
2026-08-07T05:15:00Z,4269.28,4270.78,4264.795,4266.76,4853
2026-08-07T05:30:00Z,4266.8,4277.545,4266.09,4271.56,7721
2026-08-07T05:45:00Z,4271.545,4280.635,4271.545,4278.815,7024
2026-08-07T06:00:00Z,4278.875,4291.52,4278.535,4286.775,7648
2026-08-07T06:15:00Z,4286.755,4291.49,4283.26,4283.435,9377
2026-08-07T06:30:00Z,4283.445,4294.93,4280.24,4292.2,9393
2026-08-07T06:45:00Z,4292.205,4298.945,4288.915,4297.275,10361
2026-08-07T07:00:00Z,4297.3,4298.095,4290.365,4291.31,7092
2026-08-07T07:15:00Z,4291.325,4292.84,4284.72,4285.475,7761
2026-08-07T07:30:00Z,4285.47,4288.88,4283.92,4285.295,8182
2026-08-07T07:45:00Z,4285.245,4291.325,4282.99,4290.18,4733
2026-08-07T08:00:00Z,4290.17,4300.605,4289.13,4299.805,7437
2026-08-07T08:15:00Z,4299.81,4300.805,4293.435,4295.155,7884
2026-08-07T08:30:00Z,4295.12,4316.735,4294.14,4309.25,11213
2026-08-07T08:45:00Z,4309.36,4311.67,4303.34,4306.245,5946
2026-08-07T09:00:00Z,4306.25,4307.455,4304.655,4306.065,4153
2026-08-07T09:15:00Z,4306.055,4311.1,4304.855,4306.96,5350
2026-08-07T09:30:00Z,4307.005,4318.48,4302.29,4317.525,8143
2026-08-07T09:45:00Z,4317.605,4320.865,4314.425,4316.08,10600
2026-08-07T10:00:00Z,4316.075,4319.385,4308.09,4308.29,9458
2026-08-07T10:15:00Z,4308.28,4314.48,4308.205,4313.785,6302
2026-08-07T10:30:00Z,4313.815,4318.315,4313.2,4316.875,7589
2026-08-07T10:45:00Z,4316.885,4320.695,4316.46,4316.97,6606
2026-08-07T11:00:00Z,4316.965,4326.405,4316.9,4320.39,9191
2026-08-07T11:15:00Z,4320.385,4327.405,4317.29,4325.07,6301
2026-08-07T11:30:00Z,4325.14,4327.745,4320.825,4322.885,8206
2026-08-07T11:45:00Z,4322.805,4327.025,4320.87,4321.245,7015
2026-08-07T12:00:00Z,4321.24,4325.55,4314.975,4315.16,8883
2026-08-07T12:15:00Z,4315.14,4317.44,4301.015,4309.88,11734
2026-08-07T12:30:00Z,4309.94,4370.8,4309.905,4367.055,38029
2026-08-07T12:45:00Z,4367.1,4371.84,4355.655,4361.425,24705
2026-08-07T13:00:00Z,4361.415,4364.365,4346.125,4347.99,21702
2026-08-07T13:15:00Z,4348.005,4358.115,4338.98,4356.4,15468
2026-08-07T13:30:00Z,4356.395,4368.01,4350.8,4358.565,30674
2026-08-07T13:45:00Z,4358.55,4360.035,4342.37,4348.255,26145
2026-08-07T14:00:00Z,4348.265,4349.065,4327.455,4334.595,32071
2026-08-07T14:15:00Z,4334.6,4353.025,4330.515,4348.865,27184
2026-08-07T14:30:00Z,4348.875,4350.68,4342.22,4344.185,24595
2026-08-07T14:45:00Z,4344.235,4349.015,4340.335,4341.605,17998
2026-08-07T15:00:00Z,4341.615,4356.08,4340.385,4355.53,18970
2026-08-07T15:15:00Z,4355.53,4358.545,4351.22,4351.495,12775
2026-08-07T15:30:00Z,4351.51,4353.985,4347.235,4349.6,14841
2026-08-07T15:45:00Z,4349.64,4351.865,4339.895,4341.13,13172
2026-08-07T16:00:00Z,4341.185,4349.72,4338.735,4347.475,11993
2026-08-07T16:15:00Z,4347.46,4349.745,4334.42,4337.63,16534
2026-08-07T16:30:00Z,4337.655,4342.13,4332.74,4338.735,13896
2026-08-07T16:45:00Z,4338.73,4342.31,4329.28,4329.305,12081
2026-08-07T17:00:00Z,4329.3,4338.585,4327.865,4335.75,10928
2026-08-07T17:15:00Z,4335.675,4342.255,4333.905,4339.735,10724
2026-08-07T17:30:00Z,4339.71,4340.205,4329.845,4336.275,11410
2026-08-07T17:45:00Z,4336.27,4343.15,4335.035,4340.275,7701
2026-08-07T18:00:00Z,4340.325,4343.03,4334.905,4335.06,9959
2026-08-07T18:15:00Z,4335.08,4338.035,4332.255,4334.535,9302
2026-08-07T18:30:00Z,4334.565,4339.08,4333.43,4334.355,6482
2026-08-07T18:45:00Z,4334.315,4337.6,4333.22,4335.695,5188
2026-08-07T19:00:00Z,4335.7,4345.795,4335.565,4343.57,12820
2026-08-07T19:15:00Z,4343.585,4350.41,4342.995,4348.625,13631
2026-08-07T19:30:00Z,4348.63,4348.875,4344.355,4347.96,11764
2026-08-07T19:45:00Z,4347.95,4349.535,4340.09,4344.08,11755
2026-08-07T20:00:00Z,4344.12,4345.38,4338.14,4342.54,2654
2026-08-07T20:15:00Z,4342.525,4343.035,4337.21,4337.855,1947
2026-08-07T20:30:00Z,4337.82,4342.38,4336.015,4341.525,1936
2026-08-07T20:45:00Z,4341.39,4343.46,4339.085,4341.935,3236
2026-08-09T22:00:00Z,4340.39,4346.235,4334.605,4343.645,2669
2026-08-09T22:15:00Z,4343.6,4344.755,4338.425,4343.76,3890
2026-08-09T22:30:00Z,4343.765,4345.265,4340.085,4340.33,3133
2026-08-09T22:45:00Z,4340.315,4344.11,4340.06,4341.59,2358
2026-08-09T23:00:00Z,4341.605,4347.68,4341.15,4346.45,3094
2026-08-09T23:15:00Z,4346.465,4349.11,4344.12,4346.385,2548
2026-08-09T23:30:00Z,4346.31,4347.375,4340.175,4342.35,3562
2026-08-09T23:45:00Z,4342.365,4343.55,4332.32,4333.115,5468
2026-08-10T00:00:00Z,4333.075,4347.215,4332.81,4344.4,11650
2026-08-10T00:15:00Z,4344.51,4345.955,4337.36,4337.78,7693
2026-08-10T00:30:00Z,4337.7,4339.43,4333.74,4334.47,6831
2026-08-10T00:45:00Z,4334.5,4337.515,4330.84,4332.21,8650
2026-08-10T01:00:00Z,4332.27,4340.655,4322.055,4322.975,25628
2026-08-10T01:15:00Z,4322.965,4328.3,4316.47,4316.515,11605
2026-08-10T01:30:00Z,4316.48,4321.24,4313.43,4317.465,12202
2026-08-10T01:45:00Z,4317.455,4324.27,4316.1,4322.67,10065
2026-08-10T02:00:00Z,4322.695,4325.935,4318.79,4324.68,8743
2026-08-10T02:15:00Z,4324.685,4332.405,4323.595,4330.94,4907
2026-08-10T02:30:00Z,4330.93,4332.345,4323.28,4326.51,7417
2026-08-10T02:45:00Z,4326.58,4327.325,4318.81,4319.735,6063
2026-08-10T03:00:00Z,4319.72,4321.395,4317.805,4320.165,4723
2026-08-10T03:15:00Z,4320.18,4328.445,4319.695,4327.355,5739
2026-08-10T03:30:00Z,4327.34,4330.025,4324.9,4325.28,4060
2026-08-10T03:45:00Z,4325.23,4328.04,4324.2,4326.735,2035
2026-08-10T04:00:00Z,4326.79,4332.86,4323.21,4332.45,4805
2026-08-10T04:15:00Z,4332.49,4337.745,4330.895,4334.875,3686
2026-08-10T04:30:00Z,4334.825,4336.325,4329.99,4332.41,3642
2026-08-10T04:45:00Z,4332.405,4339.64,4332.145,4339.535,4429
2026-08-10T05:00:00Z,4339.475,4339.85,4333.485,4335.07,3805
2026-08-10T05:15:00Z,4335.095,4336.53,4332.88,4333.97,2873
2026-08-10T05:30:00Z,4333.925,4344.425,4331.74,4343.73,10838
2026-08-10T05:45:00Z,4343.725,4352.41,4340.75,4347.405,7070
2026-08-10T06:00:00Z,4347.475,4350.295,4341.97,4347.34,6309
2026-08-10T06:15:00Z,4347.31,4349.81,4342.705,4348.43,6828
2026-08-10T06:30:00Z,4348.42,4356.1,4346.12,4355.34,7182
2026-08-10T06:45:00Z,4355.37,4359.935,4355.185,4358.31,7700
2026-08-10T07:00:00Z,4358.22,4358.965,4350.23,4351.29,7861
2026-08-10T07:15:00Z,4351.295,4359.03,4350.645,4355.145,7324
2026-08-10T07:30:00Z,4355.095,4360.1,4352.61,4359.475,5147
2026-08-10T07:45:00Z,4359.46,4362.06,4354.775,4355.46,6385
2026-08-10T08:00:00Z,4355.445,4356.465,4351.645,4354.635,4022
2026-08-10T08:15:00Z,4354.7,4356.44,4352.37,4355.715,4050
2026-08-10T08:30:00Z,4355.675,4356.76,4345.8,4346.315,4912
2026-08-10T08:45:00Z,4346.31,4349.13,4343.905,4346.65,5251
2026-08-10T09:00:00Z,4346.715,4350.07,4345.75,4349.835,5262
2026-08-10T09:15:00Z,4349.845,4349.92,4344.8,4346.985,3074
2026-08-10T09:30:00Z,4346.945,4346.945,4340.395,4344.275,6025
2026-08-10T09:45:00Z,4344.16,4345.44,4340.915,4341.29,2743
2026-08-10T10:00:00Z,4341.34,4341.635,4339.295,4340.735,4330
2026-08-10T10:15:00Z,4340.715,4344.275,4339.41,4343.66,4374
2026-08-10T10:30:00Z,4343.665,4344.18,4337.805,4337.94,4144
2026-08-10T10:45:00Z,4337.91,4340.68,4335.45,4335.75,4811
2026-08-10T11:00:00Z,4335.78,4336.825,4329.43,4331.655,5450
2026-08-10T11:15:00Z,4331.45,4336.45,4329.045,4334.7,3974
2026-08-10T11:30:00Z,4334.69,4339.535,4334.595,4337.4,4843
2026-08-10T11:45:00Z,4337.45,4338.02,4332.12,4335.12,4295
2026-08-10T12:00:00Z,4335.095,4337.635,4331.215,4331.92,6569
2026-08-10T12:15:00Z,4331.925,4332.735,4324.125,4327.82,7851
2026-08-10T12:30:00Z,4327.745,4332.71,4326.43,4329.22,8602
2026-08-10T12:45:00Z,4329.225,4335.68,4328.815,4332.625,5461
2026-08-10T13:00:00Z,4332.66,4337.935,4326.045,4337.345,11623
2026-08-10T13:15:00Z,4337.355,4337.715,4329.08,4335.115,6158
2026-08-10T13:30:00Z,4335.19,4340.165,4330.105,4331.035,23967
2026-08-10T13:45:00Z,4331.04,4332.08,4316.675,4317.985,19838
2026-08-10T14:00:00Z,4317.98,4331.13,4317.965,4330.195,10955
2026-08-10T14:15:00Z,4330.205,4348.185,4328.565,4345.62,17774
2026-08-10T14:30:00Z,4345.645,4352.04,4344.725,4349.48,15804
2026-08-10T14:45:00Z,4349.49,4350.715,4342.655,4345.435,14830
2026-08-10T15:00:00Z,4345.6,4352.09,4343.325,4346.985,14168
2026-08-10T15:15:00Z,4346.97,4352.435,4345.905,4349.245,9926
2026-08-10T15:30:00Z,4349.26,4351.945,4347.895,4350.315,10061
2026-08-10T15:45:00Z,4350.295,4359.545,4348.645,4358.51,9162
2026-08-10T16:00:00Z,4358.53,4364.8,4356.835,4361.425,14671
2026-08-10T16:15:00Z,4361.44,4364.59,4360.93,4362.695,11140
2026-08-10T16:30:00Z,4362.7,4363.005,4349.19,4351.785,11524
2026-08-10T16:45:00Z,4351.835,4357.025,4351.705,4356.845,7853
2026-08-10T17:00:00Z,4356.855,4358.28,4351.75,4357.115,7613
2026-08-10T17:15:00Z,4356.99,4361.27,4356.455,4361.14,7913
2026-08-10T17:30:00Z,4361.085,4365.315,4359.565,4360.38,7885
2026-08-10T17:45:00Z,4360.375,4361.3,4357.655,4360.23,9473
2026-08-10T18:00:00Z,4360.3,4365.315,4359.84,4363.195,8786
2026-08-10T18:15:00Z,4363.22,4367.22,4361.505,4365.9,9686
2026-08-10T18:30:00Z,4365.935,4383.05,4365.17,4379.72,14135
2026-08-10T18:45:00Z,4379.745,4379.875,4373.46,4378.49,11508
2026-08-10T19:00:00Z,4378.495,4382.96,4378.495,4382.085,11136
2026-08-10T19:15:00Z,4382.115,4391.665,4381.37,4390.81,12697
2026-08-10T19:30:00Z,4390.845,4394.115,4384.42,4388.265,12606
2026-08-10T19:45:00Z,4388.275,4395.385,4387.36,4388.555,11975
2026-08-10T20:00:00Z,4388.55,4390.75,4386.005,4389.275,2657
2026-08-10T20:15:00Z,4389.31,4392.06,4386.63,4391.09,3151
2026-08-10T20:30:00Z,4391.1,4392.135,4389.95,4389.95,2498
2026-08-10T20:45:00Z,4389.92,4390.77,4388.765,4390.235,2109
2026-08-10T22:00:00Z,4389.775,4392.95,4389.34,4391.37,2100
2026-08-10T22:15:00Z,4391.35,4393.58,4390.925,4392.09,2050
2026-08-10T22:30:00Z,4392.14,4396.225,4392.085,4395.36,2417
2026-08-10T22:45:00Z,4395.355,4401.065,4395.3,4399.895,2787
2026-08-10T23:00:00Z,4399.935,4402.25,4395.77,4397.46,4092
2026-08-10T23:15:00Z,4397.425,4397.485,4394.7,4395.47,1873
2026-08-10T23:30:00Z,4395.465,4398.97,4395.305,4398.79,1931
2026-08-10T23:45:00Z,4398.775,4402.715,4396.465,4402.355,5464
2026-08-11T00:00:00Z,4402.41,4409.125,4396.44,4405.695,9281
2026-08-11T00:15:00Z,4405.67,4416.36,4404.735,4414.08,4965
2026-08-11T00:30:00Z,4414.1,4414.285,4407.615,4414.265,5058
2026-08-11T00:45:00Z,4414.28,4419.335,4408.435,4409.495,6987
2026-08-11T01:00:00Z,4409.49,4415.435,4393.78,4414.77,18945
2026-08-11T01:15:00Z,4414.78,4420.38,4412.845,4419.425,12307
2026-08-11T01:30:00Z,4419.43,4422.365,4415.185,4415.305,9607
2026-08-11T01:45:00Z,4415.425,4434.265,4414.7,4429.815,11615
2026-08-11T02:00:00Z,4429.705,4434.59,4421.79,4433.995,9252
2026-08-11T02:15:00Z,4434.02,4435.245,4426.205,4428.63,6105
2026-08-11T02:30:00Z,4428.635,4429.305,4414.02,4418.615,10056
2026-08-11T02:45:00Z,4418.63,4419.2,4408.09,4410.975,7244
2026-08-11T03:00:00Z,4410.96,4415.46,4409.835,4413.57,5581
2026-08-11T03:15:00Z,4413.61,4420.86,4413.005,4420.48,6549
2026-08-11T03:30:00Z,4420.38,4421.675,4415.7,4416.135,3522
2026-08-11T03:45:00Z,4416.13,4419.0,4414.225,4416.9,3323
2026-08-11T04:00:00Z,4416.895,4419.685,4412.19,4414.03,3895
2026-08-11T04:15:00Z,4414.045,4415.865,4409.975,4415.39,4031
2026-08-11T04:30:00Z,4415.385,4420.5,4408.345,4410.22,7437
2026-08-11T04:45:00Z,4410.225,4411.595,4403.49,4409.005,4783
2026-08-11T05:00:00Z,4408.995,4409.15,4399.345,4402.26,3828
2026-08-11T05:15:00Z,4402.16,4402.265,4390.875,4392.42,6035
2026-08-11T05:30:00Z,4392.05,4392.235,4372.695,4377.28,17127
2026-08-11T05:45:00Z,4377.295,4378.34,4367.52,4375.47,14245
2026-08-11T06:00:00Z,4375.47,4382.7,4371.83,4372.885,13696
2026-08-11T06:15:00Z,4372.875,4376.235,4362.09,4363.58,12093
2026-08-11T06:30:00Z,4363.59,4369.45,4359.865,4363.645,11941
2026-08-11T06:45:00Z,4363.67,4367.68,4359.675,4366.325,8634
2026-08-11T07:00:00Z,4366.315,4367.97,4361.29,4363.28,8032
2026-08-11T07:15:00Z,4363.275,4366.015,4357.51,4363.045,7582
2026-08-11T07:30:00Z,4363.115,4364.89,4356.845,4358.725,7571
2026-08-11T07:45:00Z,4358.825,4361.635,4356.7,4357.655,4630
2026-08-11T08:00:00Z,4357.635,4366.755,4357.0,4365.175,6930
2026-08-11T08:15:00Z,4365.18,4369.91,4359.14,4369.38,5981
2026-08-11T08:30:00Z,4369.265,4376.075,4368.89,4374.91,6100
2026-08-11T08:45:00Z,4374.935,4376.765,4369.27,4369.29,5414
2026-08-11T09:00:00Z,4369.245,4373.175,4367.675,4372.61,5632
2026-08-11T09:15:00Z,4372.62,4375.655,4370.795,4372.045,7877
2026-08-11T09:30:00Z,4372.02,4375.16,4370.17,4370.58,6091
2026-08-11T09:45:00Z,4370.585,4374.845,4370.51,4372.505,3949
2026-08-11T10:00:00Z,4372.57,4376.18,4371.37,4373.265,5066
2026-08-11T10:15:00Z,4373.38,4381.955,4372.425,4378.46,6561
2026-08-11T10:30:00Z,4378.425,4381.05,4377.025,4377.835,5476
2026-08-11T10:45:00Z,4377.81,4382.77,4377.72,4382.56,5167
2026-08-11T11:00:00Z,4382.485,4393.11,4380.565,4391.62,13204
2026-08-11T11:15:00Z,4391.725,4392.56,4385.29,4387.48,7605
2026-08-11T11:30:00Z,4387.51,4388.27,4383.19,4386.24,5631
2026-08-11T11:45:00Z,4386.215,4390.055,4384.995,4387.8,5180
2026-08-11T12:00:00Z,4387.8,4397.63,4383.875,4397.02,8860
2026-08-11T12:15:00Z,4397.025,4399.8,4387.645,4391.36,11994
2026-08-11T12:30:00Z,4391.425,4398.73,4388.905,4398.725,9572
2026-08-11T12:45:00Z,4398.74,4400.185,4392.19,4392.53,7113
2026-08-11T13:00:00Z,4392.52,4400.98,4391.965,4393.84,11063
2026-08-11T13:15:00Z,4393.835,4400.875,4389.63,4397.92,10649
2026-08-11T13:30:00Z,4397.91,4401.84,4388.99,4399.78,18469
2026-08-11T13:45:00Z,4399.915,4404.29,4384.645,4389.5,18975
2026-08-11T14:00:00Z,4389.35,4390.11,4381.29,4387.005,14319
2026-08-11T14:15:00Z,4386.985,4390.265,4381.645,4384.0,11354
2026-08-11T14:30:00Z,4384.055,4395.32,4384.055,4393.5,11086
2026-08-11T14:45:00Z,4393.525,4397.99,4391.87,4394.125,10317
2026-08-11T15:00:00Z,4394.175,4398.83,4389.285,4392.365,9454
2026-08-11T15:15:00Z,4392.37,4392.37,4382.02,4386.87,12663
2026-08-11T15:30:00Z,4386.895,4387.1,4369.15,4375.925,16845
2026-08-11T15:45:00Z,4375.915,4383.95,4375.035,4383.905,9502
2026-08-11T16:00:00Z,4383.92,4384.95,4378.765,4379.535,9278
2026-08-11T16:15:00Z,4379.64,4383.49,4378.52,4383.105,7720
2026-08-11T16:30:00Z,4383.1,4385.9,4379.335,4384.81,6517
2026-08-11T16:45:00Z,4384.815,4385.62,4381.115,4383.46,6089
2026-08-11T17:00:00Z,4383.5,4385.765,4381.165,4381.165,6068
2026-08-11T17:15:00Z,4381.245,4384.51,4379.035,4381.485,7846
2026-08-11T17:30:00Z,4381.565,4382.095,4374.39,4376.32,6299
2026-08-11T17:45:00Z,4376.285,4377.72,4368.935,4369.19,5079
2026-08-11T18:00:00Z,4369.225,4369.405,4360.295,4363.825,8966
2026-08-11T18:15:00Z,4363.765,4367.39,4360.495,4361.375,7877
2026-08-11T18:30:00Z,4361.415,4371.785,4361.225,4371.09,4975
2026-08-11T18:45:00Z,4371.1,4372.69,4370.115,4371.59,4152
2026-08-11T19:00:00Z,4371.655,4372.29,4363.5,4363.945,5794
2026-08-11T19:15:00Z,4363.95,4370.995,4361.265,4370.465,5977
2026-08-11T19:30:00Z,4370.47,4374.28,4366.48,4367.645,6010
2026-08-11T19:45:00Z,4367.685,4373.41,4366.325,4370.74,7227
2026-08-11T20:00:00Z,4370.745,4371.225,4368.56,4370.42,2543
2026-08-11T20:15:00Z,4370.445,4371.115,4367.75,4370.2,1210
2026-08-11T20:30:00Z,4370.27,4370.47,4367.48,4367.525,1512
2026-08-11T20:45:00Z,4367.47,4368.925,4367.18,4368.245,1024
2026-08-11T22:00:00Z,4372.355,4375.49,4372.115,4373.995,1477
2026-08-11T22:15:00Z,4374.035,4377.215,4373.46,4376.72,2763
2026-08-11T22:30:00Z,4376.71,4378.145,4374.88,4376.35,2408
2026-08-11T22:45:00Z,4376.38,4378.52,4367.28,4369.2,4563
2026-08-11T23:00:00Z,4369.19,4369.895,4362.655,4366.58,5087
2026-08-11T23:15:00Z,4366.425,4374.77,4365.265,4373.06,3710
2026-08-11T23:30:00Z,4373.01,4373.055,4366.76,4367.975,2128
2026-08-11T23:45:00Z,4367.995,4372.075,4367.995,4371.645,2731
2026-08-12T00:00:00Z,4371.65,4379.495,4366.54,4378.17,6503
2026-08-12T00:15:00Z,4378.105,4381.205,4374.25,4380.675,5005
2026-08-12T00:30:00Z,4380.66,4383.8,4379.32,4382.955,4424
2026-08-12T00:45:00Z,4382.94,4383.28,4377.595,4380.5,3947
2026-08-12T01:00:00Z,4380.585,4390.775,4378.445,4390.405,13192
2026-08-12T01:15:00Z,4390.54,4394.165,4386.73,4390.65,6524
2026-08-12T01:30:00Z,4390.63,4393.315,4385.225,4393.15,7546
2026-08-12T01:45:00Z,4393.18,4397.42,4391.22,4396.5,5369
2026-08-12T02:00:00Z,4396.505,4404.7,4394.21,4401.84,6097
2026-08-12T02:15:00Z,4401.825,4403.82,4399.54,4402.105,4310
2026-08-12T02:30:00Z,4402.11,4408.315,4397.655,4405.46,6740
2026-08-12T02:45:00Z,4405.45,4414.5,4405.235,4411.32,6252
2026-08-12T03:00:00Z,4411.355,4416.25,4408.585,4410.895,5516
2026-08-12T03:15:00Z,4410.85,4410.9,4404.53,4407.41,5499
2026-08-12T03:30:00Z,4407.34,4408.675,4401.285,4401.375,3972
2026-08-12T03:45:00Z,4401.38,4403.955,4401.065,4402.36,3117
2026-08-12T04:00:00Z,4402.365,4403.425,4396.7,4397.54,2946
2026-08-12T04:15:00Z,4397.53,4399.53,4395.61,4399.175,3068
2026-08-12T04:30:00Z,4399.18,4400.295,4395.44,4400.26,2689
2026-08-12T04:45:00Z,4400.27,4402.44,4399.25,4401.175,2476
2026-08-12T05:00:00Z,4401.125,4404.88,4400.32,4401.03,2617
2026-08-12T05:15:00Z,4401.02,4401.085,4392.58,4392.79,3729
2026-08-12T05:30:00Z,4392.555,4397.21,4388.095,4388.105,8468
2026-08-12T05:45:00Z,4388.09,4394.16,4384.02,4391.025,6698
2026-08-12T06:00:00Z,4391.01,4393.1,4385.235,4387.26,6083
2026-08-12T06:15:00Z,4387.235,4390.585,4385.85,4389.875,5329
2026-08-12T06:30:00Z,4389.865,4397.485,4388.54,4394.67,8470
2026-08-12T06:45:00Z,4394.68,4406.445,4394.675,4403.55,6979
2026-08-12T07:00:00Z,4403.545,4406.165,4400.985,4401.585,5036
2026-08-12T07:15:00Z,4401.61,4402.895,4398.345,4402.555,4313
2026-08-12T07:30:00Z,4402.535,4408.54,4401.555,4407.85,3791
2026-08-12T07:45:00Z,4407.845,4410.145,4404.87,4406.355,5030
2026-08-12T08:00:00Z,4406.355,4410.545,4405.995,4408.675,4905
2026-08-12T08:15:00Z,4408.605,4409.525,4405.745,4407.115,4077
2026-08-12T08:30:00Z,4407.105,4407.675,4404.56,4406.24,4199
2026-08-12T08:45:00Z,4406.23,4406.235,4401.8,4401.895,4181
2026-08-12T09:00:00Z,4401.95,4413.215,4401.925,4413.045,5332
2026-08-12T09:15:00Z,4413.13,4424.46,4412.58,4413.315,8630
2026-08-12T09:30:00Z,4413.215,4417.24,4412.06,4413.795,6304
2026-08-12T09:45:00Z,4413.86,4416.785,4410.945,4416.055,5474
2026-08-12T10:00:00Z,4416.09,4419.36,4414.68,4417.905,3802
2026-08-12T10:15:00Z,4417.975,4421.025,4417.5,4419.795,4233
2026-08-12T10:30:00Z,4419.63,4420.035,4412.89,4414.835,4464
2026-08-12T10:45:00Z,4414.745,4415.8,4407.575,4412.88,5819
2026-08-12T11:00:00Z,4412.885,4415.415,4407.995,4408.1,3462
2026-08-12T11:15:00Z,4408.15,4416.805,4408.085,4415.105,3855
2026-08-12T11:30:00Z,4415.06,4415.925,4410.305,4413.305,3453
2026-08-12T11:45:00Z,4413.285,4415.635,4412.73,4412.935,3456
2026-08-12T12:00:00Z,4412.955,4413.235,4406.485,4408.87,5972
2026-08-12T12:15:00Z,4408.745,4427.625,4404.855,4427.49,10852
2026-08-12T12:30:00Z,4427.57,4438.305,4382.485,4428.425,36385
2026-08-12T12:45:00Z,4428.405,4438.115,4416.75,4437.37,22712
2026-08-12T13:00:00Z,4437.37,4441.315,4420.835,4421.95,24104
2026-08-12T13:15:00Z,4422.015,4429.1,4414.595,4418.575,15604
2026-08-12T13:30:00Z,4418.585,4421.08,4408.65,4416.57,29116
2026-08-12T13:45:00Z,4416.565,4434.035,4415.465,4427.53,26542
2026-08-12T14:00:00Z,4427.535,4434.87,4421.08,4431.84,21492
2026-08-12T14:15:00Z,4431.835,4439.75,4429.975,4431.63,18053
2026-08-12T14:30:00Z,4431.64,4436.255,4416.545,4425.105,20015
2026-08-12T14:45:00Z,4425.13,4432.525,4416.62,4422.16,20579
2026-08-12T15:00:00Z,4422.245,4430.14,4415.045,4426.645,18340
2026-08-12T15:15:00Z,4426.67,4428.17,4419.76,4421.615,13127
2026-08-12T15:30:00Z,4421.69,4425.565,4416.945,4418.185,10083
2026-08-12T15:45:00Z,4418.18,4422.52,4411.145,4421.17,8351
2026-08-12T16:00:00Z,4421.145,4425.85,4416.84,4423.56,11441
2026-08-12T16:15:00Z,4423.54,4426.57,4422.44,4423.25,8821
2026-08-12T16:30:00Z,4423.23,4423.92,4409.435,4411.08,12857
2026-08-12T16:45:00Z,4411.07,4411.43,4396.575,4401.68,14131
2026-08-12T17:00:00Z,4401.685,4407.705,4400.05,4403.815,10290
2026-08-12T17:15:00Z,4403.82,4409.885,4402.14,4406.655,11846
2026-08-12T17:30:00Z,4406.72,4411.575,4401.435,4402.05,6463
2026-08-12T17:45:00Z,4402.055,4405.68,4399.135,4399.62,6400
2026-08-12T18:00:00Z,4399.625,4406.77,4396.575,4405.92,6847
2026-08-12T18:15:00Z,4405.99,4411.33,4404.73,4408.655,5085
2026-08-12T18:30:00Z,4408.64,4413.84,4408.06,4413.775,4989
2026-08-12T18:45:00Z,4413.745,4418.005,4412.905,4413.165,3948
2026-08-12T19:00:00Z,4413.185,4418.475,4412.97,4416.49,4220
2026-08-12T19:15:00Z,4416.45,4418.115,4415.79,4416.865,3863
2026-08-12T19:30:00Z,4416.895,4416.925,4411.435,4413.335,4600
2026-08-12T19:45:00Z,4413.285,4414.23,4408.335,4414.01,6194
2026-08-12T20:00:00Z,4414.08,4414.37,4408.83,4409.08,1829
2026-08-12T20:15:00Z,4409.095,4410.02,4406.725,4407.925,1672
2026-08-12T20:30:00Z,4407.885,4408.895,4406.88,4408.05,1383
2026-08-12T20:45:00Z,4408.13,4409.035,4406.755,4408.525,1237
2026-08-12T22:00:00Z,4405.785,4405.8,4402.565,4403.27,1256
2026-08-12T22:15:00Z,4403.235,4403.29,4398.43,4399.485,1492
2026-08-12T22:30:00Z,4399.48,4402.01,4398.865,4400.11,1847
2026-08-12T22:45:00Z,4400.29,4403.135,4399.885,4401.865,1049
2026-08-12T23:00:00Z,4401.835,4406.105,4401.835,4405.74,1830
2026-08-12T23:15:00Z,4405.755,4410.03,4405.705,4408.425,1547
2026-08-12T23:30:00Z,4408.46,4410.54,4407.285,4408.655,1163
2026-08-12T23:45:00Z,4408.745,4414.62,4408.03,4414.515,2110
2026-08-13T00:00:00Z,4414.565,4422.37,4413.06,4419.26,7269
2026-08-13T00:15:00Z,4419.395,4437.545,4419.36,4428.43,8958
2026-08-13T00:30:00Z,4428.37,4449.83,4424.6,4440.225,11675
2026-08-13T00:45:00Z,4440.205,4440.335,4424.175,4427.76,10375
2026-08-13T01:00:00Z,4427.71,4435.44,4422.835,4430.035,16583
2026-08-13T01:15:00Z,4430.075,4435.35,4419.105,4419.425,12085
2026-08-13T01:30:00Z,4419.395,4430.34,4417.865,4419.335,10501
2026-08-13T01:45:00Z,4419.28,4419.28,4406.33,4408.55,10456
2026-08-13T02:00:00Z,4408.5,4414.245,4405.56,4410.875,8983
2026-08-13T02:15:00Z,4410.86,4412.62,4405.87,4406.68,4430
2026-08-13T02:30:00Z,4406.58,4410.285,4399.135,4410.285,11994
2026-08-13T02:45:00Z,4410.29,4410.74,4405.56,4407.215,6578
2026-08-13T03:00:00Z,4407.145,4412.29,4404.04,4407.11,8278
2026-08-13T03:15:00Z,4407.095,4410.275,4405.51,4409.26,6976
2026-08-13T03:30:00Z,4409.34,4410.56,4405.525,4406.015,3590
2026-08-13T03:45:00Z,4406.0,4407.68,4398.78,4400.3,4142
2026-08-13T04:00:00Z,4400.235,4400.525,4391.615,4394.59,7617
2026-08-13T04:15:00Z,4394.595,4399.265,4392.56,4398.23,4984
2026-08-13T04:30:00Z,4398.275,4399.59,4395.2,4395.945,4077
2026-08-13T04:45:00Z,4395.9,4398.95,4395.325,4397.825,6310
2026-08-13T05:00:00Z,4397.85,4404.735,4393.075,4404.61,8014
2026-08-13T05:15:00Z,4404.63,4407.31,4400.795,4406.31,5666
2026-08-13T05:30:00Z,4406.48,4407.12,4386.39,4387.745,13667
2026-08-13T05:45:00Z,4387.67,4389.515,4380.63,4383.06,12536
2026-08-13T06:00:00Z,4383.12,4385.68,4375.1,4375.97,9859
2026-08-13T06:15:00Z,4375.975,4378.855,4374.28,4376.12,7427
2026-08-13T06:30:00Z,4375.955,4378.64,4369.035,4374.3,9617
2026-08-13T06:45:00Z,4374.285,4381.69,4374.18,4381.075,7437
2026-08-13T07:00:00Z,4381.06,4381.84,4375.095,4376.965,8787
2026-08-13T07:15:00Z,4377.03,4377.805,4373.77,4376.59,7686
2026-08-13T07:30:00Z,4376.575,4378.79,4372.24,4378.655,8614
2026-08-13T07:45:00Z,4378.66,4378.87,4369.405,4369.96,9830
2026-08-13T08:00:00Z,4369.93,4370.715,4364.17,4366.165,8974
2026-08-13T08:15:00Z,4366.075,4373.665,4365.005,4372.915,6585
2026-08-13T08:30:00Z,4372.925,4375.895,4372.07,4373.735,6502
2026-08-13T08:45:00Z,4373.755,4379.355,4373.515,4376.025,6317
2026-08-13T09:00:00Z,4375.995,4378.48,4372.605,4376.875,7372
2026-08-13T09:15:00Z,4376.965,4382.315,4376.34,4379.88,6910
2026-08-13T09:30:00Z,4379.865,4381.755,4378.8,4380.045,4466
2026-08-13T09:45:00Z,4379.96,4384.92,4378.505,4384.635,5218
2026-08-13T10:00:00Z,4384.66,4385.43,4381.51,4381.63,3785
2026-08-13T10:15:00Z,4381.64,4387.67,4381.64,4387.195,3978
2026-08-13T10:30:00Z,4387.135,4390.61,4384.57,4390.555,3326
2026-08-13T10:45:00Z,4390.585,4393.86,4388.25,4392.245,3270
2026-08-13T11:00:00Z,4392.215,4394.49,4388.47,4394.38,3559
2026-08-13T11:15:00Z,4394.395,4396.715,4388.14,4388.165,4261
2026-08-13T11:30:00Z,4388.255,4390.02,4383.83,4384.07,4964
2026-08-13T11:45:00Z,4383.975,4388.24,4382.99,4387.865,5396
2026-08-13T12:00:00Z,4387.8,4391.775,4385.81,4389.16,8299
2026-08-13T12:15:00Z,4389.19,4392.99,4384.165,4391.145,10237
2026-08-13T12:30:00Z,4391.135,4401.47,4380.88,4392.085,17556
2026-08-13T12:45:00Z,4392.14,4401.9,4391.69,4401.82,9610
2026-08-13T13:00:00Z,4401.745,4402.215,4391.12,4394.07,15154
2026-08-13T13:15:00Z,4394.085,4395.445,4383.98,4385.185,11989
2026-08-13T13:30:00Z,4385.22,4389.92,4375.43,4379.425,19474
2026-08-13T13:45:00Z,4379.435,4383.06,4370.84,4373.045,22757
2026-08-13T14:00:00Z,4373.055,4378.965,4366.76,4371.035,23389
2026-08-13T14:15:00Z,4371.06,4378.21,4367.765,4367.875,24241
2026-08-13T14:30:00Z,4367.795,4381.89,4357.395,4381.29,16447
2026-08-13T14:45:00Z,4381.365,4387.19,4381.105,4383.705,12091
2026-08-13T15:00:00Z,4383.725,4385.73,4368.415,4369.835,11455
2026-08-13T15:15:00Z,4369.77,4374.135,4363.695,4365.385,11706
2026-08-13T15:30:00Z,4365.39,4371.625,4357.755,4368.425,13131
2026-08-13T15:45:00Z,4368.455,4370.885,4363.38,4365.145,7313
2026-08-13T16:00:00Z,4365.13,4367.515,4354.13,4355.27,13906
2026-08-13T16:15:00Z,4355.33,4362.89,4351.355,4362.59,15264
2026-08-13T16:30:00Z,4362.575,4367.245,4362.57,4365.74,8363
2026-08-13T16:45:00Z,4365.77,4368.5,4364.125,4366.95,5560
2026-08-13T17:00:00Z,4367.0,4373.435,4365.05,4371.535,6035
2026-08-13T17:15:00Z,4371.595,4371.935,4362.48,4363.23,7445
2026-08-13T17:30:00Z,4363.255,4364.485,4355.81,4357.315,7823
2026-08-13T17:45:00Z,4357.345,4360.18,4355.835,4356.06,4170
2026-08-13T18:00:00Z,4356.05,4362.875,4355.925,4361.985,9034
2026-08-13T18:15:00Z,4361.99,4363.73,4354.935,4357.67,8811
2026-08-13T18:30:00Z,4357.63,4360.635,4356.435,4358.04,6093
2026-08-13T18:45:00Z,4358.035,4358.37,4354.75,4357.045,4266
2026-08-13T19:00:00Z,4357.125,4358.97,4346.24,4346.8,6650
2026-08-13T19:15:00Z,4346.785,4351.79,4343.65,4351.745,8327
2026-08-13T19:30:00Z,4351.685,4354.31,4349.76,4351.445,6144
2026-08-13T19:45:00Z,4351.465,4351.545,4347.685,4350.255,9501
2026-08-13T20:00:00Z,4350.235,4350.7,4346.985,4350.45,3898
2026-08-13T20:15:00Z,4350.495,4352.28,4349.34,4351.775,1984
2026-08-13T20:30:00Z,4351.77,4351.895,4348.13,4349.64,1805
2026-08-13T20:45:00Z,4349.535,4351.27,4348.78,4351.27,1476
2026-08-13T22:00:00Z,4353.405,4357.09,4353.09,4354.325,1478
2026-08-13T22:15:00Z,4354.35,4358.005,4353.015,4357.37,2256
2026-08-13T22:30:00Z,4357.335,4362.945,4355.965,4360.54,3339
2026-08-13T22:45:00Z,4360.545,4361.26,4353.415,4354.91,3700
2026-08-13T23:00:00Z,4354.92,4360.765,4349.315,4360.755,3863
2026-08-13T23:15:00Z,4360.75,4363.22,4356.985,4363.185,3849
2026-08-13T23:30:00Z,4363.17,4363.69,4358.715,4360.345,2260
2026-08-13T23:45:00Z,4360.465,4364.45,4356.475,4356.475,4418
2026-08-14T00:00:00Z,4356.46,4362.045,4350.595,4352.22,8434
2026-08-14T00:15:00Z,4352.315,4352.33,4339.48,4339.515,8215
2026-08-14T00:30:00Z,4339.515,4347.005,4334.61,4339.86,8968
2026-08-14T00:45:00Z,4339.835,4342.93,4329.42,4341.095,9589
2026-08-14T01:00:00Z,4341.085,4341.325,4322.14,4324.275,15817
2026-08-14T01:15:00Z,4324.34,4326.11,4315.01,4319.715,11393
2026-08-14T01:30:00Z,4319.81,4321.63,4313.0,4319.72,8799
2026-08-14T01:45:00Z,4319.7,4323.43,4312.22,4318.255,9449
2026-08-14T02:00:00Z,4318.26,4322.94,4311.27,4312.54,9228
2026-08-14T02:15:00Z,4312.545,4318.415,4312.52,4313.135,6941
2026-08-14T02:30:00Z,4313.07,4322.635,4311.645,4321.25,10243
2026-08-14T02:45:00Z,4321.175,4322.08,4312.93,4315.84,7484
2026-08-14T03:00:00Z,4315.76,4323.88,4313.835,4320.17,5995
2026-08-14T03:15:00Z,4320.22,4326.295,4319.915,4325.825,3646
2026-08-14T03:30:00Z,4325.775,4328.465,4325.125,4325.76,3251
2026-08-14T03:45:00Z,4325.77,4326.92,4323.61,4323.66,1751
2026-08-14T04:00:00Z,4323.67,4327.44,4322.855,4326.095,2807
2026-08-14T04:15:00Z,4326.08,4328.225,4325.21,4325.27,2639
2026-08-14T04:30:00Z,4325.295,4326.625,4323.48,4325.355,3624
2026-08-14T04:45:00Z,4325.295,4327.02,4323.89,4327.015,2603
2026-08-14T05:00:00Z,4327.055,4327.135,4319.47,4320.37,4595
2026-08-14T05:15:00Z,4320.375,4320.6,4317.215,4318.48,3843
2026-08-14T05:30:00Z,4318.405,4325.03,4311.04,4317.82,9851
2026-08-14T05:45:00Z,4317.875,4333.67,4317.595,4333.67,7877
2026-08-14T06:00:00Z,4333.62,4336.82,4329.63,4332.57,6715
2026-08-14T06:15:00Z,4332.55,4333.685,4328.365,4329.26,5076
2026-08-14T06:30:00Z,4329.27,4333.225,4328.05,4333.225,5772
2026-08-14T06:45:00Z,4333.235,4335.95,4332.78,4335.785,7260
2026-08-14T07:00:00Z,4335.76,4337.51,4331.245,4331.31,4519
2026-08-14T07:15:00Z,4331.39,4336.66,4329.81,4332.04,6642
2026-08-14T07:30:00Z,4332.06,4340.31,4331.61,4339.835,3932
2026-08-14T07:45:00Z,4339.72,4345.385,4339.435,4343.83,5122
2026-08-14T08:00:00Z,4343.855,4348.13,4341.935,4347.8,7074
2026-08-14T08:15:00Z,4347.76,4349.345,4343.57,4345.735,6424
2026-08-14T08:30:00Z,4345.785,4349.375,4343.64,4343.77,4013
2026-08-14T08:45:00Z,4343.785,4349.845,4342.88,4348.605,3504
2026-08-14T09:00:00Z,4348.555,4350.985,4346.14,4350.845,4390
2026-08-14T09:15:00Z,4350.91,4354.3,4348.855,4351.77,4491
2026-08-14T09:30:00Z,4351.8,4354.54,4350.065,4353.545,4375
2026-08-14T09:45:00Z,4353.55,4357.525,4352.755,4357.17,3929
2026-08-14T10:00:00Z,4357.175,4358.76,4354.065,4354.575,4430
2026-08-14T10:15:00Z,4354.67,4355.415,4350.16,4351.395,3568
2026-08-14T10:30:00Z,4351.55,4352.035,4348.31,4352.025,2514
2026-08-14T10:45:00Z,4351.98,4353.675,4348.095,4349.425,3663
2026-08-14T11:00:00Z,4349.47,4351.735,4348.63,4350.64,2934
2026-08-14T11:15:00Z,4350.65,4357.105,4350.65,4356.755,3148
2026-08-14T11:30:00Z,4356.76,4363.52,4356.505,4362.44,5700
2026-08-14T11:45:00Z,4362.445,4369.46,4361.095,4369.195,5822
2026-08-14T12:00:00Z,4369.19,4376.83,4365.79,4371.85,7708
2026-08-14T12:15:00Z,4371.915,4380.745,4369.76,4379.9,8171
2026-08-14T12:30:00Z,4379.87,4386.965,4372.16,4372.86,12437
2026-08-14T12:45:00Z,4372.91,4377.885,4370.96,4373.725,7554
2026-08-14T13:00:00Z,4373.785,4381.02,4370.32,4375.07,9943
2026-08-14T13:15:00Z,4375.085,4386.66,4375.085,4384.68,8826
2026-08-14T13:30:00Z,4384.745,4397.06,4383.83,4393.895,18499
2026-08-14T13:45:00Z,4393.88,4394.735,4382.99,4384.68,13256
2026-08-14T14:00:00Z,4384.62,4393.215,4384.275,4390.585,15017
2026-08-14T14:15:00Z,4390.565,4394.745,4385.25,4390.725,15811
2026-08-14T14:30:00Z,4390.72,4391.665,4381.585,4384.395,11559
2026-08-14T14:45:00Z,4384.41,4384.645,4378.885,4381.445,10697
2026-08-14T15:00:00Z,4381.47,4394.205,4381.15,4392.17,14789
2026-08-14T15:15:00Z,4392.175,4393.92,4379.075,4384.95,11069
2026-08-14T15:30:00Z,4384.955,4390.035,4384.04,4389.615,8277
2026-08-14T15:45:00Z,4389.62,4394.785,4389.435,4391.695,8517
2026-08-14T16:00:00Z,4391.7,4396.845,4388.88,4389.79,6606
2026-08-14T16:15:00Z,4389.77,4393.075,4387.025,4387.635,5567
2026-08-14T16:30:00Z,4387.61,4389.12,4380.415,4385.92,7242
2026-08-14T16:45:00Z,4385.93,4387.57,4384.91,4386.015,5856
2026-08-14T17:00:00Z,4386.105,4386.53,4380.415,4382.39,6042
2026-08-14T17:15:00Z,4382.4,4384.81,4379.365,4379.555,5494
2026-08-14T17:30:00Z,4379.54,4382.835,4377.19,4377.825,7120
2026-08-14T17:45:00Z,4377.81,4379.16,4376.47,4378.59,4903
2026-08-14T18:00:00Z,4378.585,4381.8,4376.585,4377.46,5399
2026-08-14T18:15:00Z,4377.44,4380.56,4377.09,4379.42,4120
2026-08-14T18:30:00Z,4379.48,4382.84,4376.37,4376.54,4045
2026-08-14T18:45:00Z,4376.565,4377.01,4371.005,4373.6,4105
2026-08-14T19:00:00Z,4373.525,4377.285,4372.115,4376.035,3299
2026-08-14T19:15:00Z,4375.985,4377.98,4374.655,4377.395,4257
2026-08-14T19:30:00Z,4377.365,4378.31,4375.685,4375.685,4755
2026-08-14T19:45:00Z,4375.7,4379.99,4373.55,4376.23,9072
2026-08-14T20:00:00Z,4376.22,4376.22,4371.495,4372.81,3757
2026-08-14T20:15:00Z,4372.845,4374.97,4372.54,4374.86,1890
2026-08-14T20:30:00Z,4374.8,4377.005,4373.815,4375.72,1463
2026-08-14T20:45:00Z,4375.67,4376.875,4375.005,4376.82,1656
2026-08-16T22:00:00Z,4372.68,4378.94,4372.31,4375.865,2262
2026-08-16T22:15:00Z,4375.83,4376.11,4372.795,4374.655,1931
2026-08-16T22:30:00Z,4374.68,4379.185,4374.68,4378.055,2103
2026-08-16T22:45:00Z,4378.045,4386.86,4377.945,4386.04,2969
2026-08-16T23:00:00Z,4386.0,4386.345,4379.59,4379.865,2992
2026-08-16T23:15:00Z,4379.835,4381.045,4372.685,4374.87,3118
2026-08-16T23:30:00Z,4374.92,4375.425,4367.29,4368.445,3913
2026-08-16T23:45:00Z,4368.44,4373.955,4368.32,4370.235,3574
2026-08-17T00:00:00Z,4370.315,4379.6,4368.1,4378.92,8559
2026-08-17T00:15:00Z,4378.91,4391.08,4378.6,4389.89,6830
2026-08-17T00:30:00Z,4389.87,4397.84,4387.61,4396.1,5783
2026-08-17T00:45:00Z,4396.07,4402.015,4394.55,4401.08,7458
2026-08-17T01:00:00Z,4401.005,4411.915,4399.135,4409.215,16679
2026-08-17T01:15:00Z,4409.22,4416.55,4406.165,4407.265,12032
2026-08-17T01:30:00Z,4407.32,4408.18,4397.52,4403.535,8943
2026-08-17T01:45:00Z,4403.52,4403.925,4392.055,4395.755,8120
2026-08-17T02:00:00Z,4395.75,4398.315,4392.63,4394.42,6613
2026-08-17T02:15:00Z,4394.405,4397.7,4389.87,4395.48,5233
2026-08-17T02:30:00Z,4395.525,4398.225,4389.755,4393.05,7370
2026-08-17T02:45:00Z,4393.04,4393.545,4388.455,4393.255,4813
2026-08-17T03:00:00Z,4393.25,4394.885,4388.7,4390.405,4124
2026-08-17T03:15:00Z,4390.49,4393.7,4388.285,4393.08,4065
2026-08-17T03:30:00Z,4393.125,4397.215,4391.15,4395.195,3640
2026-08-17T03:45:00Z,4395.185,4397.69,4392.955,4397.045,2624
2026-08-17T04:00:00Z,4397.035,4399.635,4396.43,4398.445,3685
2026-08-17T04:15:00Z,4398.495,4398.945,4390.235,4391.045,2729
2026-08-17T04:30:00Z,4391.055,4396.7,4389.015,4395.695,3204
2026-08-17T04:45:00Z,4395.815,4397.935,4389.885,4390.86,3053
2026-08-17T05:00:00Z,4390.78,4393.355,4386.98,4387.7,3384
2026-08-17T05:15:00Z,4387.7,4399.53,4386.94,4399.485,3680
2026-08-17T05:30:00Z,4399.455,4401.475,4392.125,4395.665,7199
2026-08-17T05:45:00Z,4395.715,4397.62,4392.345,4394.86,5883
2026-08-17T06:00:00Z,4394.855,4398.3,4392.935,4396.985,7333
2026-08-17T06:15:00Z,4396.985,4400.22,4392.815,4398.59,9429
2026-08-17T06:30:00Z,4398.555,4398.785,4393.66,4396.31,6105
2026-08-17T06:45:00Z,4396.315,4404.71,4396.315,4403.17,7109
2026-08-17T07:00:00Z,4403.085,4404.14,4396.08,4396.45,6202
2026-08-17T07:15:00Z,4396.49,4405.295,4396.215,4405.055,5558
2026-08-17T07:30:00Z,4405.12,4411.32,4404.66,4409.34,5444
2026-08-17T07:45:00Z,4409.39,4410.01,4403.5,4405.19,4448
2026-08-17T08:00:00Z,4405.195,4405.195,4397.575,4403.0,5955
2026-08-17T08:15:00Z,4402.965,4403.975,4400.575,4401.88,3823
2026-08-17T08:30:00Z,4401.915,4402.255,4396.125,4396.465,3694
2026-08-17T08:45:00Z,4396.45,4397.065,4392.69,4395.18,4537
2026-08-17T09:00:00Z,4395.19,4400.625,4393.43,4399.135,4203
2026-08-17T09:15:00Z,4399.155,4399.96,4395.71,4396.995,4323
2026-08-17T09:30:00Z,4396.99,4397.62,4393.535,4394.215,4230
2026-08-17T09:45:00Z,4394.23,4395.925,4392.55,4395.62,4292
2026-08-17T10:00:00Z,4395.655,4396.46,4393.255,4396.02,2591
2026-08-17T10:15:00Z,4395.97,4405.6,4392.03,4405.145,5400
2026-08-17T10:30:00Z,4405.06,4405.97,4395.355,4398.27,7298
2026-08-17T10:45:00Z,4398.285,4399.675,4396.4,4399.08,2966
2026-08-17T11:00:00Z,4399.115,4404.14,4397.97,4399.78,5571
2026-08-17T11:15:00Z,4399.875,4404.7,4397.14,4403.53,3905
2026-08-17T11:30:00Z,4403.65,4404.98,4399.115,4399.54,3979
2026-08-17T11:45:00Z,4399.555,4400.7,4395.46,4396.75,4812
2026-08-17T12:00:00Z,4396.755,4397.65,4391.7,4393.92,6436
2026-08-17T12:15:00Z,4394.0,4398.82,4381.995,4385.985,9700
2026-08-17T12:30:00Z,4385.755,4390.47,4378.45,4378.45,9823
2026-08-17T12:45:00Z,4378.455,4386.555,4377.355,4384.935,8708
2026-08-17T13:00:00Z,4385.015,4389.645,4381.94,4386.425,12480
2026-08-17T13:15:00Z,4386.49,4389.03,4382.38,4386.28,7605
2026-08-17T13:30:00Z,4386.27,4392.105,4384.88,4385.82,14839
2026-08-17T13:45:00Z,4385.79,4416.31,4384.68,4408.645,21421
2026-08-17T14:00:00Z,4408.695,4412.845,4403.805,4412.36,21238
2026-08-17T14:15:00Z,4412.355,4427.6,4411.905,4418.2,21781
2026-08-17T14:30:00Z,4418.235,4424.71,4416.545,4417.415,13825
2026-08-17T14:45:00Z,4417.49,4421.16,4413.97,4417.48,13667
2026-08-17T15:00:00Z,4417.485,4422.39,4415.335,4421.29,12941
2026-08-17T15:15:00Z,4421.295,4426.08,4419.59,4425.635,13243
2026-08-17T15:30:00Z,4425.7,4426.595,4419.01,4419.44,12113
2026-08-17T15:45:00Z,4419.405,4427.85,4417.835,4427.615,8414
2026-08-17T16:00:00Z,4427.63,4428.89,4423.985,4426.04,7763
2026-08-17T16:15:00Z,4426.045,4427.75,4423.05,4424.9,7070
2026-08-17T16:30:00Z,4424.95,4427.13,4422.78,4424.705,5423
2026-08-17T16:45:00Z,4424.685,4425.665,4422.675,4424.245,5029
2026-08-17T17:00:00Z,4424.255,4426.23,4421.245,4422.915,7273
2026-08-17T17:15:00Z,4422.95,4423.26,4413.45,4416.76,9113
2026-08-17T17:30:00Z,4416.62,4418.955,4411.205,4417.58,7935
2026-08-17T17:45:00Z,4417.585,4420.625,4413.325,4413.765,6403
2026-08-17T18:00:00Z,4413.765,4414.555,4410.2,4413.755,7272
2026-08-17T18:15:00Z,4413.825,4416.255,4404.895,4406.39,7780
2026-08-17T18:30:00Z,4406.405,4407.06,4398.205,4401.51,8876
2026-08-17T18:45:00Z,4401.49,4407.67,4400.265,4406.77,6238
2026-08-17T19:00:00Z,4406.68,4408.675,4400.405,4408.675,6134
2026-08-17T19:15:00Z,4408.785,4417.525,4408.77,4414.565,8328
2026-08-17T19:30:00Z,4414.545,4420.54,4414.215,4419.445,5541
2026-08-17T19:45:00Z,4419.43,4421.055,4416.655,4419.965,6880
2026-08-17T20:00:00Z,4419.935,4421.47,4416.665,4417.885,2170
2026-08-17T20:15:00Z,4417.9,4418.145,4414.92,4415.11,1419
2026-08-17T20:30:00Z,4415.095,4416.005,4414.61,4415.47,2266
2026-08-17T20:45:00Z,4415.45,4416.72,4415.13,4416.68,2025
2026-08-17T22:00:00Z,4416.205,4416.945,4414.835,4416.73,1364
2026-08-17T22:15:00Z,4416.715,4417.28,4412.0,4412.5,2216
2026-08-17T22:30:00Z,4412.42,4415.69,4411.665,4414.645,1946
2026-08-17T22:45:00Z,4414.625,4416.355,4410.49,4411.87,1738
2026-08-17T23:00:00Z,4411.92,4415.055,4409.89,4414.88,1934
2026-08-17T23:15:00Z,4415.0,4421.87,4414.975,4420.38,2386
2026-08-17T23:30:00Z,4420.315,4422.89,4420.065,4422.73,2976
2026-08-17T23:45:00Z,4422.665,4426.305,4421.7,4426.12,3798
2026-08-18T00:00:00Z,4426.095,4430.14,4419.06,4421.89,7040
2026-08-18T00:15:00Z,4421.93,4431.585,4420.995,4431.23,7915
2026-08-18T00:30:00Z,4431.15,4433.725,4428.285,4429.58,5195
2026-08-18T00:45:00Z,4429.735,4434.88,4428.46,4434.46,4994
2026-08-18T01:00:00Z,4434.435,4436.23,4428.59,4429.21,12921
2026-08-18T01:15:00Z,4429.205,4430.935,4420.285,4425.025,8650
2026-08-18T01:30:00Z,4425.08,4426.305,4411.705,4411.705,7359
2026-08-18T01:45:00Z,4411.74,4412.175,4404.32,4408.185,11571
2026-08-18T02:00:00Z,4408.01,4408.39,4398.48,4401.115,8827
2026-08-18T02:15:00Z,4401.015,4405.51,4400.215,4402.35,5678
2026-08-18T02:30:00Z,4402.4,4402.755,4394.175,4394.94,7681
2026-08-18T02:45:00Z,4394.985,4400.715,4394.335,4399.985,6202
2026-08-18T03:00:00Z,4400.0,4404.175,4398.865,4401.5,5645
2026-08-18T03:15:00Z,4401.525,4402.115,4394.48,4397.27,6024
2026-08-18T03:30:00Z,4397.275,4397.355,4394.565,4394.92,4835
2026-08-18T03:45:00Z,4394.87,4395.175,4390.63,4391.965,4562
2026-08-18T04:00:00Z,4391.98,4392.975,4389.91,4392.39,4444
2026-08-18T04:15:00Z,4392.385,4393.76,4390.8,4392.51,3973
2026-08-18T04:30:00Z,4392.505,4394.53,4389.02,4393.65,4781
2026-08-18T04:45:00Z,4393.61,4395.58,4392.33,4393.69,3273
2026-08-18T05:00:00Z,4393.66,4394.235,4391.095,4391.43,4076
2026-08-18T05:15:00Z,4391.46,4396.08,4391.235,4391.475,3477
2026-08-18T05:30:00Z,4391.455,4394.285,4386.185,4393.75,9504
2026-08-18T05:45:00Z,4393.765,4397.66,4393.115,4394.465,5328
2026-08-18T06:00:00Z,4394.43,4395.42,4387.755,4395.395,7024
2026-08-18T06:15:00Z,4395.39,4400.0,4393.72,4399.65,4529
2026-08-18T06:30:00Z,4399.665,4400.395,4395.3,4397.23,4188
2026-08-18T06:45:00Z,4397.295,4399.465,4397.295,4398.93,5727
2026-08-18T07:00:00Z,4398.92,4400.95,4396.85,4397.6,4191
2026-08-18T07:15:00Z,4397.585,4403.55,4397.48,4403.255,3272
2026-08-18T07:30:00Z,4403.26,4403.735,4396.395,4401.56,3840
2026-08-18T07:45:00Z,4401.66,4402.85,4395.495,4395.71,2975
2026-08-18T08:00:00Z,4395.825,4396.33,4388.125,4392.755,6903
2026-08-18T08:15:00Z,4392.755,4393.605,4386.91,4389.625,7093
2026-08-18T08:30:00Z,4389.635,4398.775,4389.415,4396.59,5950
2026-08-18T08:45:00Z,4396.595,4396.935,4391.545,4393.44,3853
2026-08-18T09:00:00Z,4393.385,4394.01,4391.215,4392.83,5091
2026-08-18T09:15:00Z,4392.78,4392.88,4388.69,4389.37,4687
2026-08-18T09:30:00Z,4389.305,4395.08,4387.28,4388.44,5827
2026-08-18T09:45:00Z,4388.405,4394.97,4387.03,4393.32,4125
2026-08-18T10:00:00Z,4393.375,4395.835,4392.265,4394.665,3518
2026-08-18T10:15:00Z,4394.62,4396.33,4389.8,4392.025,4064
2026-08-18T10:30:00Z,4392.02,4398.72,4391.685,4398.655,3888
2026-08-18T10:45:00Z,4398.67,4399.68,4396.43,4397.63,2712
2026-08-18T11:00:00Z,4397.705,4399.055,4392.06,4393.65,3546
2026-08-18T11:15:00Z,4393.64,4394.76,4389.71,4390.145,3443
2026-08-18T11:30:00Z,4390.135,4392.58,4388.675,4391.04,4214
2026-08-18T11:45:00Z,4390.99,4396.885,4389.915,4396.07,3381
2026-08-18T12:00:00Z,4396.21,4397.14,4389.67,4393.305,6193
2026-08-18T12:15:00Z,4393.335,4400.85,4391.645,4395.305,6545
2026-08-18T12:30:00Z,4395.355,4398.035,4391.07,4392.28,5194
2026-08-18T12:45:00Z,4392.29,4397.02,4390.83,4394.225,5389
2026-08-18T13:00:00Z,4394.23,4397.49,4388.385,4395.895,11516
2026-08-18T13:15:00Z,4395.865,4396.195,4388.315,4389.035,10485
2026-08-18T13:30:00Z,4389.025,4406.9,4376.195,4401.165,24946
2026-08-18T13:45:00Z,4401.18,4402.27,4389.535,4394.695,22272
2026-08-18T14:00:00Z,4394.705,4406.48,4391.285,4393.29,21534
2026-08-18T14:15:00Z,4393.35,4405.1,4392.38,4394.225,15813
2026-08-18T14:30:00Z,4394.22,4396.395,4377.865,4379.785,18868
2026-08-18T14:45:00Z,4379.815,4389.03,4363.775,4366.685,22021
2026-08-18T15:00:00Z,4366.725,4377.795,4358.56,4360.11,26084
2026-08-18T15:15:00Z,4360.09,4365.34,4351.765,4355.105,21529
2026-08-18T15:30:00Z,4355.09,4362.49,4354.655,4358.82,16771
2026-08-18T15:45:00Z,4358.96,4366.765,4358.96,4364.925,11947
2026-08-18T16:00:00Z,4364.92,4371.73,4364.92,4367.78,10840
2026-08-18T16:15:00Z,4367.755,4369.76,4363.58,4364.205,9611
2026-08-18T16:30:00Z,4364.275,4368.705,4363.125,4367.565,9673
2026-08-18T16:45:00Z,4367.57,4368.895,4363.16,4363.835,8706
2026-08-18T17:00:00Z,4363.83,4367.26,4363.68,4367.06,9836
2026-08-18T17:15:00Z,4367.095,4368.355,4363.21,4365.435,10157
2026-08-18T17:30:00Z,4365.405,4366.345,4358.705,4358.705,8685
2026-08-18T17:45:00Z,4358.735,4360.53,4356.85,4357.725,7610
2026-08-18T18:00:00Z,4357.755,4358.21,4352.705,4357.885,7784
2026-08-18T18:15:00Z,4357.905,4361.12,4355.775,4360.35,6721
2026-08-18T18:30:00Z,4360.37,4360.715,4353.585,4354.34,5977
2026-08-18T18:45:00Z,4354.335,4356.12,4352.905,4354.43,4234
2026-08-18T19:00:00Z,4354.43,4358.59,4354.15,4357.1,4955
2026-08-18T19:15:00Z,4357.065,4358.76,4352.54,4354.865,5181
2026-08-18T19:30:00Z,4354.97,4357.84,4349.725,4349.985,5587
2026-08-18T19:45:00Z,4349.99,4353.455,4338.395,4345.725,13808
2026-08-18T20:00:00Z,4345.785,4346.665,4340.825,4342.02,3222
2026-08-18T20:15:00Z,4342.015,4342.35,4333.585,4337.93,2675
2026-08-18T20:30:00Z,4337.975,4339.765,4331.69,4332.335,1816
2026-08-18T20:45:00Z,4332.345,4335.435,4329.265,4334.575,2990
2026-08-18T22:00:00Z,4341.965,4343.83,4340.385,4341.065,1286
2026-08-18T22:15:00Z,4341.375,4342.395,4333.935,4336.35,4919
2026-08-18T22:30:00Z,4336.38,4336.595,4332.77,4334.025,2838
2026-08-18T22:45:00Z,4334.015,4335.705,4333.195,4333.83,2349
2026-08-18T23:00:00Z,4334.045,4338.45,4332.675,4334.12,3479
2026-08-18T23:15:00Z,4334.08,4337.51,4330.085,4330.555,4181
2026-08-18T23:30:00Z,4330.535,4332.765,4327.27,4329.885,4362
2026-08-18T23:45:00Z,4329.99,4334.415,4329.6,4333.105,4865
2026-08-19T00:00:00Z,4333.14,4345.055,4331.635,4343.13,11116
2026-08-19T00:15:00Z,4343.125,4346.495,4339.115,4343.065,7711
2026-08-19T00:30:00Z,4343.075,4347.42,4339.745,4343.875,7713
2026-08-19T00:45:00Z,4343.795,4345.025,4337.11,4338.155,10880
2026-08-19T01:00:00Z,4338.015,4344.155,4324.68,4344.015,18949
2026-08-19T01:15:00Z,4344.0,4346.415,4333.145,4342.28,12686
2026-08-19T01:30:00Z,4342.38,4357.765,4342.31,4355.635,9571
2026-08-19T01:45:00Z,4355.655,4356.855,4350.675,4356.63,7042
2026-08-19T02:00:00Z,4356.72,4357.365,4351.805,4353.69,5595
2026-08-19T02:15:00Z,4353.775,4362.165,4352.605,4359.735,7089
2026-08-19T02:30:00Z,4359.725,4360.32,4354.36,4355.395,6659
2026-08-19T02:45:00Z,4355.405,4357.365,4351.545,4355.085,4965
2026-08-19T03:00:00Z,4355.055,4356.325,4352.04,4354.625,4022
2026-08-19T03:15:00Z,4354.77,4358.015,4351.96,4357.15,3203
2026-08-19T03:30:00Z,4357.175,4360.51,4356.035,4358.715,2523
2026-08-19T03:45:00Z,4358.685,4359.02,4354.82,4355.06,2711
2026-08-19T04:00:00Z,4355.15,4356.29,4353.235,4354.795,2198
2026-08-19T04:15:00Z,4354.785,4355.09,4350.185,4351.28,4031
2026-08-19T04:30:00Z,4351.32,4352.19,4345.125,4346.67,3896
2026-08-19T04:45:00Z,4346.645,4348.575,4344.005,4348.555,2997
2026-08-19T05:00:00Z,4348.53,4350.865,4338.885,4339.02,5461
2026-08-19T05:15:00Z,4339.025,4345.44,4336.795,4345.365,4161
2026-08-19T05:30:00Z,4345.5,4345.56,4336.845,4342.365,10463
2026-08-19T05:45:00Z,4342.335,4342.36,4335.175,4335.695,6377
2026-08-19T06:00:00Z,4335.635,4341.96,4335.415,4337.5,7059
2026-08-19T06:15:00Z,4337.36,4348.47,4337.01,4343.33,5643
2026-08-19T06:30:00Z,4343.365,4345.735,4337.28,4342.0,6523
2026-08-19T06:45:00Z,4341.995,4349.465,4340.87,4349.15,9033
2026-08-19T07:00:00Z,4349.095,4353.57,4347.54,4350.605,6694
2026-08-19T07:15:00Z,4350.585,4357.155,4347.54,4356.905,6277
2026-08-19T07:30:00Z,4356.91,4363.34,4352.845,4354.505,5867
2026-08-19T07:45:00Z,4354.465,4357.805,4354.29,4354.905,5187
2026-08-19T08:00:00Z,4354.805,4362.985,4351.105,4361.725,10557
2026-08-19T08:15:00Z,4361.72,4362.585,4357.42,4361.085,6668
2026-08-19T08:30:00Z,4361.1,4363.11,4356.475,4362.66,6516
2026-08-19T08:45:00Z,4362.69,4363.2,4354.875,4355.735,6261
2026-08-19T09:00:00Z,4355.66,4359.995,4355.11,4356.46,6581
2026-08-19T09:15:00Z,4356.465,4357.5,4353.45,4356.645,6753
2026-08-19T09:30:00Z,4356.615,4361.135,4355.435,4358.87,6937
2026-08-19T09:45:00Z,4358.865,4362.095,4358.125,4362.025,6089
2026-08-19T10:00:00Z,4362.045,4364.235,4359.755,4363.795,5318
2026-08-19T10:15:00Z,4363.85,4369.2,4363.54,4368.785,4959
2026-08-19T10:30:00Z,4368.86,4369.585,4365.9,4368.09,3483
2026-08-19T10:45:00Z,4368.155,4369.515,4366.33,4367.41,3425
2026-08-19T11:00:00Z,4367.435,4374.19,4367.435,4373.445,6812
2026-08-19T11:15:00Z,4373.455,4374.12,4368.955,4371.035,3641
2026-08-19T11:30:00Z,4371.04,4371.765,4363.305,4363.79,4941
2026-08-19T11:45:00Z,4363.78,4367.795,4363.565,4364.655,6677
2026-08-19T12:00:00Z,4364.65,4370.83,4362.115,4368.4,7930
2026-08-19T12:15:00Z,4368.575,4373.6,4366.12,4369.385,7858
2026-08-19T12:30:00Z,4369.39,4420.61,4368.745,4417.685,30180
2026-08-19T12:45:00Z,4417.775,4442.47,4411.51,4438.87,28333
2026-08-19T13:00:00Z,4438.875,4460.885,4424.285,4456.15,26413
2026-08-19T13:15:00Z,4456.155,4464.25,4454.85,4458.17,21496
2026-08-19T13:30:00Z,4458.14,4466.29,4442.33,4460.71,35277
2026-08-19T13:45:00Z,4460.7,4463.34,4445.13,4459.6,34564
2026-08-19T14:00:00Z,4459.59,4475.62,4455.22,4473.995,32534
2026-08-19T14:15:00Z,4474.005,4488.08,4470.34,4486.065,28888
2026-08-19T14:30:00Z,4486.1,4498.73,4483.92,4489.585,23190
2026-08-19T14:45:00Z,4489.58,4489.685,4478.155,4488.245,19541
2026-08-19T15:00:00Z,4488.215,4488.49,4479.895,4485.48,19756
2026-08-19T15:15:00Z,4485.565,4488.09,4478.355,4483.94,16720
2026-08-19T15:30:00Z,4483.875,4492.525,4480.36,4490.29,20406
2026-08-19T15:45:00Z,4490.285,4494.465,4488.695,4493.87,14312
2026-08-19T16:00:00Z,4493.9,4499.175,4491.2,4497.8,12901
2026-08-19T16:15:00Z,4497.785,4499.425,4490.655,4491.2,11418
2026-08-19T16:30:00Z,4491.265,4496.535,4490.72,4495.16,11567
2026-08-19T16:45:00Z,4495.09,4497.98,4493.295,4493.395,12054
2026-08-19T17:00:00Z,4493.52,4499.1,4489.055,4492.54,14978
2026-08-19T17:15:00Z,4492.57,4492.865,4486.24,4488.03,12679
2026-08-19T17:30:00Z,4488.045,4491.695,4484.44,4488.745,8932
2026-08-19T17:45:00Z,4488.725,4489.575,4484.425,4486.96,7893
2026-08-19T18:00:00Z,4486.965,4496.745,4485.625,4488.0,14263
2026-08-19T18:15:00Z,4487.995,4488.0,4472.915,4475.555,13402
2026-08-19T18:30:00Z,4475.605,4491.82,4472.18,4490.64,14565
2026-08-19T18:45:00Z,4490.65,4497.215,4489.58,4495.185,9902
2026-08-19T19:00:00Z,4495.15,4505.735,4494.49,4503.225,14996
2026-08-19T19:15:00Z,4503.215,4507.78,4502.635,4507.09,12421
2026-08-19T19:30:00Z,4507.08,4510.855,4502.185,4507.12,11714
2026-08-19T19:45:00Z,4507.045,4512.27,4505.32,4511.31,17013
2026-08-19T20:00:00Z,4511.265,4512.08,4505.165,4506.8,4814
2026-08-19T20:15:00Z,4506.805,4522.19,4506.405,4518.58,4385
2026-08-19T20:30:00Z,4518.5,4523.755,4518.065,4519.54,3058
2026-08-19T20:45:00Z,4519.62,4524.34,4519.58,4522.96,2264
2026-08-19T22:00:00Z,4521.405,4523.72,4518.995,4519.995,3448
2026-08-19T22:15:00Z,4519.99,4521.615,4519.1,4520.86,3705
2026-08-19T22:30:00Z,4520.895,4522.045,4517.655,4518.54,3029
2026-08-19T22:45:00Z,4518.49,4521.895,4516.415,4518.915,2581
2026-08-19T23:00:00Z,4518.98,4523.86,4517.485,4519.465,4348
2026-08-19T23:15:00Z,4519.46,4520.155,4515.345,4517.685,3076
2026-08-19T23:30:00Z,4517.705,4518.2,4513.68,4514.46,2998
2026-08-19T23:45:00Z,4514.54,4517.555,4511.36,4511.74,3524
2026-08-20T00:00:00Z,4511.69,4518.84,4510.3,4516.26,11208
2026-08-20T00:15:00Z,4516.295,4521.44,4508.505,4510.445,9241
2026-08-20T00:30:00Z,4510.425,4513.395,4503.835,4505.93,7334
2026-08-20T00:45:00Z,4505.925,4510.4,4504.02,4504.68,8172
2026-08-20T01:00:00Z,4504.705,4510.22,4491.765,4493.26,20017
2026-08-20T01:15:00Z,4493.255,4503.555,4493.185,4500.475,14413
2026-08-20T01:30:00Z,4500.485,4501.33,4493.385,4493.875,15427
2026-08-20T01:45:00Z,4493.8,4495.575,4484.48,4489.88,11069
2026-08-20T02:00:00Z,4489.89,4499.76,4488.68,4497.87,11067
2026-08-20T02:15:00Z,4497.795,4497.91,4489.465,4493.075,5490
2026-08-20T02:30:00Z,4493.09,4494.66,4490.255,4490.655,7726
2026-08-20T02:45:00Z,4490.66,4494.96,4488.86,4490.825,7090
2026-08-20T03:00:00Z,4490.83,4497.0,4488.05,4492.765,7948
2026-08-20T03:15:00Z,4492.775,4496.65,4490.555,4493.57,6501
2026-08-20T03:30:00Z,4493.565,4498.75,4492.325,4498.005,5271
2026-08-20T03:45:00Z,4497.925,4501.255,4496.82,4498.925,4833
2026-08-20T04:00:00Z,4498.95,4499.345,4495.065,4496.635,4834
2026-08-20T04:15:00Z,4496.645,4497.375,4489.825,4489.965,4196
2026-08-20T04:30:00Z,4489.995,4490.965,4486.395,4487.37,4120
2026-08-20T04:45:00Z,4487.385,4491.63,4487.165,4488.63,3278
2026-08-20T05:00:00Z,4488.64,4494.135,4484.19,4485.645,4120
2026-08-20T05:15:00Z,4485.655,4487.13,4482.94,4483.395,4610
2026-08-20T05:30:00Z,4483.38,4486.195,4478.155,4480.8,8400
2026-08-20T05:45:00Z,4480.775,4483.38,4478.075,4481.425,5673
2026-08-20T06:00:00Z,4481.35,4493.53,4480.17,4492.97,6774
2026-08-20T06:15:00Z,4492.975,4496.065,4491.845,4494.17,5839
2026-08-20T06:30:00Z,4494.165,4495.475,4491.96,4492.575,5946
2026-08-20T06:45:00Z,4492.59,4495.41,4491.34,4493.935,6156
2026-08-20T07:00:00Z,4493.89,4494.01,4487.31,4488.0,7967
2026-08-20T07:15:00Z,4487.96,4490.585,4483.765,4484.17,5914
2026-08-20T07:30:00Z,4484.185,4493.645,4483.645,4491.385,6483
2026-08-20T07:45:00Z,4491.38,4494.145,4488.36,4491.105,5949
2026-08-20T08:00:00Z,4491.105,4495.415,4490.835,4494.495,8896
2026-08-20T08:15:00Z,4494.5,4498.78,4490.16,4491.56,6268
2026-08-20T08:30:00Z,4491.555,4495.475,4487.34,4490.67,6263
2026-08-20T08:45:00Z,4490.665,4492.245,4487.695,4489.35,5033
2026-08-20T09:00:00Z,4489.39,4494.295,4488.465,4492.425,5777
2026-08-20T09:15:00Z,4492.375,4493.995,4488.245,4490.05,4315
2026-08-20T09:30:00Z,4490.1,4490.715,4484.7,4489.335,5043
2026-08-20T09:45:00Z,4489.235,4489.235,4482.005,4482.735,6139
2026-08-20T10:00:00Z,4482.75,4491.46,4480.865,4490.635,6039
2026-08-20T10:15:00Z,4490.71,4494.375,4486.495,4494.025,5315
2026-08-20T10:30:00Z,4493.985,4495.145,4490.07,4491.27,4327
2026-08-20T10:45:00Z,4491.28,4491.37,4487.54,4490.18,3911
2026-08-20T11:00:00Z,4490.21,4491.34,4482.795,4485.23,5574
2026-08-20T11:15:00Z,4485.175,4489.9,4481.315,4484.315,6303
2026-08-20T11:30:00Z,4484.36,4486.985,4474.345,4474.965,6475
2026-08-20T11:45:00Z,4474.985,4475.785,4465.57,4467.175,12903
2026-08-20T12:00:00Z,4467.18,4467.43,4450.745,4462.64,20938
2026-08-20T12:15:00Z,4462.635,4467.945,4457.065,4459.86,15442
2026-08-20T12:30:00Z,4460.375,4467.32,4451.205,4466.825,13784
2026-08-20T12:45:00Z,4466.8,4477.1,4464.17,4474.855,10365
2026-08-20T13:00:00Z,4474.875,4484.62,4471.89,4472.83,15973
2026-08-20T13:15:00Z,4472.82,4476.755,4470.285,4471.87,11773
2026-08-20T13:30:00Z,4471.91,4488.02,4469.35,4486.59,27975
2026-08-20T13:45:00Z,4486.605,4489.335,4479.405,4481.715,21194
2026-08-20T14:00:00Z,4481.705,4490.715,4480.87,4485.12,23802
2026-08-20T14:15:00Z,4485.11,4494.055,4481.79,4491.8,23012
2026-08-20T14:30:00Z,4491.81,4501.2,4491.81,4499.245,15511
2026-08-20T14:45:00Z,4499.165,4516.315,4498.695,4516.06,15064
2026-08-20T15:00:00Z,4516.145,4537.405,4515.135,4535.1,37377
2026-08-20T15:15:00Z,4535.135,4541.045,4523.63,4532.5,28460
2026-08-20T15:30:00Z,4532.48,4533.89,4508.76,4511.645,20822
2026-08-20T15:45:00Z,4511.635,4524.29,4510.955,4521.735,19982
2026-08-20T16:00:00Z,4521.755,4524.885,4510.505,4511.34,15441
2026-08-20T16:15:00Z,4511.35,4513.275,4505.49,4509.42,12843
2026-08-20T16:30:00Z,4509.425,4512.805,4502.825,4509.395,14226
2026-08-20T16:45:00Z,4509.395,4513.75,4507.53,4510.07,11126
2026-08-20T17:00:00Z,4510.1,4514.125,4507.79,4509.465,7676
2026-08-20T17:15:00Z,4509.455,4516.71,4507.895,4513.05,10430
2026-08-20T17:30:00Z,4513.06,4518.77,4510.965,4518.29,7778
2026-08-20T17:45:00Z,4518.275,4520.485,4517.155,4520.025,6835
2026-08-20T18:00:00Z,4520.06,4522.615,4509.345,4510.85,7531
2026-08-20T18:15:00Z,4510.835,4520.295,4508.395,4519.075,7185
2026-08-20T18:30:00Z,4518.885,4523.5,4518.6,4520.195,6481
2026-08-20T18:45:00Z,4520.2,4525.365,4517.99,4522.08,7417
2026-08-20T19:00:00Z,4522.065,4528.13,4518.19,4527.66,7929
2026-08-20T19:15:00Z,4527.65,4529.445,4522.78,4522.885,6928
2026-08-20T19:30:00Z,4522.875,4529.73,4522.1,4526.225,8007
2026-08-20T19:45:00Z,4526.23,4532.235,4525.02,4528.745,12508
2026-08-20T20:00:00Z,4528.755,4529.205,4522.49,4522.64,3852
2026-08-20T20:15:00Z,4522.645,4522.895,4520.455,4520.97,2714
2026-08-20T20:30:00Z,4521.025,4521.16,4516.835,4518.27,2466
2026-08-20T20:45:00Z,4518.32,4521.37,4518.055,4518.955,1797
2026-08-20T22:00:00Z,4519.545,4520.8,4517.04,4518.51,1140
2026-08-20T22:15:00Z,4518.505,4520.945,4517.98,4519.73,1997
2026-08-20T22:30:00Z,4519.74,4523.71,4518.38,4522.815,2008
2026-08-20T22:45:00Z,4522.78,4524.42,4519.665,4524.225,2020
2026-08-20T23:00:00Z,4524.215,4533.05,4523.52,4531.88,3732
2026-08-20T23:15:00Z,4531.875,4532.22,4522.585,4527.14,3619
2026-08-20T23:30:00Z,4527.27,4528.79,4520.99,4524.605,3532
2026-08-20T23:45:00Z,4524.565,4528.25,4523.2,4526.405,2787
2026-08-21T00:00:00Z,4526.39,4527.555,4517.5,4518.69,5991
2026-08-21T00:15:00Z,4518.655,4520.72,4513.79,4514.78,7650
2026-08-21T00:30:00Z,4514.785,4517.125,4510.835,4513.835,6190
2026-08-21T00:45:00Z,4513.675,4514.14,4509.8,4510.765,4793
2026-08-21T01:00:00Z,4510.755,4521.245,4508.995,4520.885,15216
2026-08-21T01:15:00Z,4520.79,4530.76,4520.325,4529.33,10423
2026-08-21T01:30:00Z,4529.39,4544.01,4523.78,4526.195,11408
2026-08-21T01:45:00Z,4526.215,4533.695,4525.565,4530.785,7982
2026-08-21T02:00:00Z,4530.82,4531.4,4518.505,4521.205,9985
2026-08-21T02:15:00Z,4521.24,4529.59,4520.365,4527.305,5579
2026-08-21T02:30:00Z,4527.335,4538.295,4525.345,4538.295,8445
2026-08-21T02:45:00Z,4538.29,4542.96,4532.47,4533.9,6631
2026-08-21T03:00:00Z,4533.845,4538.81,4531.9,4532.695,5845
2026-08-21T03:15:00Z,4532.735,4534.865,4529.65,4529.74,5347
2026-08-21T03:30:00Z,4529.775,4535.98,4526.795,4529.315,4403
2026-08-21T03:45:00Z,4529.305,4535.83,4528.39,4535.57,3157
2026-08-21T04:00:00Z,4535.61,4541.9,4535.515,4540.14,4029
2026-08-21T04:15:00Z,4540.145,4547.475,4537.64,4546.91,5267
2026-08-21T04:30:00Z,4546.89,4548.215,4540.76,4541.83,4499
2026-08-21T04:45:00Z,4541.78,4542.515,4540.205,4540.7,3219
2026-08-21T05:00:00Z,4540.75,4540.845,4534.885,4537.395,4058
2026-08-21T05:15:00Z,4537.39,4538.865,4530.66,4530.66,4349
2026-08-21T05:30:00Z,4530.435,4543.735,4529.115,4543.385,7450
2026-08-21T05:45:00Z,4543.365,4556.46,4541.795,4553.735,7910
2026-08-21T06:00:00Z,4553.82,4555.325,4545.6,4549.065,7532
2026-08-21T06:15:00Z,4548.97,4558.33,4548.97,4555.455,7123
2026-08-21T06:30:00Z,4555.425,4565.88,4554.57,4562.595,9568
2026-08-21T06:45:00Z,4562.615,4567.785,4560.915,4560.95,9165
2026-08-21T07:00:00Z,4560.955,4566.135,4558.565,4561.625,7641
2026-08-21T07:15:00Z,4561.66,4567.965,4559.935,4561.875,5708
2026-08-21T07:30:00Z,4561.62,4566.355,4560.18,4564.405,6794
2026-08-21T07:45:00Z,4564.44,4568.13,4560.93,4564.42,6915
2026-08-21T08:00:00Z,4564.535,4568.055,4559.155,4565.635,7390
2026-08-21T08:15:00Z,4565.615,4581.895,4564.015,4579.39,8895
2026-08-21T08:30:00Z,4579.45,4584.39,4576.61,4582.645,7792
2026-08-21T08:45:00Z,4582.635,4585.13,4580.51,4584.255,5150
2026-08-21T09:00:00Z,4584.285,4600.795,4582.315,4599.28,8412
2026-08-21T09:15:00Z,4599.275,4602.27,4581.365,4582.29,8823
2026-08-21T09:30:00Z,4582.435,4586.86,4580.925,4583.29,5968
2026-08-21T09:45:00Z,4583.25,4585.55,4580.545,4582.725,5274
2026-08-21T10:00:00Z,4582.62,4589.1,4577.93,4578.795,7817
2026-08-21T10:15:00Z,4578.83,4589.405,4578.445,4588.615,5278
2026-08-21T10:30:00Z,4588.66,4594.22,4585.73,4593.295,5052
2026-08-21T10:45:00Z,4593.3,4593.795,4587.895,4588.57,6302
2026-08-21T11:00:00Z,4588.64,4595.545,4587.255,4590.65,6444
2026-08-21T11:15:00Z,4590.7,4600.93,4590.65,4598.63,9211
2026-08-21T11:30:00Z,4598.625,4604.61,4593.485,4597.205,8653
2026-08-21T11:45:00Z,4597.23,4600.71,4595.74,4597.045,7321
2026-08-21T12:00:00Z,4597.125,4601.655,4589.285,4592.96,11479
2026-08-21T12:15:00Z,4592.95,4596.01,4582.115,4584.875,9902
2026-08-21T12:30:00Z,4584.88,4584.88,4563.57,4573.62,13525
2026-08-21T12:45:00Z,4573.655,4581.135,4573.22,4578.08,10364
2026-08-21T13:00:00Z,4578.025,4587.105,4575.885,4585.325,16013
2026-08-21T13:15:00Z,4585.305,4587.815,4579.27,4584.12,10855
2026-08-21T13:30:00Z,4584.07,4591.03,4573.4,4587.915,26108
2026-08-21T13:45:00Z,4587.815,4593.135,4576.93,4581.095,18425
2026-08-21T14:00:00Z,4581.02,4590.79,4579.845,4589.86,18346
2026-08-21T14:15:00Z,4589.915,4603.17,4586.575,4603.085,20431
2026-08-21T14:30:00Z,4603.1,4603.625,4580.595,4582.675,27872
2026-08-21T14:45:00Z,4582.665,4595.45,4580.745,4591.57,21740
2026-08-21T15:00:00Z,4591.575,4598.235,4587.28,4595.17,19255
2026-08-21T15:15:00Z,4595.175,4607.64,4595.11,4602.955,18284
2026-08-21T15:30:00Z,4603.015,4610.665,4599.625,4609.66,16680
2026-08-21T15:45:00Z,4609.755,4615.45,4607.21,4614.625,18584
2026-08-21T16:00:00Z,4614.645,4617.83,4609.11,4614.565,14944
2026-08-21T16:15:00Z,4614.58,4620.895,4610.715,4614.03,13708
2026-08-21T16:30:00Z,4614.04,4622.025,4612.32,4621.455,12133
2026-08-21T16:45:00Z,4621.47,4629.165,4621.08,4628.88,11358
2026-08-21T17:00:00Z,4628.92,4632.145,4621.815,4623.295,13521
2026-08-21T17:15:00Z,4623.275,4626.035,4615.32,4622.1,15473
2026-08-21T17:30:00Z,4622.105,4624.825,4618.745,4619.465,9686
2026-08-21T17:45:00Z,4619.475,4622.66,4616.965,4620.67,8832
2026-08-21T18:00:00Z,4620.68,4627.845,4620.4,4624.185,8716
2026-08-21T18:15:00Z,4624.165,4627.775,4624.16,4625.16,5331
2026-08-21T18:30:00Z,4625.235,4625.235,4619.555,4621.03,8168
2026-08-21T18:45:00Z,4621.02,4626.23,4620.945,4624.515,6208
2026-08-21T19:00:00Z,4624.555,4625.66,4618.545,4622.85,7257
2026-08-21T19:15:00Z,4622.85,4623.475,4617.94,4618.13,6581
2026-08-21T19:30:00Z,4618.19,4619.87,4615.755,4618.24,6414
2026-08-21T19:45:00Z,4618.305,4623.79,4615.645,4617.03,8957
2026-08-21T20:00:00Z,4617.06,4617.815,4615.115,4616.945,3238
2026-08-21T20:15:00Z,4616.995,4617.785,4610.305,4610.95,4247
2026-08-21T20:30:00Z,4611.005,4612.04,4607.61,4608.17,3075
2026-08-21T20:45:00Z,4608.14,4608.925,4602.67,4602.99,5533
2026-08-23T22:00:00Z,4609.655,4620.65,4608.82,4617.595,2836
2026-08-23T22:15:00Z,4617.865,4621.245,4613.09,4614.21,4992
2026-08-23T22:30:00Z,4614.19,4617.185,4607.0,4610.95,4186
2026-08-23T22:45:00Z,4611.02,4611.07,4606.13,4606.21,3314
2026-08-23T23:00:00Z,4606.255,4609.565,4604.75,4607.65,2868
2026-08-23T23:15:00Z,4607.81,4616.28,4606.93,4615.4,3325
2026-08-23T23:30:00Z,4615.395,4619.41,4607.7,4608.575,4114
2026-08-23T23:45:00Z,4608.585,4624.695,4608.425,4624.085,7536
2026-08-24T00:00:00Z,4624.08,4640.935,4620.1,4637.35,15587
2026-08-24T00:15:00Z,4637.29,4640.475,4594.515,4605.105,20129
2026-08-24T00:30:00Z,4605.08,4609.185,4601.19,4607.185,14784
2026-08-24T00:45:00Z,4607.18,4623.58,4604.15,4621.905,12243
2026-08-24T01:00:00Z,4621.85,4635.275,4618.935,4622.135,23968
2026-08-24T01:15:00Z,4622.19,4625.99,4611.305,4614.76,18995
2026-08-24T01:30:00Z,4614.765,4621.38,4608.155,4618.25,15542
2026-08-24T01:45:00Z,4618.255,4637.745,4615.03,4632.245,11649
2026-08-24T02:00:00Z,4632.23,4652.29,4627.745,4650.41,13159
2026-08-24T02:15:00Z,4650.435,4655.84,4649.33,4655.58,9032
2026-08-24T02:30:00Z,4655.635,4657.0,4637.515,4637.685,15219
2026-08-24T02:45:00Z,4637.615,4645.21,4627.73,4643.79,11671
2026-08-24T03:00:00Z,4643.84,4644.195,4633.6,4637.33,10624
2026-08-24T03:15:00Z,4637.315,4648.84,4635.49,4643.95,10481
2026-08-24T03:30:00Z,4643.955,4650.25,4642.69,4642.91,7416
2026-08-24T03:45:00Z,4642.86,4645.015,4640.07,4641.835,5434
2026-08-24T04:00:00Z,4641.82,4642.82,4632.71,4638.7,7544
2026-08-24T04:15:00Z,4638.715,4642.075,4634.755,4640.565,7278
2026-08-24T04:30:00Z,4640.585,4640.895,4633.075,4638.27,7195
2026-08-24T04:45:00Z,4638.29,4640.68,4635.925,4638.93,6593
2026-08-24T05:00:00Z,4638.94,4643.655,4638.72,4643.5,6985
2026-08-24T05:15:00Z,4643.505,4646.67,4636.14,4636.15,7618
2026-08-24T05:30:00Z,4635.99,4639.745,4630.015,4633.44,15537
2026-08-24T05:45:00Z,4633.425,4643.445,4630.305,4640.94,11293
2026-08-24T06:00:00Z,4640.91,4652.705,4639.465,4652.135,13012
2026-08-24T06:15:00Z,4652.155,4660.125,4640.905,4642.785,11346
2026-08-24T06:30:00Z,4642.835,4653.78,4642.04,4643.23,12346
2026-08-24T06:45:00Z,4643.24,4653.96,4643.015,4649.96,9665
2026-08-24T07:00:00Z,4649.97,4654.815,4644.375,4648.64,11446
2026-08-24T07:15:00Z,4648.595,4650.355,4642.44,4642.92,12834
2026-08-24T07:30:00Z,4642.925,4648.22,4634.92,4634.92,13121
2026-08-24T07:45:00Z,4635.035,4643.85,4630.335,4641.615,12268
2026-08-24T08:00:00Z,4641.605,4646.685,4635.91,4637.675,12332
2026-08-24T08:15:00Z,4637.585,4639.775,4629.48,4629.48,8363
2026-08-24T08:30:00Z,4629.45,4646.3,4628.895,4645.49,10384
2026-08-24T08:45:00Z,4645.51,4646.275,4636.085,4638.19,5869
2026-08-24T09:00:00Z,4638.135,4644.875,4637.4,4642.005,7336
2026-08-24T09:15:00Z,4641.975,4642.185,4635.01,4636.08,6566
2026-08-24T09:30:00Z,4636.095,4640.9,4632.895,4639.24,9696
2026-08-24T09:45:00Z,4639.235,4646.095,4638.98,4645.93,5647
2026-08-24T10:00:00Z,4645.895,4650.21,4645.49,4648.175,8249
2026-08-24T10:15:00Z,4648.195,4648.475,4642.545,4643.19,6441
2026-08-24T10:30:00Z,4643.125,4649.27,4642.735,4644.54,5849
2026-08-24T10:45:00Z,4644.53,4647.335,4641.97,4643.285,7519
2026-08-24T11:00:00Z,4643.26,4647.045,4639.165,4642.505,7742
2026-08-24T11:15:00Z,4642.475,4647.79,4640.37,4646.495,4774
2026-08-24T11:30:00Z,4646.625,4670.46,4643.625,4658.96,21816
2026-08-24T11:45:00Z,4658.985,4661.68,4648.38,4657.905,12966
2026-08-24T12:00:00Z,4657.9,4660.14,4650.18,4657.28,12006
2026-08-24T12:15:00Z,4657.26,4662.975,4651.535,4662.07,12148
2026-08-24T12:30:00Z,4662.075,4668.82,4645.625,4657.54,14604
2026-08-24T12:45:00Z,4657.555,4667.515,4654.66,4662.85,9639
2026-08-24T13:00:00Z,4662.83,4678.025,4661.755,4677.14,14664
2026-08-24T13:15:00Z,4677.17,4677.93,4667.865,4672.305,12984
2026-08-24T13:30:00Z,4672.325,4681.02,4658.51,4658.87,33757
2026-08-24T13:45:00Z,4658.835,4677.985,4656.245,4664.835,27249
2026-08-24T14:00:00Z,4664.79,4672.145,4660.035,4665.825,30461
2026-08-24T14:15:00Z,4665.815,4674.98,4655.395,4671.68,26686
2026-08-24T14:30:00Z,4671.665,4678.725,4669.485,4671.905,19927
2026-08-24T14:45:00Z,4671.925,4676.04,4657.065,4670.355,22304
2026-08-24T15:00:00Z,4670.375,4676.71,4665.44,4673.06,17502
2026-08-24T15:15:00Z,4673.055,4679.79,4668.315,4675.99,15735
2026-08-24T15:30:00Z,4675.935,4677.355,4659.785,4660.81,18211
2026-08-24T15:45:00Z,4660.805,4663.315,4640.135,4649.335,22116
2026-08-24T16:00:00Z,4649.42,4662.0,4646.705,4657.655,14926
2026-08-24T16:15:00Z,4657.6,4660.575,4656.0,4658.97,8910
2026-08-24T16:30:00Z,4658.955,4662.23,4658.425,4659.615,8726
2026-08-24T16:45:00Z,4659.605,4660.02,4641.845,4645.105,14601
2026-08-24T17:00:00Z,4645.095,4655.475,4641.79,4651.87,20790
2026-08-24T17:15:00Z,4651.875,4654.365,4630.035,4638.73,23699
2026-08-24T17:30:00Z,4638.71,4643.225,4635.745,4638.915,17108
2026-08-24T17:45:00Z,4638.885,4639.32,4632.685,4636.765,13508
2026-08-24T18:00:00Z,4636.785,4640.975,4625.225,4632.02,14661
2026-08-24T18:15:00Z,4632.035,4642.265,4627.425,4640.4,14842
2026-08-24T18:30:00Z,4640.38,4641.845,4625.225,4635.165,15526
2026-08-24T18:45:00Z,4635.135,4637.76,4631.56,4636.555,12325
2026-08-24T19:00:00Z,4636.515,4640.82,4636.03,4636.32,11803
2026-08-24T19:15:00Z,4636.315,4645.0,4635.955,4641.47,11046
2026-08-24T19:30:00Z,4641.445,4651.075,4640.315,4650.095,12270
2026-08-24T19:45:00Z,4650.06,4656.145,4650.055,4651.95,16152
2026-08-24T20:00:00Z,4651.845,4655.255,4650.275,4650.465,5257
2026-08-24T20:15:00Z,4650.45,4653.685,4648.895,4649.235,3004
2026-08-24T20:30:00Z,4649.23,4649.985,4647.295,4647.8,2226
2026-08-24T20:45:00Z,4647.825,4652.665,4647.27,4651.24,3689
2026-08-24T22:00:00Z,4655.495,4660.735,4655.205,4658.71,2059
2026-08-24T22:15:00Z,4658.72,4659.615,4656.86,4657.805,1967
2026-08-24T22:30:00Z,4657.795,4661.655,4657.22,4661.62,1993
2026-08-24T22:45:00Z,4661.495,4668.525,4660.98,4667.735,2151
2026-08-24T23:00:00Z,4667.705,4672.36,4666.86,4672.16,2887
2026-08-24T23:15:00Z,4672.155,4677.325,4669.275,4669.35,3523
2026-08-24T23:30:00Z,4669.345,4677.025,4667.74,4676.49,4575
2026-08-24T23:45:00Z,4676.485,4682.785,4675.085,4679.93,7863
2026-08-25T00:00:00Z,4679.92,4691.845,4675.445,4690.535,17110
2026-08-25T00:15:00Z,4690.535,4691.335,4676.67,4682.49,12748
2026-08-25T00:30:00Z,4682.48,4697.105,4681.895,4693.75,13956
2026-08-25T00:45:00Z,4693.765,4694.88,4684.17,4684.645,10188
2026-08-25T01:00:00Z,4684.615,4687.125,4670.885,4678.41,17970
2026-08-25T01:15:00Z,4678.42,4680.29,4664.19,4669.535,14583
2026-08-25T01:30:00Z,4669.54,4674.705,4666.825,4670.79,15901
2026-08-25T01:45:00Z,4670.795,4675.655,4656.775,4658.21,14986
2026-08-25T02:00:00Z,4658.2,4661.66,4638.63,4642.02,22150
2026-08-25T02:15:00Z,4642.0,4657.09,4641.09,4656.57,9708
2026-08-25T02:30:00Z,4656.565,4656.86,4631.11,4631.17,18632
2026-08-25T02:45:00Z,4631.07,4637.61,4617.28,4629.53,22293
2026-08-25T03:00:00Z,4629.525,4638.305,4622.425,4633.78,15279
2026-08-25T03:15:00Z,4633.77,4638.46,4632.145,4637.86,12007
2026-08-25T03:30:00Z,4637.865,4641.35,4633.985,4634.365,6994
2026-08-25T03:45:00Z,4634.37,4636.06,4631.58,4633.68,6352
2026-08-25T04:00:00Z,4633.655,4637.805,4630.925,4637.125,5872
2026-08-25T04:15:00Z,4637.13,4637.365,4628.965,4630.89,4764
2026-08-25T04:30:00Z,4630.925,4632.78,4623.76,4625.99,7872
2026-08-25T04:45:00Z,4626.075,4629.035,4624.31,4625.99,7477
2026-08-25T05:00:00Z,4626.03,4639.14,4624.115,4637.98,8022
2026-08-25T05:15:00Z,4637.89,4647.97,4637.875,4646.53,6358
2026-08-25T05:30:00Z,4646.57,4647.09,4637.995,4639.07,12509
2026-08-25T05:45:00Z,4639.11,4646.03,4635.875,4643.075,10363
2026-08-25T06:00:00Z,4643.085,4650.49,4641.27,4649.6,9745
2026-08-25T06:15:00Z,4649.595,4653.375,4645.47,4650.105,7774
2026-08-25T06:30:00Z,4650.075,4653.43,4647.94,4647.975,10003
2026-08-25T06:45:00Z,4647.92,4649.25,4637.08,4638.29,9809
2026-08-25T07:00:00Z,4638.3,4642.03,4636.525,4639.89,11503
2026-08-25T07:15:00Z,4639.895,4643.8,4634.18,4634.54,7608
2026-08-25T07:30:00Z,4634.545,4640.06,4633.895,4639.59,7206
2026-08-25T07:45:00Z,4639.605,4640.575,4629.865,4630.19,7144
2026-08-25T08:00:00Z,4630.195,4631.335,4620.09,4626.685,9612
2026-08-25T08:15:00Z,4626.65,4645.485,4625.91,4633.17,12940
2026-08-25T08:30:00Z,4633.12,4635.51,4625.775,4632.3,9417
2026-08-25T08:45:00Z,4632.26,4633.95,4625.27,4630.48,7535
2026-08-25T09:00:00Z,4630.46,4633.54,4625.005,4630.595,11822
2026-08-25T09:15:00Z,4630.605,4633.65,4625.79,4626.66,9407
2026-08-25T09:30:00Z,4626.635,4639.825,4624.29,4637.255,13879
2026-08-25T09:45:00Z,4637.27,4642.585,4635.905,4636.395,10958
2026-08-25T10:00:00Z,4636.455,4638.635,4633.175,4635.3,7756
2026-08-25T10:15:00Z,4635.32,4639.01,4633.195,4633.8,5801
2026-08-25T10:30:00Z,4633.805,4640.895,4632.82,4637.735,6373
2026-08-25T10:45:00Z,4637.75,4642.405,4637.055,4639.29,5775
2026-08-25T11:00:00Z,4639.295,4643.43,4636.48,4642.83,7671
2026-08-25T11:15:00Z,4642.84,4645.07,4639.035,4641.605,6958
2026-08-25T11:30:00Z,4641.565,4645.305,4640.385,4640.605,7322
2026-08-25T11:45:00Z,4640.6,4647.33,4640.6,4642.405,6984
2026-08-25T12:00:00Z,4642.6,4642.705,4634.955,4639.27,11366
2026-08-25T12:15:00Z,4639.285,4639.455,4632.085,4637.525,10231
2026-08-25T12:30:00Z,4637.53,4640.715,4630.25,4638.575,9598
2026-08-25T12:45:00Z,4638.69,4644.235,4637.325,4640.77,8184
2026-08-25T13:00:00Z,4640.76,4641.26,4622.955,4623.35,19724
2026-08-25T13:15:00Z,4623.335,4628.255,4608.99,4609.73,19718
2026-08-25T13:30:00Z,4609.615,4623.62,4609.295,4612.845,28252
2026-08-25T13:45:00Z,4612.91,4617.81,4605.29,4616.875,24383
2026-08-25T14:00:00Z,4616.88,4626.64,4613.575,4623.08,21856
2026-08-25T14:15:00Z,4623.075,4628.54,4618.505,4623.9,18754
2026-08-25T14:30:00Z,4623.89,4638.2,4613.23,4637.325,17891
2026-08-25T14:45:00Z,4637.29,4640.23,4632.6,4635.575,12683
2026-08-25T15:00:00Z,4635.72,4637.345,4630.575,4633.305,14285
2026-08-25T15:15:00Z,4633.29,4644.835,4629.495,4639.845,15393
2026-08-25T15:30:00Z,4639.825,4659.485,4639.815,4656.22,20791
2026-08-25T15:45:00Z,4656.225,4657.355,4648.975,4652.77,12653
2026-08-25T16:00:00Z,4652.965,4653.38,4642.875,4644.89,9309
2026-08-25T16:15:00Z,4644.87,4647.385,4638.025,4640.76,9954
2026-08-25T16:30:00Z,4640.75,4645.395,4637.155,4644.055,10485
2026-08-25T16:45:00Z,4644.08,4646.62,4640.47,4643.62,7494
2026-08-25T17:00:00Z,4643.625,4643.9,4634.305,4638.055,10313
2026-08-25T17:15:00Z,4638.06,4645.175,4634.5,4637.21,11197
2026-08-25T17:30:00Z,4637.215,4644.755,4636.43,4643.05,10515
2026-08-25T17:45:00Z,4643.045,4648.57,4642.815,4648.515,7990
2026-08-25T18:00:00Z,4648.52,4650.4,4644.45,4647.22,7428
2026-08-25T18:15:00Z,4647.225,4650.585,4646.375,4649.98,5186
2026-08-25T18:30:00Z,4650.005,4650.57,4645.96,4649.32,4235
2026-08-25T18:45:00Z,4649.33,4655.085,4649.275,4654.595,5092
2026-08-25T19:00:00Z,4654.635,4663.31,4653.405,4662.16,8025
2026-08-25T19:15:00Z,4662.225,4668.25,4660.045,4661.045,7174
2026-08-25T19:30:00Z,4660.99,4664.765,4657.92,4662.33,7557
2026-08-25T19:45:00Z,4662.235,4667.68,4660.495,4667.035,13291
2026-08-25T20:00:00Z,4667.0,4669.115,4663.02,4665.88,6220
2026-08-25T20:15:00Z,4665.865,4667.815,4662.075,4662.565,4022
2026-08-25T20:30:00Z,4662.55,4664.345,4660.325,4661.545,3737
2026-08-25T20:45:00Z,4661.575,4662.275,4657.75,4659.055,2629
2026-08-25T22:00:00Z,4661.445,4664.95,4660.155,4664.715,1366
2026-08-25T22:15:00Z,4664.76,4667.185,4664.57,4666.895,1936
2026-08-25T22:30:00Z,4666.945,4670.925,4666.81,4669.965,2426
2026-08-25T22:45:00Z,4669.95,4673.765,4669.795,4672.67,2499
2026-08-25T23:00:00Z,4672.605,4673.57,4667.15,4668.11,2783
2026-08-25T23:15:00Z,4668.05,4668.12,4660.06,4661.045,3524
2026-08-25T23:30:00Z,4661.06,4661.395,4655.65,4656.17,3382
2026-08-25T23:45:00Z,4656.165,4658.81,4653.31,4654.945,5179
2026-08-26T00:00:00Z,4654.955,4657.955,4650.84,4651.325,9445
2026-08-26T00:15:00Z,4651.32,4655.115,4642.905,4646.865,6665
2026-08-26T00:30:00Z,4646.965,4650.315,4636.26,4636.98,7555
2026-08-26T00:45:00Z,4636.945,4639.17,4634.505,4637.7,6992
2026-08-26T01:00:00Z,4637.705,4647.96,4629.615,4644.315,14278
2026-08-26T01:15:00Z,4644.32,4650.52,4643.415,4643.575,9679
2026-08-26T01:30:00Z,4643.57,4647.175,4639.065,4644.915,12587
2026-08-26T01:45:00Z,4644.885,4661.005,4643.035,4656.98,11672
2026-08-26T02:00:00Z,4656.95,4661.76,4654.9,4660.15,12108
2026-08-26T02:15:00Z,4660.19,4661.825,4656.135,4659.04,7121
2026-08-26T02:30:00Z,4658.82,4670.83,4657.695,4667.25,10871
2026-08-26T02:45:00Z,4667.01,4669.08,4657.945,4658.42,9577
2026-08-26T03:00:00Z,4658.415,4658.825,4647.27,4648.415,9119
2026-08-26T03:15:00Z,4648.41,4650.915,4646.095,4650.35,6167
2026-08-26T03:30:00Z,4650.3,4651.535,4645.445,4645.47,4664
2026-08-26T03:45:00Z,4645.535,4645.64,4642.76,4642.885,3671
2026-08-26T04:00:00Z,4642.875,4644.64,4641.845,4642.685,2863
2026-08-26T04:15:00Z,4642.775,4643.52,4641.305,4642.405,2876
2026-08-26T04:30:00Z,4642.41,4643.49,4639.995,4641.045,3215
2026-08-26T04:45:00Z,4641.02,4642.03,4638.99,4640.715,3676
2026-08-26T05:00:00Z,4640.765,4646.085,4640.235,4643.515,4486
2026-08-26T05:15:00Z,4643.495,4645.565,4641.6,4643.575,4263
2026-08-26T05:30:00Z,4643.55,4649.61,4638.145,4638.19,10054
2026-08-26T05:45:00Z,4638.205,4640.79,4635.7,4639.905,7598
2026-08-26T06:00:00Z,4639.875,4641.64,4636.22,4637.65,7062
2026-08-26T06:15:00Z,4637.725,4638.04,4624.71,4626.835,8690
2026-08-26T06:30:00Z,4626.955,4634.315,4625.81,4633.485,7718
2026-08-26T06:45:00Z,4633.47,4637.015,4630.67,4634.365,6040
2026-08-26T07:00:00Z,4634.375,4639.395,4633.18,4636.565,7488
2026-08-26T07:15:00Z,4636.555,4637.935,4630.875,4631.495,6261
2026-08-26T07:30:00Z,4631.465,4636.51,4629.08,4631.935,5024
2026-08-26T07:45:00Z,4631.92,4635.04,4626.675,4629.16,5887
2026-08-26T08:00:00Z,4629.08,4630.465,4625.795,4625.865,8403
2026-08-26T08:15:00Z,4625.855,4629.84,4622.36,4629.84,6603
2026-08-26T08:30:00Z,4629.85,4630.825,4625.165,4629.59,7893
2026-08-26T08:45:00Z,4629.575,4630.065,4626.245,4628.49,5340
2026-08-26T09:00:00Z,4628.6,4631.085,4624.075,4625.1,5756
2026-08-26T09:15:00Z,4625.175,4625.4,4616.415,4616.875,5660
2026-08-26T09:30:00Z,4616.88,4622.46,4616.81,4622.13,4929
2026-08-26T09:45:00Z,4622.125,4625.69,4622.015,4623.225,4372
2026-08-26T10:00:00Z,4623.22,4624.17,4617.735,4619.08,4898
2026-08-26T10:15:00Z,4619.06,4620.505,4613.225,4615.225,6331
2026-08-26T10:30:00Z,4615.28,4624.235,4614.675,4622.35,5521
2026-08-26T10:45:00Z,4622.325,4624.125,4618.875,4620.225,5228
2026-08-26T11:00:00Z,4620.245,4621.945,4616.66,4618.525,5659
2026-08-26T11:15:00Z,4618.535,4623.14,4616.51,4620.84,4706
2026-08-26T11:30:00Z,4620.86,4623.035,4617.36,4619.25,4536
2026-08-26T11:45:00Z,4619.24,4625.31,4617.01,4624.75,5030
2026-08-26T12:00:00Z,4624.735,4629.89,4623.705,4625.555,7728
2026-08-26T12:15:00Z,4625.615,4630.62,4624.595,4630.62,7107
2026-08-26T12:30:00Z,4630.645,4633.325,4612.46,4622.64,21001
2026-08-26T12:45:00Z,4622.595,4626.305,4610.97,4614.465,14940
2026-08-26T13:00:00Z,4614.52,4621.45,4608.425,4611.255,18524
2026-08-26T13:15:00Z,4611.365,4614.205,4598.1,4611.245,16885
2026-08-26T13:30:00Z,4611.265,4623.105,4610.27,4619.855,23896
2026-08-26T13:45:00Z,4619.86,4632.025,4618.405,4631.695,23324
2026-08-26T14:00:00Z,4631.72,4633.69,4619.42,4620.3,18694
2026-08-26T14:15:00Z,4620.295,4626.83,4616.385,4616.73,17083
2026-08-26T14:30:00Z,4616.6,4623.14,4612.825,4622.165,12413
2026-08-26T14:45:00Z,4622.16,4623.03,4602.975,4603.125,12127
2026-08-26T15:00:00Z,4603.15,4605.52,4588.125,4589.235,20651
2026-08-26T15:15:00Z,4589.16,4598.23,4583.065,4594.875,12731
2026-08-26T15:30:00Z,4594.93,4604.965,4594.565,4604.965,10153
2026-08-26T15:45:00Z,4604.97,4609.345,4596.115,4596.21,12366
2026-08-26T16:00:00Z,4596.24,4601.595,4590.585,4600.34,10567
2026-08-26T16:15:00Z,4600.365,4601.02,4594.165,4594.935,9573
2026-08-26T16:30:00Z,4595.005,4596.4,4585.615,4588.37,8594
2026-08-26T16:45:00Z,4588.375,4596.885,4588.245,4591.64,10730
2026-08-26T17:00:00Z,4591.685,4596.19,4590.84,4594.915,7103
2026-08-26T17:15:00Z,4594.9,4599.07,4593.62,4597.84,6705
2026-08-26T17:30:00Z,4597.93,4602.405,4595.85,4597.255,6215
2026-08-26T17:45:00Z,4597.285,4599.345,4594.285,4597.83,5649
2026-08-26T18:00:00Z,4597.815,4604.735,4596.71,4600.175,7506
2026-08-26T18:15:00Z,4600.19,4600.49,4592.91,4594.95,6806
2026-08-26T18:30:00Z,4594.845,4597.64,4592.645,4596.945,5785
2026-08-26T18:45:00Z,4596.965,4597.91,4593.445,4593.875,5757
2026-08-26T19:00:00Z,4593.93,4595.815,4591.23,4594.615,6479
2026-08-26T19:15:00Z,4594.62,4599.185,4591.48,4598.65,6176
2026-08-26T19:30:00Z,4598.715,4601.735,4594.54,4595.85,5165
2026-08-26T19:45:00Z,4595.895,4596.59,4592.475,4594.455,7756
2026-08-26T20:00:00Z,4594.46,4596.825,4591.705,4591.81,3991
2026-08-26T20:15:00Z,4591.825,4592.11,4584.19,4591.36,5931
2026-08-26T20:30:00Z,4591.37,4593.525,4590.385,4591.995,3511
2026-08-26T20:45:00Z,4591.975,4594.725,4591.435,4594.675,2922
2026-08-26T22:00:00Z,4603.39,4605.34,4601.955,4602.545,2581
2026-08-26T22:15:00Z,4602.56,4613.41,4602.405,4610.92,6528
2026-08-26T22:30:00Z,4610.95,4611.635,4608.715,4610.87,3132
2026-08-26T22:45:00Z,4610.86,4612.605,4606.975,4609.46,2946
2026-08-26T23:00:00Z,4609.5,4615.81,4607.01,4615.66,3554
2026-08-26T23:15:00Z,4615.585,4622.385,4614.55,4620.2,3101
2026-08-26T23:30:00Z,4620.175,4624.94,4618.315,4622.74,2274
2026-08-26T23:45:00Z,4622.67,4625.14,4620.88,4623.7,4928
2026-08-27T00:00:00Z,4623.865,4627.05,4616.37,4618.25,8582
2026-08-27T00:15:00Z,4618.29,4621.54,4613.325,4619.115,6370
2026-08-27T00:30:00Z,4618.88,4618.88,4605.3,4606.23,6103
2026-08-27T00:45:00Z,4606.23,4611.14,4600.735,4605.2,7871
2026-08-27T01:00:00Z,4605.25,4625.075,4602.46,4624.825,15741
2026-08-27T01:15:00Z,4624.835,4625.22,4616.93,4618.455,9658
2026-08-27T01:30:00Z,4618.45,4631.38,4617.79,4624.12,11145
2026-08-27T01:45:00Z,4624.095,4640.91,4623.86,4640.015,9412
2026-08-27T02:00:00Z,4640.03,4643.21,4638.32,4640.585,6654
2026-08-27T02:15:00Z,4640.645,4640.765,4632.905,4633.185,4893
2026-08-27T02:30:00Z,4633.07,4633.83,4623.675,4627.36,9370
2026-08-27T02:45:00Z,4627.43,4631.545,4624.4,4629.8,6068
2026-08-27T03:00:00Z,4629.85,4635.245,4628.44,4634.38,7351
2026-08-27T03:15:00Z,4634.395,4638.77,4632.985,4635.525,5316
2026-08-27T03:30:00Z,4635.515,4635.785,4628.89,4629.365,4201
2026-08-27T03:45:00Z,4629.375,4629.78,4624.48,4625.63,3355
2026-08-27T04:00:00Z,4625.68,4627.4,4624.54,4625.525,4034
2026-08-27T04:15:00Z,4625.535,4627.055,4620.645,4620.66,3431
2026-08-27T04:30:00Z,4620.75,4620.985,4617.28,4619.33,4321
2026-08-27T04:45:00Z,4619.31,4620.88,4617.775,4618.945,4563
2026-08-27T05:00:00Z,4618.985,4621.585,4616.36,4620.15,4029
2026-08-27T05:15:00Z,4620.1,4621.75,4617.065,4617.235,4142
2026-08-27T05:30:00Z,4617.165,4619.95,4604.955,4605.46,11106
2026-08-27T05:45:00Z,4605.445,4609.86,4600.935,4607.24,8157
2026-08-27T06:00:00Z,4607.23,4607.775,4599.795,4606.19,9622
2026-08-27T06:15:00Z,4606.195,4610.62,4604.07,4610.485,7482
2026-08-27T06:30:00Z,4610.475,4612.0,4604.825,4607.64,8187
2026-08-27T06:45:00Z,4607.635,4609.76,4597.915,4600.32,10903
2026-08-27T07:00:00Z,4600.265,4605.955,4598.57,4603.95,8779
2026-08-27T07:15:00Z,4603.975,4603.975,4593.705,4599.48,7770
2026-08-27T07:30:00Z,4599.49,4601.515,4595.11,4597.88,7319
2026-08-27T07:45:00Z,4597.92,4602.705,4595.78,4600.39,6606
2026-08-27T08:00:00Z,4600.385,4606.96,4599.855,4603.41,6835
2026-08-27T08:15:00Z,4603.415,4606.295,4600.18,4601.075,4690
2026-08-27T08:30:00Z,4601.085,4601.975,4594.765,4596.2,5807
2026-08-27T08:45:00Z,4596.19,4602.39,4595.815,4599.105,5885
2026-08-27T09:00:00Z,4599.105,4600.9,4593.8,4596.23,7007
2026-08-27T09:15:00Z,4596.22,4599.445,4593.81,4597.875,7214
2026-08-27T09:30:00Z,4597.87,4599.36,4577.975,4582.575,9493
2026-08-27T09:45:00Z,4582.585,4586.06,4579.175,4580.505,7414
2026-08-27T10:00:00Z,4580.53,4582.115,4569.29,4581.69,9371
2026-08-27T10:15:00Z,4581.68,4583.76,4577.7,4580.5,6205
2026-08-27T10:30:00Z,4580.455,4586.185,4576.23,4585.725,8294
2026-08-27T10:45:00Z,4585.76,4590.585,4585.66,4590.14,6927
2026-08-27T11:00:00Z,4590.12,4592.645,4587.32,4592.59,6075
2026-08-27T11:15:00Z,4592.595,4596.99,4591.15,4594.565,5259
2026-08-27T11:30:00Z,4594.645,4599.785,4593.905,4597.67,8345
2026-08-27T11:45:00Z,4597.655,4600.39,4594.555,4598.34,6399
2026-08-27T12:00:00Z,4598.385,4601.225,4592.68,4592.85,7493
2026-08-27T12:15:00Z,4592.86,4600.785,4591.8,4595.475,8468
2026-08-27T12:30:00Z,4595.495,4596.775,4587.17,4587.6,6482
2026-08-27T12:45:00Z,4587.645,4588.15,4580.54,4585.925,9645
2026-08-27T13:00:00Z,4585.985,4591.06,4579.83,4585.475,16009
2026-08-27T13:15:00Z,4585.465,4593.475,4583.11,4590.195,14279
2026-08-27T13:30:00Z,4590.155,4593.1,4572.29,4578.82,25386
2026-08-27T13:45:00Z,4578.785,4582.94,4564.27,4572.515,23573
2026-08-27T14:00:00Z,4572.595,4579.425,4568.485,4573.88,22088
2026-08-27T14:15:00Z,4573.885,4584.265,4573.71,4581.455,17900
2026-08-27T14:30:00Z,4581.445,4597.53,4581.26,4595.285,13711
2026-08-27T14:45:00Z,4595.28,4598.185,4588.12,4591.39,16408
2026-08-27T15:00:00Z,4591.32,4595.585,4591.22,4592.575,13618
2026-08-27T15:15:00Z,4592.565,4598.14,4588.94,4593.045,12352
2026-08-27T15:30:00Z,4593.05,4605.84,4592.19,4601.205,13565
2026-08-27T15:45:00Z,4601.2,4611.305,4600.2,4610.505,13477
2026-08-27T16:00:00Z,4610.535,4613.015,4604.47,4604.48,12650
2026-08-27T16:15:00Z,4604.54,4608.63,4602.525,4607.62,9819
2026-08-27T16:30:00Z,4607.635,4612.865,4606.025,4611.55,11132
2026-08-27T16:45:00Z,4611.54,4616.695,4610.185,4615.0,10618
2026-08-27T17:00:00Z,4615.12,4616.55,4608.65,4610.31,10792
2026-08-27T17:15:00Z,4610.285,4612.115,4608.35,4610.39,9302
2026-08-27T17:30:00Z,4610.38,4614.48,4608.425,4611.05,9195
2026-08-27T17:45:00Z,4611.015,4611.77,4605.21,4606.54,12638
2026-08-27T18:00:00Z,4606.645,4608.025,4602.175,4605.56,13820
2026-08-27T18:15:00Z,4605.48,4607.975,4601.48,4601.675,10410
2026-08-27T18:30:00Z,4601.57,4605.185,4600.97,4604.64,7081
2026-08-27T18:45:00Z,4604.645,4611.22,4604.34,4610.345,7281
2026-08-27T19:00:00Z,4610.39,4618.02,4610.39,4615.59,9109
2026-08-27T19:15:00Z,4615.605,4616.11,4604.215,4605.87,7250
2026-08-27T19:30:00Z,4605.84,4610.3,4604.855,4609.92,8187
2026-08-27T19:45:00Z,4609.935,4612.92,4605.295,4609.505,10453
2026-08-27T20:00:00Z,4609.38,4609.78,4603.755,4604.935,3617
2026-08-27T20:15:00Z,4604.93,4605.56,4602.805,4603.86,1769
2026-08-27T20:30:00Z,4603.865,4604.55,4602.1,4603.91,1859
2026-08-27T20:45:00Z,4603.905,4604.89,4600.115,4601.885,2934
2026-08-27T22:00:00Z,4601.95,4605.44,4601.02,4604.855,1445
2026-08-27T22:15:00Z,4604.85,4608.46,4604.48,4607.635,2374
2026-08-27T22:30:00Z,4607.64,4610.155,4606.765,4607.9,2017
2026-08-27T22:45:00Z,4607.905,4610.78,4606.735,4610.705,1781
2026-08-27T23:00:00Z,4610.695,4611.46,4602.975,4603.05,2284
2026-08-27T23:15:00Z,4603.03,4603.91,4600.125,4601.08,1981
2026-08-27T23:30:00Z,4601.1,4602.565,4598.645,4599.75,2499
2026-08-27T23:45:00Z,4599.77,4599.885,4594.335,4594.59,3887
2026-08-28T00:00:00Z,4594.54,4602.66,4593.32,4600.685,7314
2026-08-28T00:15:00Z,4600.68,4600.88,4590.68,4593.92,6378
2026-08-28T00:30:00Z,4593.97,4594.3,4587.945,4591.2,6336
2026-08-28T00:45:00Z,4591.185,4591.32,4585.845,4588.875,6748
2026-08-28T01:00:00Z,4588.92,4602.32,4586.485,4594.125,13021
2026-08-28T01:15:00Z,4594.195,4598.135,4583.975,4585.97,13169
2026-08-28T01:30:00Z,4586.0,4589.265,4578.42,4582.26,13802
2026-08-28T01:45:00Z,4582.28,4583.395,4575.505,4575.985,9845
2026-08-28T02:00:00Z,4576.015,4582.885,4575.055,4581.615,8703
2026-08-28T02:15:00Z,4581.59,4585.05,4578.845,4583.645,4490
2026-08-28T02:30:00Z,4583.64,4589.84,4583.265,4585.21,5787
2026-08-28T02:45:00Z,4585.28,4587.48,4582.46,4586.545,5522
2026-08-28T03:00:00Z,4586.555,4588.52,4582.775,4584.275,5591
2026-08-28T03:15:00Z,4584.28,4590.22,4584.28,4588.08,5767
2026-08-28T03:30:00Z,4588.12,4588.38,4581.2,4582.135,3895
2026-08-28T03:45:00Z,4582.17,4582.325,4578.75,4580.005,3001
2026-08-28T04:00:00Z,4580.0,4580.585,4578.05,4579.585,3304
2026-08-28T04:15:00Z,4579.535,4585.52,4578.89,4584.85,2972
2026-08-28T04:30:00Z,4584.855,4584.855,4578.26,4580.005,3428
2026-08-28T04:45:00Z,4580.01,4585.39,4578.415,4584.465,2814
2026-08-28T05:00:00Z,4584.495,4585.425,4578.495,4580.04,4142
2026-08-28T05:15:00Z,4580.035,4586.405,4579.19,4584.21,3110
2026-08-28T05:30:00Z,4584.17,4584.21,4571.86,4572.825,10076
2026-08-28T05:45:00Z,4572.875,4577.605,4571.66,4573.555,6007
2026-08-28T06:00:00Z,4573.57,4583.645,4572.62,4581.975,7013
2026-08-28T06:15:00Z,4582.005,4585.755,4580.735,4585.195,5689
2026-08-28T06:30:00Z,4585.19,4588.7,4582.96,4588.475,7625
2026-08-28T06:45:00Z,4588.53,4613.22,4588.345,4612.605,15336
2026-08-28T07:00:00Z,4612.55,4613.435,4596.77,4600.88,11542
2026-08-28T07:15:00Z,4600.89,4610.24,4599.4,4607.545,8817
2026-08-28T07:30:00Z,4607.55,4614.375,4607.17,4609.185,7973
2026-08-28T07:45:00Z,4609.2,4613.535,4607.445,4611.835,6917
2026-08-28T08:00:00Z,4611.75,4614.59,4609.96,4611.805,7039
2026-08-28T08:15:00Z,4611.81,4612.405,4608.015,4609.155,5638
2026-08-28T08:30:00Z,4609.145,4611.525,4603.265,4603.56,6914
2026-08-28T08:45:00Z,4603.475,4606.235,4601.065,4602.88,6543
2026-08-28T09:00:00Z,4602.84,4604.445,4600.865,4601.74,7275
2026-08-28T09:15:00Z,4601.745,4604.18,4600.38,4601.795,6376
2026-08-28T09:30:00Z,4601.77,4605.085,4601.0,4604.1,7018
2026-08-28T09:45:00Z,4604.125,4607.425,4603.05,4605.205,4145
2026-08-28T10:00:00Z,4605.29,4609.075,4603.44,4608.69,4231
2026-08-28T10:15:00Z,4608.725,4609.96,4601.96,4605.45,4367
2026-08-28T10:30:00Z,4605.49,4608.07,4601.975,4603.005,3998
2026-08-28T10:45:00Z,4602.93,4603.425,4597.64,4600.295,4694
2026-08-28T11:00:00Z,4600.31,4601.455,4595.085,4598.895,6396
2026-08-28T11:15:00Z,4598.89,4601.38,4597.725,4598.985,4516
2026-08-28T11:30:00Z,4598.95,4600.975,4591.44,4594.81,6001
2026-08-28T11:45:00Z,4594.845,4596.175,4591.68,4593.565,5712
2026-08-28T12:00:00Z,4593.585,4597.205,4590.955,4594.53,10230
2026-08-28T12:15:00Z,4594.545,4603.775,4592.515,4601.465,8128
2026-08-28T12:30:00Z,4601.43,4602.245,4589.13,4591.99,12697
2026-08-28T12:45:00Z,4592.02,4602.85,4590.345,4601.74,11168
2026-08-28T13:00:00Z,4601.82,4605.48,4596.26,4599.06,14580
2026-08-28T13:15:00Z,4599.155,4604.515,4593.845,4604.005,14465
2026-08-28T13:30:00Z,4604.0,4607.955,4598.95,4604.825,20938
2026-08-28T13:45:00Z,4604.815,4627.4,4604.815,4605.63,19482
2026-08-28T14:00:00Z,4605.48,4631.98,4543.8,4546.175,55258
2026-08-28T14:15:00Z,4546.21,4568.62,4530.02,4552.215,46083
2026-08-28T14:30:00Z,4552.23,4577.175,4551.97,4561.215,36853
2026-08-28T14:45:00Z,4561.11,4580.83,4550.64,4576.765,35719
2026-08-28T15:00:00Z,4576.76,4582.9,4556.965,4559.25,33581
2026-08-28T15:15:00Z,4559.225,4569.415,4551.55,4566.885,27161
2026-08-28T15:30:00Z,4566.795,4567.665,4534.365,4539.37,29675
2026-08-28T15:45:00Z,4539.365,4546.125,4524.125,4524.61,34287
2026-08-28T16:00:00Z,4524.595,4529.625,4497.47,4497.995,37781
2026-08-28T16:15:00Z,4497.95,4503.8,4464.415,4481.285,42016
2026-08-28T16:30:00Z,4481.28,4487.685,4466.13,4469.32,34220
2026-08-28T16:45:00Z,4469.315,4485.115,4469.3,4479.545,24478
2026-08-28T17:00:00Z,4479.53,4482.985,4471.335,4480.84,24130
2026-08-28T17:15:00Z,4480.845,4486.84,4475.085,4478.125,21045
2026-08-28T17:30:00Z,4478.17,4481.825,4460.63,4467.43,18628
2026-08-28T17:45:00Z,4467.44,4475.93,4466.575,4469.43,17560
2026-08-28T18:00:00Z,4469.435,4471.7,4459.685,4461.395,19316
2026-08-28T18:15:00Z,4461.44,4463.56,4452.605,4456.245,18687
2026-08-28T18:30:00Z,4456.21,4458.755,4445.455,4451.335,16429
2026-08-28T18:45:00Z,4451.345,4458.405,4448.485,4456.95,15704
2026-08-28T19:00:00Z,4456.985,4462.885,4453.085,4457.19,16102
2026-08-28T19:15:00Z,4457.155,4463.69,4455.295,4462.155,10203
2026-08-28T19:30:00Z,4462.165,4467.185,4461.045,4465.12,8510
2026-08-28T19:45:00Z,4465.15,4465.15,4453.035,4458.545,12713
2026-08-28T20:00:00Z,4458.535,4462.755,4455.46,4457.9,5798
2026-08-28T20:15:00Z,4457.92,4460.69,4453.88,4458.175,2290
2026-08-28T20:30:00Z,4458.265,4458.45,4453.91,4457.195,3175
2026-08-28T20:45:00Z,4457.185,4460.12,4453.135,4454.99,4893
2026-08-30T22:00:00Z,4445.72,4459.72,4445.545,4458.945,3935
2026-08-30T22:15:00Z,4458.95,4466.18,4455.905,4459.735,5101
2026-08-30T22:30:00Z,4459.815,4462.57,4452.925,4457.9,3571
2026-08-30T22:45:00Z,4457.865,4462.52,4456.995,4461.43,2406
2026-08-30T23:00:00Z,4461.425,4466.95,4459.675,4460.575,4325
2026-08-30T23:15:00Z,4460.625,4465.19,4455.255,4457.71,3881
2026-08-30T23:30:00Z,4457.69,4458.075,4446.645,4447.625,5760
2026-08-30T23:45:00Z,4447.665,4460.62,4435.825,4458.495,11820
2026-08-31T00:00:00Z,4458.51,4463.57,4453.325,4462.13,13111
2026-08-31T00:15:00Z,4462.08,4465.265,4452.425,4456.905,8597
2026-08-31T00:30:00Z,4456.895,4472.165,4456.855,4465.405,7761
2026-08-31T00:45:00Z,4465.365,4469.07,4456.23,4456.305,8151
2026-08-31T01:00:00Z,4456.31,4463.295,4435.96,4443.735,24638
2026-08-31T01:15:00Z,4443.705,4454.615,4442.23,4443.925,16855
2026-08-31T01:30:00Z,4443.91,4453.935,4436.575,4450.96,16907
2026-08-31T01:45:00Z,4450.97,4452.775,4436.245,4440.26,14327
2026-08-31T02:00:00Z,4440.265,4441.505,4418.215,4424.46,17709
2026-08-31T02:15:00Z,4424.46,4428.18,4418.79,4422.995,11679
2026-08-31T02:30:00Z,4423.03,4426.505,4402.025,4403.305,17773
2026-08-31T02:45:00Z,4403.315,4422.99,4396.525,4422.985,10956
2026-08-31T03:00:00Z,4422.91,4428.23,4421.82,4428.175,7870
2026-08-31T03:15:00Z,4428.21,4434.05,4426.42,4427.835,7826
2026-08-31T03:30:00Z,4427.8,4427.8,4419.955,4422.97,5416
2026-08-31T03:45:00Z,4422.95,4427.1,4421.66,4422.695,3772
2026-08-31T04:00:00Z,4422.82,4423.08,4417.08,4421.255,4333
2026-08-31T04:15:00Z,4421.22,4421.59,4415.895,4415.95,4550
2026-08-31T04:30:00Z,4415.945,4421.955,4413.0,4420.28,4732
2026-08-31T04:45:00Z,4420.29,4425.06,4418.75,4424.635,4425
2026-08-31T05:00:00Z,4424.615,4426.995,4419.37,4422.735,5868
2026-08-31T05:15:00Z,4422.76,4440.895,4422.045,4440.41,6476
2026-08-31T05:30:00Z,4440.4,4442.3,4430.695,4437.77,10689
2026-08-31T05:45:00Z,4437.805,4443.98,4434.21,4443.07,9036
2026-08-31T06:00:00Z,4443.015,4443.265,4429.35,4432.295,8386
2026-08-31T06:15:00Z,4432.195,4439.065,4431.37,4435.96,8073
2026-08-31T06:30:00Z,4435.93,4441.21,4431.445,4439.635,7656
2026-08-31T06:45:00Z,4439.67,4442.64,4436.68,4439.47,6845
2026-08-31T07:00:00Z,4439.44,4441.91,4435.735,4436.205,6835
2026-08-31T07:15:00Z,4436.155,4448.32,4435.23,4444.02,6627
2026-08-31T07:30:00Z,4444.03,4447.225,4441.27,4446.625,6251
2026-08-31T07:45:00Z,4446.615,4447.785,4440.935,4443.25,4782
2026-08-31T08:00:00Z,4443.275,4449.53,4437.045,4438.775,7054
2026-08-31T08:15:00Z,4438.765,4441.465,4436.08,4440.14,7168
2026-08-31T08:30:00Z,4440.165,4440.275,4434.44,4435.445,6921
2026-08-31T08:45:00Z,4435.435,4437.01,4433.815,4435.645,4672
2026-08-31T09:00:00Z,4435.69,4443.0,4435.605,4442.915,4905
2026-08-31T09:15:00Z,4442.975,4444.26,4437.955,4439.23,4570
2026-08-31T09:30:00Z,4439.22,4444.745,4439.085,4443.015,3833
2026-08-31T09:45:00Z,4443.02,4445.54,4440.895,4445.38,3817
2026-08-31T10:00:00Z,4445.41,4453.73,4444.88,4451.605,7119
2026-08-31T10:15:00Z,4451.6,4452.16,4446.425,4448.425,6114
2026-08-31T10:30:00Z,4448.405,4451.635,4447.575,4450.94,5592
2026-08-31T10:45:00Z,4450.9,4455.615,4449.38,4453.93,5341
2026-08-31T11:00:00Z,4453.91,4457.605,4453.235,4453.73,5372
2026-08-31T11:15:00Z,4453.735,4464.23,4452.655,4463.365,5193
2026-08-31T11:30:00Z,4463.36,4464.09,4453.585,4454.765,7890
2026-08-31T11:45:00Z,4454.865,4456.35,4452.65,4455.46,6233
2026-08-31T12:00:00Z,4455.425,4460.935,4450.815,4457.305,7349
2026-08-31T12:15:00Z,4457.415,4458.775,4447.335,4447.705,11032
2026-08-31T12:30:00Z,4447.59,4449.99,4439.06,4440.535,10314
2026-08-31T12:45:00Z,4440.53,4441.7,4435.44,4435.8,7313
2026-08-31T13:00:00Z,4435.81,4446.765,4433.895,4446.06,12814
2026-08-31T13:15:00Z,4446.025,4448.255,4439.27,4446.025,9131
2026-08-31T13:30:00Z,4446.105,4447.44,4432.19,4433.865,23912
2026-08-31T13:45:00Z,4433.87,4433.87,4415.75,4418.7,17390
2026-08-31T14:00:00Z,4418.69,4428.03,4416.27,4427.6,20550
2026-08-31T14:15:00Z,4427.56,4431.29,4416.555,4420.34,22355
2026-08-31T14:30:00Z,4420.305,4436.96,4419.395,4432.935,19722
2026-08-31T14:45:00Z,4432.92,4436.295,4426.235,4431.815,17851
2026-08-31T15:00:00Z,4431.795,4437.765,4428.41,4435.405,15552
2026-08-31T15:15:00Z,4435.42,4438.005,4429.175,4432.945,13251
2026-08-31T15:30:00Z,4432.885,4434.505,4426.425,4427.41,13536
2026-08-31T15:45:00Z,4427.465,4433.725,4424.735,4426.435,13456
2026-08-31T16:00:00Z,4426.48,4437.47,4423.94,4434.835,12509
2026-08-31T16:15:00Z,4434.83,4438.73,4433.45,4438.445,9456
2026-08-31T16:30:00Z,4438.41,4440.4,4431.5,4435.85,8954
2026-08-31T16:45:00Z,4435.83,4437.705,4432.28,4433.365,7179
2026-08-31T17:00:00Z,4433.36,4435.405,4430.885,4433.745,6014
2026-08-31T17:15:00Z,4433.74,4437.28,4428.85,4430.67,7534
2026-08-31T17:30:00Z,4430.455,4436.955,4429.825,4436.68,7196
2026-08-31T17:45:00Z,4436.39,4440.15,4435.79,4436.64,5831
2026-08-31T18:00:00Z,4436.645,4436.88,4430.565,4433.925,7632
2026-08-31T18:15:00Z,4433.855,4434.695,4429.695,4429.83,6644
2026-08-31T18:30:00Z,4429.84,4430.36,4426.3,4429.425,6927
2026-08-31T18:45:00Z,4429.455,4434.8,4429.21,4431.065,4525
2026-08-31T19:00:00Z,4431.06,4435.475,4429.2,4433.825,6300
2026-08-31T19:15:00Z,4433.795,4442.485,4433.055,4440.54,6846
2026-08-31T19:30:00Z,4440.505,4445.44,4439.145,4443.07,6380
2026-08-31T19:45:00Z,4443.02,4453.76,4441.575,4453.42,13163
2026-08-31T20:00:00Z,4453.415,4455.925,4449.79,4450.075,7164
2026-08-31T20:15:00Z,4450.065,4450.4,4446.965,4447.415,2768
2026-08-31T20:30:00Z,4447.305,4449.335,4446.845,4448.255,1984
2026-08-31T20:45:00Z,4448.22,4449.24,4446.62,4449.24,2897
2026-08-31T22:00:00Z,4454.255,4455.88,4451.845,4451.935,2172
2026-08-31T22:15:00Z,4451.93,4452.295,4447.93,4449.935,1458
2026-08-31T22:30:00Z,4449.905,4451.34,4447.345,4447.88,1599
2026-08-31T22:45:00Z,4447.93,4448.335,4445.65,4447.125,1318
2026-08-31T23:00:00Z,4447.165,4447.335,4443.92,4444.145,1847
2026-08-31T23:15:00Z,4444.155,4444.435,4441.85,4443.42,1495
2026-08-31T23:30:00Z,4443.41,4448.08,4443.26,4445.74,1620
2026-08-31T23:45:00Z,4445.72,4452.545,4445.625,4452.35,3691
2026-09-01T00:00:00Z,4452.395,4458.09,4446.48,4455.275,12842
2026-09-01T00:15:00Z,4455.28,4461.7,4452.775,4460.345,6665
2026-09-01T00:30:00Z,4460.45,4461.255,4452.175,4453.405,5657
2026-09-01T00:45:00Z,4453.375,4461.57,4451.025,4453.745,7784
2026-09-01T01:00:00Z,4453.81,4457.015,4445.61,4446.575,17581
2026-09-01T01:15:00Z,4446.595,4447.9,4438.03,4439.86,9466
2026-09-01T01:30:00Z,4439.845,4445.885,4436.505,4445.805,9217
2026-09-01T01:45:00Z,4445.77,4446.775,4439.55,4444.525,9184
2026-09-01T02:00:00Z,4444.51,4449.395,4442.01,4445.075,9508
2026-09-01T02:15:00Z,4445.045,4448.5,4440.335,4440.785,5148
